tidak_baku,kata_baku
slang,normal
aktip,aktif
aktifitas,aktivitas
Apotik,Apotek
apotik,Apotek
analisa,analisis
azas,asas
Azas,asas
atlit,Atlet
Atlit,Atlet
Antri,antre 
antri,antre 
Atmosfir,Atmosfer
atmosfir,Atmosfer
Erobik,Aerobic
erobik,Aerobic
ahir,akhir
Ahir,akhir
antar-instansi,antarinstansi
Antar-instansi,antarinstansi
Baud,Baut
baud,Baut
Bis,Bus
bis,Bus
Berfikir,berpikir 
berfikir,berpikir 
Cabe,Cabai
cabe,Cabai
Cinderamata,Cenderamata
cinderamata,Cenderamata
Difinisi,definisi
difinisi,definisi
Disel,Diesel
disel,disel
Dipersilahkan,dipersilakan
dipersilahkan,dipersilakan
Dipindah,dipindahkan
dipindah,dipindahkan
Dollar,Dolar
dollar,Dolar
Daptar,Daftar
daptar,Daftar
Difinisi,Definisi
difinisi,Definisi
Depo,Depot
depo,Depot
Detil,detail
detil,detail
Diagnosa,Diagnosis
diagnosa,diagnosis 
Differensial,diferensial
differensial,diferensial
Dipersilahkan,dipersilakan
dipersilahkan,dipersilakan
Disyahkan,disahkan
disyahkan,disahkan
Eksport,Ekspor
eksport,ekspor
Ekstrim,ekstrem
ekstrim,ekstrem
Ekwivalen,ekuivalen
ekwivalen,ekuivalen
Hembus,embus
hembus,embus
esei,esai
Pebruari,Februari
pebruari,Februari
Phiologi,Fiologi 
phiologi,Fiologi 
Filem,Film
filem,Film
Phisik,fisik
phisik,fisik
Photo,Foto
Photo,Foto
frekwensi,Frekuensi
Frekwensi,Frekuensi
Hapal,hafal
hapal,hafal
Hakekat,Hakikat
hakekat,Hakikat
Hirarki,Hierarki
Hipotesa,Hipotesis
Ijasah,Ijazah
Ihlas,Ikhlas
Himbau,Imbau
Ilmiawan,Ilmuwan
Import,Impor
Insyaf,Insaf
Hisap,Isap
Isteri,Istri
Ijin,Izin
Jadual,Jadwal
Jenasah,Jenazah
Jendral,Jenderal
Kaedah,Kaidah
Karir,Karier
Khutbah,Khotbah
Komplek,Kompleks
Kondite,Konduite
konperensi,Konferesi
Konkrit,Konkret
Konsepsionil,Konsepsional
Koordinir,Koordinasi
Kwalitas,Kualitas
Kwantitas,Kuantitas
Kwitansi,Kuitansi
Lobang,Lubang
Managemen,Manajemen
Manager,Manajer
Memproklamirkan,Memproklamasikan
Menyolok,Mencolok
Mendifinisikan,Mendefinisikan
Menterapkan,Menerapkan
Menterjemahkan,Menerjemahkan
Melola,Mengelola
Mengenyampingkan,Mengesampingkan
Mengeritik,Mengkritik
Mengobah,Mengubah
merubah,Mengubah
Mensukseskan,Menyukseskan
Musti,Mesti
Metoda,Metode
Motip,Motif
Motifasi,Motivasi
nara sumber,Narasumber
Nasehat,Nasihat
Nopember,November
obyek,Objek 
obyektif,Objektif 
On,Ons
Perletakan,Peletakan
Penasehat,Penasihat
Prosentase,Persentase
Pertanggung-jawab,Pertanggungjawaban
Problimatik,Problematic
Produktifitas,Produktivitas
Psikotest,Psikotes
Rejeki,Rezeki
Resiko,Risiko
Rubuh,Roboh
Seksama,Saksama
Sekertaris,Sekretaris
Mumpung,Selagi
Silahkan,Silakan
Sintesa,Sintesis
Sistimatis,Sistematis
Sistim,Sistem
Spesis,Spesies
Spiritual,Spiritual
Standarisasi,Standardisasi
Setasiun,Stasiun
Subyek,Subjek
Subyektip,Subjektif
Survai,Survei
Sutra,Sutera
Sukur,Syukur
Tapsiran,Tafsiran
Tarip,Tarif
Tehnik,Teknik
Terlanjur,Telanjur
Terlantar,Telantar
Terlentang,Telentang
Tilpun,Telepon
Teoritis,Teoretis
Trampil,Terampil
Team,Tim
Tradisionil,Tradisional
Trotoir,Trotoar
Hutang,Utang
Varitas,Varietas
Wasallam,Wasalam
Ujud,Wujud
Jaman,Zaman
Zone,Zona
w,saya
Akyu,saya
Akuwh,saya
Akku,saya
aku,saya
Nax,Anak
Anx,Anak
Naq,Anak
Naggh,Anak
Pa,Apa
Ppa,Apa
Ja,Aja
Ajj,Aja
Lom,Belum
Lum,Belum
Leh,Boleh
Ru,Baru
Wat,Buat
Wad,Buat
Bangedh,Banget
Beud,Banget
Beut,Banget
Bokebb,porno
Cw,Cewek
Cwekz,Cewek
Cwok,Cowok
Cwokz,Cowok
Cuekin,Cuxin
Ckep,Cakep
Ckepp,Cakep
Ckeb,Cakep
C8,Chat
W,saya
Gw,saya
Q,saya
aku,saya
Yupz,Ya
Iy,Ya
Lupz,Ya
Imoeth,Imut
Imoetz,Imut
Mutz,Imut
Inich,Ini
Iniyh,Ini
Nc,Ini
kakagg,Kakak
Kamuh,Kamu
Kamyu,Kamu
Qmu,Kamu
Kamuwh,Kamu
Kammooh,Kamu
qamue,Kamu
Khuzuz,Khusus
Klianz,Kalian
Nal,Kenal
Soalnya,Karena
Coz,Karena
Cz,Karena
Kaluw,Karena
Klw,Karena
Low,Karena
Krenz,Keren
Krent,Keren
Krang,Kurang
Kangedh,Kangen
Kangeunnd,Kangen
Love,Cinta
Luph,Cinta
Luff,Cinta
Loupz,Cinta
Louph,Cinta
Loch,Loh
Lochkz,Loh
Lochx,Loh
Ghiy,Lagi
Ghiey,Lagi
Gi,Lagi
Luthu,Lucu
Uchul,Lucu
Luchuw,Lucu
Lupz,Lupa
Lo,Kamu
Lw,Kamu
lg,Sedang
lgi,Sedang
Gi,Sedang
Nich,Nih
Muuph,Maaf
Muphs,Maaf
Maav,Maaf
Maen,Main
Mumz,Makan
Mamz,Makan
Mums,Makan
Suk ,Masuk
Mzuk,Masuk
Mzug,Masuk
Mzugg,Masuk
Hufft,Mengeluh
Maniezt,Manis
Manies,Manis
Ngak,Tidak
Ga,Tidak
g,Tidak
Niech,Nih
Photo,Foto
Paling,Sangat
P'ling,Sangat
Punya,Milik
Pny,Milik
Pzt,Pasti
Humz,Rumah
Hozz,Rumah
T4,Tempat
Telp,Telepon
Yukz,Yuk
Yuqz,Yuk
Yg,Yang
adlah,adalah
yg,yang
gmana,bagaimana
y,ya
pdhal,padahal
gk,tidak
sdh,sudah
tapi,tetapi
klo,kalau
aq,saya
sy,saya
stiap,setiap
trnsksi,transaksi
ad,ada
bts,batas
pmblian,pembelian
prmo,promo
prmonya,promonya
trs,terus
dlm,dalam
brp,berapa
tq,terima kasih
knp,kenapa
gk,tidak
thanks,terima kasih
gbs,tidak bisa
tapi,tetapi
gitu,begitu
ajah,saja
hrga,harga
sdh,sudah
brp,berapa
kalo,kalau
gak,tidak
gimana,bagaimana
trs,terus
dpet,dapat
ngeliat,melihat
terimakasih,terima kasih
ak,saya
udah,sudah
sy,saya
utk,untuk
trims,terima kasih
mhn,mohon
htl,hotel
bsm,bersama
brkt,berangkat
tgl,tanggal
nan,dan
jd,jadi
sya,saya
tks,terima kasih
ketjup,kecup
smbl,sambil
blm,belum
tsb,tersebut
dg,dengan
ny,nya
diaa,dia
n,dan
nulisssss,menulis
nulis,menulis
kayak,seperti
trus,terus
curi2,Curi-curi
dpt,dapat
teteup,tetap 
plg,paling
dg,dengan
prlu,perlu
bbrp,beberapa
diprhatikan,diperhatikan
ktmu,ketemu
gk,tidak
tempat2,tempat tempat
byk,banyak
drtadi,dari tadi
bagi2,bagi bagi
uda ,sudah
mensyen,mention
brbeda,berbeda
pny,punya
cr,cari
trus,terus
pake,pakai
agr,agar
pmbca,pembaca
trsbt,tersebut
tmpt,tempat 
hrg,harga
prjlanan,perjalanan
lbh,lebih
lgi,lagi
skrng,sekarang
wkt,waktu
hr,hari
org,orang
dg,dengan
td,tadi
sbg,sebagai
msh,masih
trgantung,tergantung
tuket,tiket
mnjadi,menjadi
bwh,bawah
hrs,harus
bgaimana,bagaimana
prjalanan,perjalanan
stelah,setelah
mlelahkan,melelahkan
mngembalikan,mengembalikan
kebnyakan,kebanyakan
dri,dari   
ngirimin,mengirim
enggak,tidak
kecee,kece
itung,hitung
bener,benar
nyumbang,menyumbang
nguntungin,menguntungkan
byr,bayar
nginep,menginap
orgorg,Orang-orang
mnjadi,menjadi
bberapa,beberapa
bln,bulan
uda,sudah
bsa,bisa
mnghsilkan,menghasilkan
jawan,jawab
jawaaab,jawab
bkn,bukan
dg,dengan
apapn,apapun
skedar,sekedar
mncari,mencari
klu,kalau
bs,bisa
bisaaa,bisa
bangeet,banget
gmn,bagaimana
pmbaca,pembaca
prhatikan,perhatikan
komen2,komentar
aja,saja
udah,sudah
engagememt,engagement
jgn,jangan
sblum,sebelum
lbih,lebih
nulis,menulis
mw,mau
ngalir,mengalir
sprti,seperti
hrus,harus
tau,tahu
sprti,seperti
dg,dengan
trus,terus
dlm,dalam
dann,dan
sbnarnya,sebenarnya
sndiri,sendiri
twma,tema
khidupan,kehidupan
teman2,teman
rata2,Rata-rata
sebernanya,sebenarnya
beguna,berguna
pmbcr,pembicara
prtm,pertama
ntah,entah
bg,abang
pngen,ingin
nambah,tambah
kesalahan2,kesalahan
selese,selesai
pnya,punya
sblum,sebelum
sdng,sedang
ttg,tentang
ktmu,ketemu
aksea,akses
mendokkrak,mendongkrak
sering2,sering
lsg,langsung
dmn,dimana
thl,tanggal
dpt,dapat
donk,dong
plmbang,palembang
bndung,bandung
guna,berguna
telfon,telepon
gada,tidak ada
masi,masih
brarti,berarti
tar,nanti
dobel,double
intl,internasional
bs,bisa
say,saya
apalikasi,aplikasi
pd,kepada 
ktiga,ketiga
dn,dan
moga,semoga
karna,karena
untk,untuk
nmr,nomor
kmr,kamar
mskapai,maskapai
memg,memang
traveokanya,travelokanya
melkukan,melakukan
tng,tentang
penjelasanya,penjelasannya
trimakasih,terima kasih
smlm,semalam
dg,dengan
sdh,sudah
sa’at,saat
chek,check
krm,kirim
refouds,refounds
mnghubing,menghubungi
ber'arti,berarti
org,orang
pebgaduan,pengaduan
refoudsnya,refounds
apakh,apakah
pemenang,pemenang
skrg,sekarang
statua,status
danayanya,dana
ngantre,mengantri
gak,tidak
haii,hai
dbuka,di buka
dy,dia
sndirinya,sendirinya
ndak,tidak
audah,sudah
kjlsn,kejelasan
ttg,tentang
smp,sampai
nda,tidak
beda2,beda beda
dr,dari   
ga,tidak
makasih,terima kasih
pa,apa 
bs,bisa
d,di  
thn,tahun
Trmn ksh,terima kasih
thks,terima kasih
melakukab,melakukan
tlg,tolong
anak2,anak anak
th,tahun
kmarin,kemarin
diknfirmasike, Dikonfirmasi ke
peswat,pesawat
untk,untuk
bokingnya,bookingnya
mrndapat,mendapat
skitar,sekitar
sblm,sebelum
klo,kalau
beress,beres
bgtu,begitu
tlfn,telepon
kta,kata
tmn,teman
pke,pakai
trf,transfer
bgmana,bagaimana
sdh,sudah
msuk,masuk
mw,mau
nanya,tanya
trus,terus
pemsanan ,pemesanan
masi,masih
ngga,tidak
thx,terima kasih
Tengkyu,terima kasih
telpon,telepon
ktnya,katanya
udh,sudah
slmt,selamat
trm ksh,terima kasih
bmana,bagaimana
min,admin
mmsan,memesan
tapi,tetapi
trus,terus
blm,belum
mendptkan,mendapatkan
tdk,tidak
brngkat,berangkat
tp,tetapi
\n,dan
no,tidak
gt,begitu
mureh,murah
msan,pesan
gue,saya
bgt,banget
krn,karena
gapapa,tidak apa apa
lho,loh
tlp,telepon
sring,sering
srng,sering
srg,sering
x,sangat
mncul,muncul
bgt,sangat
bngt,sangat
duh,waduh
2hari,dua hari
ujungujungnya,ujung-ujungnya
hr,hari
applikasinya,aplikasi-nya
bner,benar
hahaha,tertawa
1x24,satu hari dua puluh empat jam
launching,diluncurkan
mantaf,mantap
sia2,sia-sia
mntap,mantap
ditelp,di telepon
aps,aplikasi
smart,pintar
sudh,sudah
bank2,bank
guys,teman-teman
bangat,banget
trx,terima kasih
kicep,diam
jengkel,marah
ditelfon,di telepon
nelp,telepon
list,daftar
bln,bulan
anehhh,aneh
wajahtersenyumdenganairmata,menyerah
xl,perusahaan internet
selfi,swafoto
25rb,dua puluh lima ribu rupiah
sngt,sangat
wajahmenangiskeraswajahmenangiskeraswajahmenangiskeras,sedih dan menyerah
alesan,alasan
pk,pakai
cma,Cuma
gaje,tidak jelas
ram,alat di handphone
kmrn,kemarin
one,satu
tuker,tukar
plus,tambah
akhir2,akhir
all,semua
live,siaran langsung
sign,daftar
bales,balas
payahhh,payah
use,gunakan
mmg,memang
bnr,benar
gbs,tidak bisa
save,simpan
kasian,kasihan
pkai,pakai
negri,negeri
dng,dengan
pisan,sangat
bugs,error
sruh,suruh
flow,alur
becus,beres
selfie,swafoto
nie,ini
td,tadi
diklik,ditekan
sampek,sampai
ma,sama
okay,oke
jlas,jelas
th,tahun
dear,untuk
npwp,surat keuangan pegawai
gajian,gajihan
ngehabisin,menghabiskan
ntah,entahlah
mala,malah
gag,tidak
ia,iya
cacad,jelek
ngurangin,mengurangi
non,tidak
sii,si
krim,kirim
mantapppp,mantap
suda,sudah
indihome,perusahaan internet
apalah,bingung
uinya,tampilan
bener²,benar-benar
ribetttt,ribet
tol,jalan tol
ux,tampilan
dehh,deh
bank²,bank
expresi,nama program bank BCA
malem,malam
anj,anjing
ajj,saja
boss,bos
mendownload,unduh
kembangin,mengembangkan
bcanya,Bank BCA
sorry,maaf
atw,atau
me,saya
wajahgembira,senang
tsb,tersebut
tlong,tolong
request,meminta
ka,kakak
verfikasi,verifikasi
pokonya,pokoknya
berulangkali,berulang kali
aktifasinya,aktivitas
30k,tiga puluh ribu rupiah
oon,bodoh
suport,mendukung
berulang²,berulang kali
nyebelin,menyebalkan
sok,ayo
realtime,real time
mlm,perusahaan keuangan
free,gratis
biometric,biometrik
ajg,anjing
brpa,berapa
bisaa,bisa
mbaking,mobile banking
lama2,lama-lama
6x,enam kali
jelas2,jelas-jelas
hatimerah,suka
berteletele,basa basi
mantaps,mantap
mobilebca,BCA Mobile
font,jenis huruf
siasia,sia-sia
mhn,mohon
cpt,cepat
reksadana,perusahaan keuangan
ket,keterangan
cashless,kurang uang
nulis,menulis
truss,terus
far,jauh
bget,banget
rugikan,rugi
kk,kartu keluarga
nemu,menemukan
bgtt,banget
cba,coba
smooth,lancar
gamasuk,tidak masuk
wktu,waktu
ane,saya
setting,mengatur
hadeeh,waduh
haduhhh,waduh
nmr,nomor
siip,sip
slah,salah
kerenn,keren
downlod,unduh
flash,fitur bank bca
mpayment,fitur pembayaran bank bca
terkoneksi,terhubung
donload,unduh
cardles,kurang penggunaan kartu
penyempurnaan,sempurna
hallobca,layanan bank bca
mudahkan,mudah
bayar2,bayar
seger,segar
ngeri,mengerikan
aktip,aktif
test,tes
lngsung,langsung
bli,beli
relog,re-login
boncos,bangkrut
suru,suruh
kenpa,kenapa
btw,ngomong-ngomong
wae,aja
4g,sinyal internet
njir,waduh
alhamdulilah,alhamdulillah
gakbisa,tidak bisa
membantujempolkeatas,mantap
dapet2,dapat
halah,mengabaikan
awal2,awal
bintangbersinar,suka
sering2,sering-sering
parahhh,parah
haha,tertawa
apa²,apa-apa
tai,jelek
oopps,waduh
hadehhhh,waduh
be,biasa saja
teh,jadi
sh,sih
trnsaksi,transaksi
dikit²,sedikit-sedikit
ge,saya
100x,seratus kali
trnyta,ternyata
masukkeluar,masuk dan keluar
now,sekarang
wajahtersenyumdengan3hati,cinta
bumn,perusahaan pekerjaan
bangt,banget
jdinya,jadinya
well,jadinya
bet,banget
nutup,tutup
dunk,dong
smg,semoga
josss,mantap
ahir,akhir
shopeepay,pembayaran online
wajahmarah,benci
krtu,kartu
idnya,id bank bca
woi,halo
gaperlu,tidak perlu
bkn,bikin
trnyata,ternyata
recommend,rekomendasi
susa,susah
ulng,ulang
jempolkebawahjempolkebawahjempolkebawah,tidak suka
ogah,tidak mau
ngg,tidak
safety,keamanan
etoll,keuangan elektronik jalan tol
tri,perusahaan jaringan
bagussangat,sangat bagus
bgst,bangsat
blur,buram
sim1,sim satu di handphone
mao,mau
tk,tenaga kerja
skli,sekali
dftr,daftar 
teruspadahal,terus padahal
terus²an,terus-terusan
solving,menyelesaikan
first,pertama
era,zaman
ak,saya
gapernah,tidak pernah
gg,mantap
jempolkeataswarnakulitcerah,suka
gegara,gara-gara
people,orang-orang
melipattanganmelipattanganmelipattangan,terima kasih
stak,stuck
gblk,goblok
thankyou,terima kasih
gilaaa,gila
cuk,hey
luck,beruntung
mas,masa
mantaaap,mantap
pasca,setelah
gda,tidak ada
mikir,pikir
akunnya,akun
donlot,unduh
okee,oke
mbulet,memutar disitu saja
ortu,orang tua
unlock,membuka
phone,handphone
milih,memilih
emng,memang
kereeeen,keren
work,bekerja
image,gambar
kyak,seperti
lh,ih
tbtb,tiba-tiba
huft,capek
mantapjempolkeatas,mantap
send,kirim
dimintai,diminta
norekening,nomor rekening
pling,paling
apasih,apa sih
gpp,tidak apa apa
bertahun2,bertahun-tahun
bot,robot
menu2,menu-menu
iy,iya
nda,tidak
vitur,fitur
bapuk,jelek
teros,terus
br,baru
blg,bilang
kebuang,terbuang
kira2,kira-kira
paswod,password
wajahmengantuk,capek
idpasword,id password
100rb,seratus ribu rupiah
oneklik,one klik
pnya,punya
mantull,mantap banget
better,lebih baik
okeee,oke
wajahsangatmarah,marah
tentunya,marah
terulang,berulang
ujung²nya,ujung-ujungnya
apply,tambahkan
yaah,yah
jossss,mantap
kapanpun,kapan pun
fiture,fitur
300jt,tiga ratus juta rupiah
tampilanya,tampilan
paswor,password
joss,mantap
terus2an,terus-terusan
taii,tai
pdf,file elektronik
tau2,tau-tau
off,mati
pitur,fitur
maybca,mybca
okey,oke
pdam,perusahaan air minum
ngabis2in,habiskan
hnya,hanya
bertele,bertele-tele
benarbenar,benar-benar
sesusah,sesudah
ato,atau
50ribu,lima puluh ribu rupiah
ngaktifin,aktifkan
unistall,uninstall
kerennn,keren
custamer,customer
bifast,fitur transaksi bank indonesia
repot2,repot-repot
ngehang,rusak
design,desain
fitu,fitur
lngkap,lengkap
security,keamanan
spy,supaya
edeposito,e-deposito
menelpon,telepon
devicenya,alat
gadgetin,channel youtube
kblokir,terblokir
confirmasi,konfirmasi
akhirny,akhirnya
are,apakah
or,atau
mksdnya,maksudnya
say,saya
oto,perusahaan leasing keuangan
muncul2,muncul-muncul
yh,yah
mantabbb,mantap
boro2,boro-boro
apikasi,aplikasi
kntor,kantor
temen,teman
sgala,segala
bacaan,baca
parahhhh,parah
ewalet,e-wallet
mumet,ribet
pulsaa,pulsa
gatau,tidak tahu
bless,baik
haru,harus
makai,pakai
wajahmenangis,sedih
sebenar,sebenarnya
sagat,sangat
bukak,buka
ngebantu,terbantu
mhon,mohon
alesannya,alasannya
anehh,aneh
ganguan,gangguan
diinstal,di install
ijin,izin
ketus,kasar
tidk,tidak
dua2nya,dua-duanya
terbelokir,terblokir
crash,rusak
skali,sekali
cool,keren
wajahgembirawajahgembira,
keliatan,kelihatan
appsnya,aplikasinya
terussss,terus
nilaiseratus,nilai seratus
kepending,tertunda
payrol,payroll
spaylater,fitur pembayaran aplikasi shopee
store,google play store
sangt,sangat
seharihari,sehari-hari
trusss,terus
updatean,update
skg,sekarang
ktnya,katanya
oppps,waduh
ayok,ayo
aga,agak
transaction,transaksi
ups,waduh
makasi,terima kasih
konoha,negara indonesia
telf,telepon
hehe,tertawa
ttap,tetap
bgttt,banget
sistemny,sistemnya
koplak,konyol
30x,tiga puluh kali
aza,aja
ngabisiin,menghabiskan
krja,kerja
gara²,gara-gara
priatepukjidat,capek
indosat,perusahaan internet
gbsa,tidak bisa
matiin,matikan
aplikasiny,aplikasinya
tetp,tetap
kalii,kali
prima,jenis layanan transaksi bank
gni,gini
wkwkwkwk,tertawa
aman²,aman-aman
akhir²,akhir-akhir
20x,dua puluh kali
tmpt,tempat
masah,masa
bapakibu,bapak ibu
develop,developer
frendly,ramah
sich,sih
malas,malas
cab,cabang
diulang2,berulang
hang,rusak
haduhh,waduh
ngeluhin,mengeluh
cemen,tidak hebat
serumit,rumit
of,dari
gercep,gesit
kalu,kalau
skip,lompati
infinix,merk handphone
bangetttt,banget
lamalama,banget
mnding,mending
wort,layak
astaghfirullah,mengingat tuhan
tekor,bangkrut
telpn,telepon
bagussss,bagus
terusterusan,terus-terusan
musingin,memusingkan
smpek,sampai
worst,terburuk
berhasil2,berhasil
stay,tinggal
with,dengan
kesalahansilahkan,kesalahan silahkan
bisabisa,bisa-bisa
wajahmemelas,bingung
kpd,kepada
jempolkebawahjempolkebawah,tidak suka
bravo,mantap
servicenya,layanan
25ribu,dua puluh lima ribu
rekomen,rekomendasi
cash,tunai
feature,fitur
nyerah,menyerah
mngkin,mungkin
pda,pada
kurg,kurang
benar²,benar-benar
bnr2,benar-benar
ferifikasi,verifikasi
bsa2,bisa-bisa
kr,karena
wajahdenganmatakeatas,capek
sehari2,sehari-hari
verifikasih,verifikasi
refund,kembalikan uang
ty,terima kasih
abiss,habis
ee,eh
wkt,waktu
masukkin,masukan
peraktis,praktis
nyobain,coba
kereeenn,keren
ribeut,ribet
iki,ini
10ribu,sepuluh ribu rupiah
push,dorong
feedback,umpan balik
ribet2,ribet
masukmasuk,masuk
taro,taruh
wajahtersenyumdenganmatabahagia,senang
ggal,gagal
nlpn,telepon
jelass,jelas
habiss,habis
jngan,jangan
tida,tidak
plisss,tolonglah
haloo,halo
gmana,gimana
tertawaterbahakbahaktertawaterbahakbahaktertawaterbahakbahak,tertawa
ngapalin,hafalkan
fress,segar
wajahlega,senang
24jam,dua puluh empat jam
sbg,sebagai
wajahmenguap,capek
cashback,pengembalian uang
berbelit2,berbelit-belit
aneh2,aneh-aneh
hut,pondok
bluetooth,fitur pengiriman
gabisa2,tidak bisa
abal2,abal-abal
mybcanya,mybca
hati²,hati-hati
100k,seratus ribu rupiah
nunggunya,menunggu
jelasudah,jelas sudah
jobs,kerja
nelponnya,telepon
notice,respon
skr,sekarang
kog,kok
kgk,tidak
nanggung,tanggung
centre,pusat
brmo,aplikasi bank mobile bank lain
fiturny,fiturnya
pulak,pula
lagian,lagipula
kelebihannya,lebih
sngat,sangat
sep,sip
15k,lima belas ribu rupiah
delay,tunda
skrang,sekarang
icon,lambang
3rb,tiga ribu rupiah
failed,gagal
malu2in,memalukan
usefull,kurang berguna
data2,data-data
b,biasa aja
nipu,menipu
akui,mengakui
connect,terhubung
ngotak,mikir
benar2,benar-benar
mbengking,mobile banking
go,pergi
byar,bayar
nnti,nanti
pegel,pegal
aplication,aplikasi
siiip,sip
3hr,tiga hari
telefon,telepon
20ribu,dua puluh ribu rupiah
okok,oke
inj,ini
goceng,5 ribu
real,asli
aktf,aktif
otw,sedang di jalan
salahpadahal,salah padahal
wajahberkacamatahitamjempolkeatas,keren
tuju,dituju
banyak2,banyak-banyak
check,cek
lagii,lagi
sue,sial
sebagus,bagus
orangtepukjidat,capek
bisakah,bisa-bisa
jadi2,jadi
tangani,atasi
ntar,nanti
brtransaksi,bertransaksi
membantuu,bantu
inget,ingat
dftar,daftar
loding,loading
back,kembali
financial,finansial
blablabla,basa basi
informatif,penuh informasi
bbrpa,beberapa
butut,rusak
terosss,terus
okk,ok
keypad,tombol keyboard
iseng,coba-coba
sanggat,sangat
pratis,praktis
stor,setor
keybca,key bca
sipp,sip
pro,professional
ngabis,habis
toh,tuh
diem,diam
tele,jauh
mbak,mba
background,latar belakang
vertivikasi,verifikasi
nlpon,telepon
donlod,unduh
rata²,rata-rata
alus,halus
bill,tagihan
fitur²,fitur-fitur
ngurusin,mengurus
nghabisin,menghabiskan
tampa,tanpa
mantaaaap,mantap
msukin,masukan
ribed,ribet
nokartu,nomor kartu
soon,segera
okejempolkeatas,mantap
human,manusia
logi,login
lamaa,lama
trs2an,terus-terusan
skl,sekali
ngurusnya,mengurus
liyt,liat
nsbh,nasabah
lgy,lagi
mengkoneksikan,menghubungkan
dicancel,dibatalkan
hpus,hapus
gini2,begini
telponan,telepon
mantabs,mantap
txn,terima kasih
fingerprin,sidik jari
wajahtersenyumlebardanmemejamkanmata,
fiturfiturnya,fitur-fiturnya
tul,benar
forever,selamanya
selanjut,selanjutnya
gaboleh,tidak boleh
trasaksi,transaksi
erornya,error
kirimkirim,kirim
kirim²,kirim
kereenn,keren
sekrang,sekarang
67k,enam puluh tujuh ribu rupiah
esok,besok
there,tiga
thats,itu semua
give,berikan
notifications,pemberitahuan
incoming,pendapatan
know,tahu
will,akan
tmen,teman
ag,agar
line,garis
masukmelipattangan,terima kasih
tepercaya,terpercaya
aplikaai,aplikasi
apasi,apa sih
load,muat
ready,siap
muter²,berulang
keputus,terputus
300juta,tiga ratus juta rupiah
block,blok
puya,punya
simple2,simpel
ngubungin,hubungkan
klen,kalian
diedit,edit
drtd,daritadi
koh,kok
parahpadahal,parah padahal
mbking,mobile banking
ngaruh,pengaruh
cust,customer
care,menjaga
selesai2,selesai
kemana2,kemana-mana
tamba,tanpa
sihhh,sih
updatemalah,update malah
dngn,dengan
5g,jaringan internet
kzl,kesal
kbutuhan,kebutuhan
copas,salin dan tempel
number,nomor
pasilitas,fasilitas
catet,catat
laaaaah,lah
pliss,tolonglah
diadain,diadakan
diliat,dilihat
mantal,mantap
disurh,disuruh
menuhin,memenuhin
pa,apa
sekuriti,petugas keamanan
gj,tidak jelas
ajagak,aja gak
bcatolong,bca tolong 
wajahtersenyumdenganairmatawajahtersenyumdenganairmata,kecewa
screenshot,tangkap layar
kmana,kemana
prioritaskan,utamakan
saing,bersaing
lieur,pusing
past,masa lalu
unt,untuk
aduh,waduh
screen,layar
opps,waduh
casflow,cashflow
jwbn,jawaban
3bintang,tiga bintang
adatolong,ada tolong
nyajd,nya jadi
jh,saja
scr,secara
low,rendah
walet,dompet
judes,galak
aplikasibikin,aplikasi bikin
apdet,update
aktiv,aktif
bisaaa,bisa
ngelayanin,melayani
ieu,ini
sush,susah
blank,kosongh
nyimpen,simpan
beberpa,beberapa
kanapa,kenapa
kebanyakn,kebanyakan
nyajempolkebawah,tidak suka
semingguan,seminggu
jempolkeataswarnakulitcerahjempolkeataswarnakulitcerahjempolkeataswarnakulitcerahjempolkeataswarnakulitcerahjempolkeataswarnakulitcerah,suka
menelepon,telepon
bentar2,sebentar-sebentar
beliin,belikan
maksih,terima kasih
saranin,sarankan
akhirakhir,akhir-akhir
historynya,sejarah
gagal2,gagal
lahhh,lah
perumit,rumit
neh,yah
trakhir,terakhir
sea,aplikasi keuangan online
bbca,bca
dsruh,disuruh
diemin,diamkan
uptade,update
membanty,membantu
gimmick,pura-pura
update2,update
huhuhu,sedih
bung,hai
bg,bagi
bntr,sebentar
ngehe,marah
cadless,cardless
stupid,bodoh
payahhhhh,payah
pulsaudh,pulsa sudah
mangap,diam
riweh,ribet
eeh,eh
pulsaudah,pulsa sudah
pulsabeli,pulsa beli
bertanggung,bertanggung jawab
rekomend,rekomendasikan
lha,lah
tuhh,itu
salahin,salahkan
oopsterjadi,waduh
logintapi,login tapi
sing,yang
os,sistem operasi handphone
woe,woy
ngelek,lambat
ngedown,melambat
perluh,perlu
solved,terselesaikan
issue,masalah
yt,youtube
membanti,membantu
lain2,lain-lain
bugerror,bug error
seh,sih
jelekk,jelek
flazznya,kartu flazz e-money bank bca
screnshot,tangkap layar
respon2,respon
gaa,tidak
ditungguin,ditunggu
fingerprintnya,sidik jari nya
improve,buktikan
gimn,bagaimana
betmen,manusia jahat
sudha,sudah
biomatrik,biometrik
perivikasi,verifikasi
kirimsms,kirim sms
benahin,benah
kirimi,kirim
disrh,disuruh
onlinenya,online nya
dibales,dibalas
nyalahin,menyalahkan
tmn,teman
gopaylater,aplikasi keuangan online
kas,uang kas
ngapa2in,berbuat
hello,halo
faceid,face id
bcatapi,bca tapi
datadata,data-data
ln,ini
page,lembar
tah,sial
ente,kamu
ver,versi
sekarng,sekarang
munculmuncul,muncul
beberapakali,beberapa kali
bin,tempat sampah
nma,nama
astagaaa,astaga
csteller,petugas bank
malh,malah
life,hidup
style,gaya
yak,iya
idpel,id pelanggan
komplen,komplain
gaguna,tidak berguna
bekali,bekal
waste,buang-buang waktu
dowlot,unduh
hot,panas
tranferan,transferan
tlng,tolonglah
ttd,tanda tangan
adm,admin
melalukan,melakukan
beda2,beda-beda
enter,masukan
rama,sama
ginian,begini
habistolong,habis tolong
makenya,pakai nya
loginlogin,login
ngeluh,mengeluh
toolong,tolong
7x,tujuh kali
goog,google
sndiri,sendiri
nyatolong,nya tolong
jelasmau,jelas mau
padhl,padahal
²,dua kali
ulanh,ulang
9x,sembilan kali
blackberry,handphone merk lain
noted,catat
trblokir,terblokir
hoax,berita bohong
2jt,dua juta rupiah
mind,pikirkan
as,sebagai
always,selalu
fyi,for your information
way,jalan
verification,verifikasi
mnunggu,menunggu
bcayg,bca yang
abisss,habis
apan,apa-apaan
ngalamin,mengalami
emailwa,email wa
bngsd,bangsat
pas2an,pas-pasan
mudahin,mudahkan
henti,berhenti
hadehh,waduh
sib,sip
jawabn,jawaban
boro²,boro- boro
ancur,hancur
nampilkan,tampil
30ribu,tiga puluh ribu rupiah
wkwkwkk,tertawa
bete,bosan
maning,lagi
karepmu,terserah kamu
indro,pelawak di indonesia
inbox,kotak masuk
antrean,antrian
loginya,login
adira,perusahaan keuangan
vertif,verifikasi
respond,respon
sala,salah
tidal,tidak
bagustapi,bagus tapi
sehrsnya,seharusnya
teross,terus
apple,handphone merk lain
terusmending,terus mending
dpt2,dapat
sdg,sedang
hbca,BCA
emai,email wa
gjelas,tidak jelas
jugaa,juga
memverifikasi,verifikasi
gmpang,gampang
ngandelin,andalkan
lemotnya,lambat
mll,melalui
dech,deh
perbangkan,perbankan
honor,handphone merk lain
magic,ajaib
v2,versi kedua
2000sms,dua ribu sms
telvon,telepon
bodong,palsu
keep,jaga
tranfers,transfer
money,uang
sjk,sejak
kang,bapak
qwerty,keyboard
pening,pusing
itnya,itu 
1k,seribu rupiah
prihal,perihal
snagat,sangat
manteb,mantap
nyambung,sambung
sekli,sekali
lai,sial
goodd,bagus tapi
done,selesai
lwat,lewat
tnggal,tanggal
vcall,video call
ngeribetin,ribet
wes,sudah
dtg,datang
modus,curi kesempatan
ndk,tidak
baget,banget
anjinggg,anjing
lenyap,hilang
padhal,padahal
2hr,dua hari
ketidak,tidak
nyamanan,nyaman
ribetga,ribet
gabis,tidak bisa
mimin,admin
nnya,nyaman
jajal,paksa
yatolong,ya tolong
ngabis²in,habisin
begtu,begitu
skalian,sekalian
bcabs,bca bisa
pertahan,pertahun
anjirrr,sialan
tayi,tai
aplikasih,aplikasi
kirm,kirim
dics,customer service
perbaik,perbaiki
5menit,lima menit
dk,tidak
muncul²,muncul-muncul
habissss,habis
bisatolong,bisa tolong
loginsudah,login sudah
ngentod,marah
tr,transfer
erorrr,error
10jt,sepuluh juta rupiah
rbu,ribu
teroooos,terus
focus,fokus
jempolkebawahwarnakulitcerah,tidak suka
apklikasi,aplikasi
kontollll,kontol
inih,ini
krg,kurang
kejelasannya,jelas
wajahkecewa,kecewa
lainlain,lain-lain
gatot,gagal total
hahahaa,tertawa
msuk2,masuk
srh,suruh
userid,user id
jempolkebawahwajahcemberutjempolkebawah,tidak suka
kasihmelipattangan,terima kasih
histori,history
pulsaaa,pulsa
payahhhh,payah
eroor,error
verifikas,verifikasi
wkwkwk,tertawa
khusunya,khususnya
jempolkebawahjempolkebawahjempolkebawahjempolkebawahjempolkebawahjempolkebawahjempolkebawahjempolkebawah,tidak suka
credit,kartu credit
kemakan,tersedot
release,rilis
ngadain,adakan
sepraktis,praktis
h1,hari pertama
dsuruh,disuruh
selnjutnya,selanjutnya
ribeet,ribet
sblmnya,sebelumnya
2jam,dua jam
belum2,belum 
terblokirgimana,terblokir bagaimana
hedeh,pusing
mulutolong,mulu tolong
tolomg,tolong
ikon,simbol
worth,layak
walupun,walaupun
videocall,video call
selular,seluler
mslh,masalah
mantaplah,mantap
rekning,rekening
mutasian,mutasi
hilangin,hilang
smstapi,sms tapi
veridikasi,verifikasi
tanyak,tanya
kehapus,terhapus
says,kata
samoe,sama
emosiii,emosi
open,buka
14k,empat belas ribu rupiah
smskalau,sms kalau
dikirim²,dikirim
kenap,kenapa
joooos,mantap
karuan,jelas
ribettttttt,ribet
madmin,admin
hehehe,tertawa
nurul,nalar
gan,pak
wajahdengantanganmenutupmulutwajahdengantanganmenutupmulut,diam
coba²,coba-coba
lawas,lama
awam,umum
oren,orange
trm,terima
lagi2,lagi-lagi
brooo,pak
dih,ih
ksni,kesini
enk,enak
skarang,sekarang
trimakasi,terima kasih
angel,susah
lagiii,lagi
kmaren,kemarin
70rb,tujuh puluh ribu rupiah
gojek,aplikasi transportasi
logintransaksi,login transaksi
sekecewa,kecewa
cari2,cari-cari
oplas,operasi plastik
aktipkan,aktifkan
•kalo,kalau
•untuk,untuk
mf,maaf
apliaksi,aplikasi
truz,terus
bisabisanya,bisa-bisanya
idpassword,id password
bejad,bejat
logintolong,login tolong
contactless,kurang kontak
samapai,sampai
payletter,pay later
cache,sisa
sebut,menyebut
gold,emas
dikitdikit,sedikit-sedikit
wajahmenangiskeraswajahmenangiskeraswajahmenangiskeraswajahmenangiskeras,menyerah
trimkasih,terima kasih
msa,masa
keslahan,kesalahan
rekg,rekening
trobel,masalah
buru2,buru-buru
jempolkeataswarnakulitcerahjempolkeataswarnakulitcerahjempolkeataswarnakulitcerah,suka
trial,coba-coba
public,punlik
kc,kantor cabang
mnt,minta
hmmmm,diam
oi,hey
tggu,tunggu
pengin,ingin
ngeklik,menekan
𝐕𝐞𝐫𝐢𝐟𝐢𝐤𝐚𝐬𝐢𝐧𝐲𝐚,verifikasi
𝐉𝐄𝐋𝐄𝐊,jelek
aplikasinyaa,aplikasi
mengupdate,update
singkron,sinkron
smsini,sms ini
sayah,saya
jgan,jangan
upt,kantor
4dulu,bintang 4 dulu
500k,lima ratus ribu rupiah
help,tolong
keknya,sepertinya
ck,cabang kantor
dulusoalnya,dulu soalnya
garibet,tidak ribet
kereeen,keren
buru²,buru-buru
zoom,diperbesar
wajahtersenyumlebarbermatahatiwajahtersenyumlebarbermatahatiwajahtersenyumlebarbermatahati,senang
bc,bca
rekomended,rekomendasi
iniiii,ini
jempol,suka
kekirim2,terkirim-kirim
ojo,jangan
ads,iklan
langkah²,langkah-langkah
parahhhhh,parah
may,mungkin
ssh,susah
baguscuma,bagus Cuma
lamaaaaa,lama
iphone,handphone merk lain
klian,kalian
mbl,mobile
sebel,kesal
fine,baik
kren,keren
dngan,dengan
srta,serta
adamohon,ada mohon
chek,cek
abis2in,menghabiskan
mksih,terima kasih
sekomplit,lengkap
org2,orang-orang
padaha,padahal
manado,nama kota
asw,anjing
sblm,sebelum
poll,penuh
wajahgembiraberuraiairmatawajahgembiraberuraiairmata,senang
double2,duplikat
grgr,gara-gara
normalnormal,normal normal
smspulsa,sms pulsa
hmm,pusing
bcapulsa,bca pulsa
kg,kah
pulsahadeh,pulsa hadeh
setalah,setelah
keterngan,keterangan
dpat,dapat
idpass,id pass
gui,grafik tampilan
ahh,ah
15x,lima belas kali
kesdot,tersedot
kesalah,kesalahan
bolak2,bolak-balik
daftr,daftar
mutermuter,pusing
kmi,kami
bangettt,banget
hmmm,biasa saja
scra,secara
5k,lima ribu
direset,reset
minbiar,biar
tmbh,tambah
kyknya,sepertinya
rata2,rata-rata
cuan,uang
trust,terpercaya
bangus,bagus
bls,balas
cr,cara
systemnya,sistemnya
lamban,lambat
jwb,jawab
niih,nih
bcadan,bca dan
sempet,sempat
passwordterus,password terus
duper,cepat
menyelsaikan,menyelesaikan
wifidata,wifi data
nich,nih
3hari,tiga hari
lol,tertawa
photo,foto
ngutang,melakukan hutang
inimau,ini mau
coba2,coba-coba
hese,rese
veritifikasi,verifikasi
sukaa,suka
perhari,per-hari
duitan,uang
gadapet,tidak dapat
harua,harus
ktr,ktp
fitut,fitur
merchant,toko
nyatapi,nya tapi
ajja,aja
blue,biru
camera,kamera
diversi,versi
sangan,sangat
standby,jaga-jaga
nyettt,bodoh
lemotttt,lambat
pam,spam
aktipasi,aktivasi
standard,standar
paraah,parah
difahami,dipahami
kerennnn,keren
bayat,bayar
recognition,pengenalan
kura,kira
hmpir,hampir
kta,kata
perna,pernah
wajahgembiradenganmatabahagiawajahgembiradenganmatabahagiawajahgembiradenganmatabahagia,senang sekali
keblok,blok
udahlah,sudahlah
smw,semua
kalopun,kalaupun
aktivitasi,aktivasi
melalu,melalui
35rb,tiga puluh lima ribu rupiah
sandinya,sandi
sesimple,simple
terkirimnya,terkirim-kirim
yamana,yang mana
dievaluasi,evaluasi
direstart,restart
topp,top
terbaikk,terbaik
perintahnya,perintah
dsrh,disuruh
instaludah,install sudah
terusdan,terus dan
sisain,sisakan
beribet,ribet
ngerasa,merasa
sla,selalu
munculkan,muncul
api,apa
ditmbah,ditambah
hbgi,hubungi
regestrasi,registrasi
kwalitasnya,kualitasnya
surih,suruh
contact,kontak
ditampilin,ditampilkan
𝙶𝙰,tidak
𝙺𝙴,ke
𝙶𝙰𝙳𝙰,tidak ada
ribetmau,ribet mau
darkmode,dark mode
4rb,empat ribu
idny,id nya
berhari²,berhari-hari
dahlah,sudahlah
bisal,misalnya
favorite,favorit
pokoke,pokoknya
kekuras,terkuras
ulang²,berulang kali
ckup,cukup
gaes,teman-teman
isa,bisa
5rb,lima ribu rupiah
tenan,banget
kurleb,kurang lebih
bcatelp,bca telepon
split,dibagi
isaku,aplikasi i-saku
mantabb,mantap
mebantu,membantu
ngeload,memuat
aktivasipas,aktivasi pas
hadeeeh,pusinh
sekadar,sekedar
grab,aplikasi transportasi
arahin,arahkan
too,juga
kedeteksi,terdeteksi
bpjstk,bpjs tenaga kerja
tambakan,tambahkan
ats,atas
nm,nama
ppn,pajak
nd,tidak
finally,akhirnya
muluk,mulu
perifikasi,verifikasi
fiktur,fitur
kereeennn,keren
bangetudh,banget sudah
mantapjempolkeatasjempolkeatasjempolkeatas,mantap
pmbayaran,pembayaran
mks,terima kasih
bcakenapa,bca kenapa
experience,pengalaman
gandos,mantap
bagustpi,bagus tapi
terkirim2,terkirim-kirim
ulangga,ulang
gonta,ganti
flaz,kartu e-money bank bca
star,bintang
trmksh,terima kasih
trpotong,terpotong
management,manajemen
mengkonfirmasi,konfirmasi
bebankan,beban
konfirm,konfirmasi
mengesalkan,kesal
baaank,bank
excelent,sempurna
sprt,seperti
bcakey,bca key
dualsim,dual sim
dminta,diminta
shg,sehingga
qrish,qris
tnpa,tanpa
5tahun,lima tahun
useless,kurang berguna
manager,manajer
updat,update
bgd,banget
verry,sangat
seperi,seperti
satuin,satukan
passwd,password
atmnya,atm nya
bcabiar,bca biar
keisi,terisi
diinfo,di info
rubah,ubah
dftrin,daftarin
pic,orang yang bertanggung jawab
dpn,depan
mudah2n,mudah-mudahan
sajakalau,saja kalau
wajahtersenyumlebarbermatahatiwajahtersenyumdengan3hati,gembira
bgini,begini
aplikasiga,aplikasi nya
bagua,bagus
bcaatau,bca atau
kouta,kuota
max,maksimal
koment,komentar
smakin,semakin
padahl,padahal
dlaam,dalam
veripikasi,verifikasi
bangetpadahal,banget padahal
hbisin,habiskan
menggunaka,menggunakan
ketelen,tertelan
eeeh,eh
diverivikasi,di verifikasi
2x24,dua hari
nmer,nomor
estatment,perumahan
pindah2,pindah-pindah
thks,terima kasih
didaftar,daftar
diaktifin,aktif
dihubungin,hubung
menghungi,menghubungi
ecomerce,e-commerce
mager,malas gerak
senada,selaras
mindahin,pindahkan
koeta,kuota
ngasik,ngasih
loginmalah,login malah
knp2,kenapa-kenapa
aplilasi,aplikasi
buagus,bagus
lgs,langsung
cos,pengeluaran
ulogin,login
designnya,desain
main2,main-main
before,sebelum
kou,kuota
smsjadi,sms jadi
fitir,fitur
spti,seperti
diaktifasi,diaktivasi
duluribet,dulu ribet
gratiskan,gratis
paswoord,password
samgat,sangat
terblokirdan,terblokir dan
hiya,tertawa
hatimerahhatimerahhatimerah,cinta
cepetan,lekas
unfaedah,tidak berfedah
capek2,capek-capek
hatihati,hati-hati
fres,segar
import,impor
over,berakhir
re,ulang
sdah,sudah
goodbye,selamat tinggal
cardlessnya,kurang kartu
official,resmi
gbu,god bless you
userfriendly,user friendly
fingerscan,sidik jari
going,akan
add,menambahkan
wajahtersenyumlebarbermatahatiwajahtersenyumlebarbermatahati,gembira
woilah,ayolah
anjiirr,anjir
apkk,aplikasi
sekaliterutama,sekali terutama
jobb,pekerjaan
fammmy,keluarga
memmberyy,member
mantappjempolkeatasjempolkeatasjempolkeatas,sangat suka
kesempatanpengguna,kesempatan pengguna
cewe,perempuan
mbknya,mba nya
membamtu,membantu
dihari,di hari
syuliiit,sulit
pooolll,penuh
manatap,mantap
topbgt,top banget
dimata,di mata
perosesuang,proses uang
clam,klaim
poket,kantong
ntd,mantap
pokokx,pokok nya
responx,respon nya
makasihh,terima kasih
minmau,admin mau
masukkita,masuk kita
pentujuk,petunjuk
stengah,setengah
lahmasa,lah masa
iniorangtepukjidat,capek
vidiocall,video call
jelekkkkkkk,jelek
troble,masalah
menuu,menu
etf,transfer
lupaan,lupa
buatdaftar,buat daftar
mndiri,mandiri
vrefikasi,verifikasi
tarus,terus
wajahberkedipjempolkeatas,oke
hti2,hati-hati
oaket,paket
berhati2,berhati-hati
sepengatuan,sepengetahuan
perbaikimelipattangan,terima kasih
kemudah,mudah
jumblahkan,jumlah
pointnya,point
veriv,verifikasi
pertanggung,pertanggung jawaban
bertanggungjawab,bertanggung jawab
dahal,padahal
still,masih
few,beberapa
shortcomings,kedatangan pendek
four,empat
stars,bintang
downside,turun
that,itu
slow,lambat
even,bahkan
though,sulit
have,mempunyai
given,memberikan
permission,izin
didnt,tidak
hopefully,berharap
upskesalahan,ups kesalahan
claim,klaim
besokannya,besok
masukdaftar,masuk daftar
ngebut,cepat
moaimoaimoaimoaimoai,biasa saja
caranyah,caranya
apak,apa
ketemutambah,ketemu tambah
membantuku,membantu
makaaih,terima kasih
loginyaaa,login nya
mbankingnyaaa,mobile banking nya
problemm,masalah
wajahbingung,bingung
masukserius,masuk serius
veryp,verifikasi
teruspayah,terus payah
dsini,disini
soa,biasa saja
adminwajahkecewa,admin wajah kecewa
jelekmendingan,jelek mendingan
masukk,masuk
gajelasss,tidak jelas
ngetes,menguji
saldonyapadahal,saldonya padahal
terkirimkenapa,terkirim kenapa
mmtap,mantap
kejaringan,jaringan
singit,sangat
sklas,sekilas
naajissss,najis
mahal²,mahal-mahal
ancurrr,hancur
ngppet,ngepet
nelepon,telepon
datengin,datang
maen,main
praktisis,praktis
kenapaa,kenapa
gajdiii,tidak jadi
mmbantu,membantu
manta,mantap
aktivin,aktifkan
sbntr²,sebentar-bentar
oulsa,pulsa
fitus,fitur
ovogopayshoppay,ovo gopay shopee pay
permudahtanpa,permudah tanpa
19rb,sembilan belas ribu rupiah
zooonnkkk,kosong
berhasilkoneksi,berhasil koneksi
okgiliran,oke giliran
masuksuruh,masuk suruh
lagi3,lagi-lagi
berturut2gembell,berturut-turut
access,akses
awak,saya
melipattanganwajahgembiradenganmatabahagia,senang sekali
1x24jam,satu hari
mybcaitu,mybca itu
gantieh,ganti 
kartukurang,kartu kurang
upgrede,upgrade
150rb,seratus lima puluh ribu rupiah
saatsaat,saat-saat
sialnya,sial
gendeng,bodoh
balas2,balas
munkin,mungkin
pikir2,pikir-pikir
naruh,taruh
tanyasemenjak,tanya semenjak
resetmybca,reset mybca
payliter,pay later
wajahmengantukwajahmengantuk,capek
updetan,update
menyusahkanunistall,menyusahkan uninstall
lamacepet,lama cepat
aplikasiorangtepukjidatorangtepukjidat,capek
sbnerny,sebenarnya
wajahbosan,wajah bosan
rusakk,rusak
lagidikarenakan,lagi dikarenakan
smsterimakasih,sms terima kasih
ruwettttttt,ribet
sekang2,sekarang
lodingsaat,loading saat
aplikasiabis,aplikasi habis
dapatabis,dapat habis
qristau,qris tau
bca2,bca
dongmelipattanganwarnakulitcerahkenapa,terima kasih
upadte,update
12gb,dua belas giga
perasaanini,perasaan ini
ribetcuma,ribet Cuma
3juta,tiga juta rupiah
bnrin,benerin
wajahtersenyumdengan3hatiwajahtersenyumdengan3hatiwajahtersenyumdengan3hati,senang
fword,teruskan
bnar,benar
lmaaaaaaaaaa,lama 
tunjukin,tunjukkin
buanget,banget
lemoy,lambat
rilia,rilis
perbaikk,perbaiki
muluk2,muluk-muluk
penting2,penting-penting
kesalanan,kesalahan
nominall,nominal
hatihatihatihatipusingberkilaubintangbersinarbintangbersinarbintangbersinarmemothankyou,terima kasih
bcamawar,bca mawar
bagibagi,bagi-bagi
zatat,catat
pokokejempolkeatas,suka sekali
waduuh,waduh
ooops,waduh
xtwitter,x twitter
ajamasalahnya,aja masalahnya
hariwajahmenangiskeraswajahmenangiskeraswajahmenangiskeras,menyesal
bobrokapiapi,hancur
kaksaya,kak saya
tanyastelah,tanya stelah
onlinesaya,online saya
50knapa,lima puluh ribu kenapa
sayamelipattangan,terima kasih
lancaramin,lancar amin
dikirim2,dikirim-kirim
alian,kalian
salahmasuk,salah masuk
bisagiliran,bisa giliran
gabisakn,tidak bisa
anehcoba,aneh coba
tibagimana,tiba bagaimana
kagaa,tidak
laaah,lah
trangsaksincepat,transaksi cepat
gabisasaya,tidak bisa saya
disuru,disuruh
penggunaannyajempolkeatas,mantap
monyeett,monyet
fullin,penuhin
akuwajahmenangispriatepukjidatwarnakulitcerah,capek
seringsering,sering-sering
lenganrobotwajahtersenyumlebarbermatahati,senang
jempolkeatasmelipattanganmelipattangan,terima kasih
2mgu,dua minggu
yakali,ya kali
1bln,satu bulan
𝙖𝙥𝙠,aplikasi
𝙖𝙢𝙞𝙣𝙣melipattangan,terima kasih
sihtiap,sih tiap
sendiritolong,sendiri tolong
cobadan,coba dan
bisaga,bisa tidak
apabuat,apa buat
bukawajahmenangiskeras,
bjir,waduh
lainnon,lain
kwalitas,kualitas
mcommerse,e-commerce
paylaterku,pay later
okjuga,oke juga
bagusfitur,bagus fitur
lengkapsaran,lengkap saran
diaplikasinya,di aplikasi nya
siyalan,sialan
quota,kuota
150gb,seratus lima puluh giga
jatringan,jaringan
everybody,semuanya
happpy,senang
bankcoba,bank coba
lagisisanya,lagi sisanya
whatshap,whatsapp
moblie,mobile
reinstal,reinstall
nudah,sudah
praktisss,praktis
ngijinin,diizinkan
mutasii,mutasi
truble,masalah
pu,pekerjaan umum
sarabaya,surabaya
prepikasi,verifikasi
wajahpdhal,wajah padahal
dapatin,dapatkan
otppadahal,otp padahal
sinyl,sinyal
bnykudah,banyak sudah
isiv,isi
iniregristasi,ini regristasi
donag,donasi
wajahtanpaekspresiwajahtanpaekspresi,diam saja
terbaikjempolkeatasnilaiseratus,suka sekali
trjadi,terjadi
bnrinternet,benar internet
bosmasalahnya,bos masalahnya
opss,waduh
kmren2,kemarin-kemarin
kira²,kira-kira
kebapa,kenapa
begituh,begitu
bagustpko,bagus tapi kok
maintanance,maintenance
kepeding,tertahan
16juni,enam belas juni
nyq,nya
kacauuuuu,kacau
bused,waduh
pukkima,menyebalkan
limitnyaterima,limit nya terima
akundan,aku dan
verifnya,verifikasi nya
dengam,dengan
bapukkk,jelek
kakmakasih,kak terima kasih
akunny,akun nya
wajahkelelahan,capek
mengatakn,mengatakan
kesalahanmaksudnya,kesalahan maksudnya
apadi,apa di
dooong,dong
lahmanfaat,lah manfaat
tibaakun,tiba akun
bukamlh,buka malah
mengangu,mengganggu
tiken,token
kmahaln,kemahalan
belisoal,beli soal
ajagaada,aja tidak ada
transfern,transferan
pakenyawajahmengantuk,
bukaterjadi,buka terjadi
bisajd,bisa jadi
mbingking,mobile banking
embenking,mobile banking
bjsa,bisa
ortunya,orang tua nya
meluluh,hilang
pertimbangkn,pertimbangkan
updateny,update nya
uɐʞʇlnʎuǝɯ,menyakitkan
ʞɐpᴉʇ,tidak
ɐƃoɯǝs,semoga
¡¿¿¿¿¿¿¿¿,bertanya
anehhhbukanya,aneh bukannya
parahhhhhhh,parah
updatetetapi,update tetapi
apdetcapek,update capek
nonshift,tidak shift
cuti,libur
keluardan,keluar dan
sebelumnta,sebelumnya
wajahdenganalisterangkatwajahdenganalisterangkatwajahdenganalisterangkat,biasa saja
telepon2,telepon
nyampek,saampai
livinkalau,livin kalau
euyy,halo
kumaha,bagaimana
kot,kota
satengah,setengah
akssss,biasa saja
loginpadahal,login padahal
bcabeda,bca beda
nothing,tidak ada apa apa
nebeng,menumpang
rekeneing,rekening
sisah,sisa
jado,jadi
biayadan,biaya dan
simpenan,simpanan
diseabank,di sea bank
geratis,gratis
mmng,memang
mantaaplah,mantap
kirimgimana,kirim bagaimana
atasnya,atas
gwa,saya
yee,kesal
bermasalahterjadi,bermasalah terjadi
masukbolak,masuk bolak
tetapikan,tetapi kan
sudah2,sudah-sudah
brimobrimo,aplikasi bank lain
dimybca,di mybca
fingerprintjmn,sidik jari
kenapaaa,kenapa
nahhh,nah
bguus,bagus
lalot,lambat
ginimales,begini malas
aplikasinyakasih,aplikasinya kasih
fill,isi
just,hanya
marchent2,toko
sendiriwajahtersenyumlebardanmatatertutup,suka sekali
jelek2,jelek
apadeh,apa sih
2hri,dua hari
skai,suka sekali
nora,norak
puter2,memutar
ekseklusif,eksklusif
stahun,setahun
mingguupdate,minggu update
wajahmenguaphoahhh,capek
5bulanmau,5 bulan mau
payleterdh,paylater 
regislogin,registrasi login
priatepukjidatpriatepukjidatpriatepukjidat,capek
persulitdah,persulit 
inklo,ini kalau
sbulan,sebulan
hilanghilang,hilang
dipencet,ditekan
dongmelipattanganwajahgembira,senang
moto2scan,foto scan
ikut2an,ikut-ikutan
ocehan,kata-kata marah
kebanyakannn,kebanyakan
perbaikitanganmendorongkekanantanganmendorongkekiri,bingung
bgtverfikasi,banget verifikasi
blokadehhh,capek
friendlycuma,friendly Cuma
berturutturutada,berturut turut ada
ayooolah,ayolah
yaaahh,yah
mlam,malam
waswas,was was
orangtepukjidatorangtepukjidat,terima kasih
buseeeettt,buset
regkening,rekening
ngeliat,melihat
updateeee,update
muluu,mulu
sesekali,sekali-kali
terusssss,terus
lainnyainstan,lainnya instan
cashnya,cash nya
terbarusetelah,terbaru setelah
erroroooppp,error
ubdate,update
siapanya,siapa nya
gilakkk,gila
dilawan,di lawan
sopnyaa,supaya
bgttttt,banget
brow,halo
pakk,pak
sering²,sering-sering
bertrasaksi,bertransaksi
terusfungsinya,terus fungsinya
cobaupdate,coba update
kerjaseminggu,kerja seminggu
teu,tidak
cicing,kakak
vaham,paham
elor,error
manpaat,mantap
bgi,bagi
gajikan,gajihan
ernah,pernah
diacc,disetujui
sellau,selalu
sebelim,sebelum
engak,tidak
hsri,hari
prakerja,program pemerintah
ggk,anjing
upadate,update
keluarwajahlega,senang
mantav,mantap
mengguna,menggunakan
numpuk,menumpuk
mudah2,mudah 
bahil,bodoh
kendalatapi,kendala tapi
updateakhirnya,update akhirnya
tiba²apknya,tiba-tiba aplikasinya
sndri,sendiri 
ilangpas,hilang pas
lagitolong,lagi tolong
canggihdi,canggih di
hadeehh,capek
diuptade,di update
mluu,mulu
kebnykan,kebanyakan
appliksi,aplikasi
kelog,re-login
ajamuter,saja mutar
historis,historis
memuaskandibanding,senang
faham,paham
rpnya,rupanya
used,digunakan
funcrion,fungsi
sekalingak,sekali tidak
sangatt,sangat 
puass,puas
tetjadi,terjadi
pedahal,padahal
wajahdenganmataberbentukbintang,
improved,dibuktikan
oopss,waduh
keganggu,terganggu
aplnya,aplikasinya kasih
sereng,sering
terpercays,terpercaya
tjuih,benci
troubel,masalah
junction,tikungan
servisdi,servis di
seleseiterima,selesei terima
bkerja,bekerja
erus,terus
kaligiliran,kali giliran
kebnyakan,kebanyakan
dimengertisukses,dimengerti sukses
masuknjuga,masukan juga
segerah,segera
terusdari,terus dari
veritikasi,verifikasi
mantuuuullll,sangat mantap
cleaning,membersihkan
info2,info
gabisakocak,tidak bisa kocak
ramahtertawaterbahakbahak,tertawa
mengenerate,generate
terbaekkkkk,terbaik
maff,maaf
potongn,potongan
bnykk,banyak
beralihh,beralih
pavoritku,favorit
lemit,lambat
thing,benda
simply,simpel
memasukn,memasukan
rekeningtiap,rekening tiap
tab,bagan
uakin,yakin
bcajempolkeatasjempolkeatasjempolkeatas,suka sekali
jgmy,juga my
minesny,kurang nya
sininya,sini nya
anjeng,anjing
terdebit,debit
bcadana,bca dana
cmng,cuman
apludah,apa sih
fsword,password
kartubyr,kartu bayar
puls,pulsa
lgmasukin,lagi masukin
jgterus,juga terus
za,saja
cooperatif,kooperatif
kie,begini 
kentangkamera,kentang kamera
hd,high definition
bisayadh,bisa
eeeeh,eh
awaludah,awal sudah
nyaudah,nya sudah
haduuuuh,haduh
emaaaa,memang
rekeningnama,rekening nama
bertaqwa,bertakwa
resinomor,resi nomor
response,respon
euy,ya
jebot,robot
ditolakoke,ditolak oke
downloadga,download nya
guudddddd,bagus
dibutuhin,dibutuhkan
anjingbangetttt,anjing banget
ngecewain,mengecewakan
bisadi,bisa di
bisajaringan,bisa jaringan
bermasalahpakai,bermasalah pakai
muter2tolong,disitu-situ saja tolong
saldotapi,saldo tapi
terustolong,terus tolong
hbz,habis
lahcuman,lah cuman
transfer²,transfer-transfer
muluuuuu,mulu
handling,menangani
ow,oh
giliram,giliran
kendalasekarang,kendala sekarang
bisamohon,bisa mohon
kakkenapa,kak kenapa
sytemnyaa,sistem nya
ecek,cek
logismau,logis mau
loadnya,load nya
nihh,nih
iniii,ini
muluuu,mulu
pulsatolong,pulsa tolong
lancarsangat,lancar sangat
paryh,parah
terlelet,terlelet
ngelagan,ngelag an
perbenahan,perbaikan
mengupgrade,upgrade
transaksikan,transaksi 
membantusaya,membantu saya
bcamobeil,bca mobile
nyamanlengkap,nyaman lengkap
bcasangat,bca sangat
krena,karena
dritdi,dari tadi
bett,banget
estatmen,statement
statmen,statement
nyaselalu,nya selalu
ngabiskan,menghabiskan
sihtapi,sih tapi
taukalo,tahu kalau
palagi,apalagi
beraktivitas,beraktivitas
setelaplikasibank,setel aplikasi bank
bcateleponsmssemua,baca telepon SMS semua
pesanujung²,pesan ujung-ujung
prasaan,perasaan
kartukredit,kartu kredit
pngiriman,pengiriman
tryata,ternyata
kirimtdk,kirim tidak
pmbritahuan,pemberitahuan
terbolokir,terblokir
secrenshot,screenshot
cal,call
tebaik,terbaik
uinstal,uninstall
tinjau,tinjau
thk,terima kasih
masukjadi,masuk jadi
beud,banget
gimana2,gimana-gimana
kli,kali
eksis,eksis
kalipun,sekalipun
idiott,idiot
taaikkkk,tai
kimakkkk,sialan
sediri,sendiri
anjjjj,anjing
babbiiiiiiiiii,babi
selfigimana,selfie gimana
jing,anjing
lwngkap,lengkap
taiikkk,tai
gakmasuk,tidak masuk
laynan,layanan
nyaini,ini
inpulsa,isi pulsa
trsmohon,terus mohon
cabanghufft,cabang
loginud,login sudah
lagigmn,lagi bagaimana
otpnyahaduh,otp-nya
smsnnya,sms-nya
masuksinyal,masuk sinyal
masukjuga,masuk juga
bellum,belum
biss,bisa
sertai,sertai
janggalan,janggal
sedangakn,sedangkan
minudh,min sudah
jugayg,juga yang
abs,absen
prefer,lebih suka
bcamoblie,bca mobile
mangkin,makin
payahh,payah
lahiharus,harus
ngajui,mengajukan
1pun,satu pun
wokeh,oke
bangetsayang,banget sayang
melog,login
mauu,mau
aplikasinyaterua,aplikasinya terus
mulubcabkin,mulu bca banking
keseltolol,kesal tolol
muluwajahagaktersenyum,mulu wajah agak tersenyum
balesangimna,balasan bagaimana
cardlezzzzzzzzz,cardless
bcaujung2nya,bca ujung-ujungnya
terblokirlucu,terblokir
ngetikin,mengetik 
doanng,saja
gaggal,gagal
lemotttttttt,lambat
najissssss,najis
inhapus,hapus
ngeri2,mengerikan
kkagak,tidak masuk
disclaimer,klarifikasi
bales²,balas
mudahcepat,mudah cepat
terkirimngg,terkirim
nonaktif,tidak aktif
kesemua,ke semua
lihati,lihat
bjirr,sial
bida,bisa
mpe,sampai
bekali2,berulang kali
dengn,dengan
provaider,penyedia
loginsms,login sms
terkirimudah,terkirim mudah
dajal,setan
iblisid,iblis
pasport,passport
nt,percobaan bagus
mantapok,mantap
flexible,fleksibel
terlengkap,terlengkap
duannncoojjok,dua cocok
terbaiiiikkkk,terbaik
bnardi,benar di
bcasuruh,BCA suruh
dapatzoooooonnnnkkk,dapat zonk
gakada,tidak ada
ngadu,mengadu
dikarnakan,dikarenakan
terkirimwoiiiiiii,terkirim 
aingini,saya ini
errorr,error
pulsabikin,pulsa bikin
najisss,najis
yernyata,ternyata
paripurna,paripurna
bcaauto,BCA auto
paylatereehh,pay later
menitparah,menit parah
bcabikin,BCA bikin
terptong,terpotong
hancurr,hancur
cape2,capek-capek
kredivo,Kredivo
callkonfirmasi,telepon konfirmasi
cabangatau,cabang atau
lengkapsaya,lengkap saya
jauhtolong,jauh tolong
orangorang,orang-orang
dimbking,di mobile banking
sipengajuan,si pengajuan
diprosessedangkan,di proses sedangkan
mengcopy,menyalin
barupayah,baru payah
tololverifikasi,tolol verifikasi
masuknlp,masuk NLP
10kgilak,sepuluh ribu gila
aplikasigausa,aplikasi tidak usah
downloadmending,unduh mending
acl,ACL
gamestop,Game Stop
shop,toko
btn,BTN
taeeeee,tai
yag,yang
otpsampai,OTP sampai
parahmaaf,parah maaf
yth,Yang terhormat
jarigan,jaringan
ala,ala
token2,token-token
kod,kode
melakuan,melakukan
qristapi,Qris tapi
sado,saldo
berkurangtapi,berkurang tapi
prosessudah,proses sudah
sayasaya,saya
whatssap,WhatsApp
selesaikanmohon,selesaikan mohon
lgmasih,lagi masih
ajatransaksi,aja transaksi
apapunisyaratkemenanganlanjutkan,senang
transper,transfer
maluin,memalukan
alhamdullilah,alhamdulillah
scantik,secantik
step2,tahapan
kcmt,kecamatan
sgt2,sangat
bloon,bodoh
jgsms,juga sms
wktunisntal,waktu install
approve,disetujui
rp1000,seribu rupiah
50rebu,lima puluh ribu
wkwkkw,tertawa
ufh,sudah
diganti2,diganti-ganti
hhaa,tertawa
jempolkeatasjempolkeatasjempolkeatasjempolkeatasjempolkeatasjempolkeatasjempolkeatas,suka sekali
8x,delapan kali
teler,teller
anjink,anjing
bankzat,bangsat
nzink,anjing
saudi,Saudi
rekeningsupaya,rekening supaya
baiktapi,baik tapi
atmuangny,atm uangnya
kepotongdi,kepotong di
pengeluaranstatus,pengeluaran status
kadarluarsaudah,kedaluwarsa sudah
kerjayang,kerja yang
baliklah,baliklah
lanjutnyaudah,lanjutnya sudah
ribukena,ribu kena
ribubelum,ribu belum
pulaa,pula
sueeeeeeee,sial
ntap,mantap
gaaa,tidak
kocakkk,kocak
kocakk,kocak
domino,domino
kontel,kontol
pulsabalikin,kembalikan pulsa
gamau,tidak mau
engk,enggak
apky,aplikasi
masukapk,masuk aplikasi
ngantri,mengantre
sbb,sebab
maaaf,maaf
ngerampok,merampok
secruritas,sekuritas
uangdompet,uang dompet
gopaylinkaja,GoPay LinkAja
terbitkn,terbitkan
menantu,menantu
bedebest,yang terbaik
susahjempolkebawah,tidak suka
ngrugiin,mengurangi
bcapartypopperjempolkeatas,suka 
pylaternya,pay later nya
tksh,terima kasih
mksd,maksud
dibca,di bca
erorternyata,error ternyata
talkback,bicara kembali
samasaya,sama saya
vision,penglihatan
merugikantolong,merugikan tolong
puasmantap,puas mantao
bangets,banget
ampunselalu,ampun selalu
sdm,sumber daya manusia
wajahlegawajahlegawajahlega,akhirnya
seabankjadi,seabank jadi
hpini,hp ini
ribettolong,ribet tolong
developernyaterima,developernya terima
saptam,satpam
keselkirim,kesel kirim
orangtepukjidatwajahsangatmarah,marah
burukbanyak,buruk banyak
jugacuma,juga Cuma
positip,positif
mbnking,mobile banking
butaaa,buta
noreg,nomor registrasi
perbaikidi,perbaiki di
ribetsalah,ribet salah
sukq,suka
benerheran,benar heran
caht,chat
buangetttt,banget
lelett,lambat
sufah,susah
kenapasih,kenapa sih
8mei,delapan mei
dipotomg,dipotong
cubo,coba
nua,nya
wajahcemberutwajahcemberut,kesal 
wajahtersenyumjempolkeatas,suka sekali
tiba²tiba,mendadak
pelayananannya,pelayanannya
loginkarna,login karena
terdekatpadahal,terdekat padahal
balesannya,balasannya
ngulang2in,mengulang-ulang
3rban,tiga ribuan
balesesannya,balasannya
sesa,sisa
lima×,lima kali
pleaseeee,tolong
riliskan,rilis kan
pemasukansupaya,pemasukan supaya
nelv,telepon
sidah,sudah
mulubuang,mulu buang
smsnyari,sms mencari
apik,baik
waktujam,waktu jam
samakan,samakan
transferstruk,transfer struk
kntl,kontol
mr,Tuan
sir,Tuan
gadaa,tidak ada
daftarselalu,daftar selalu
gagalcoba,gagal coba
minini,admin ini
verify,verifikasi
vicall,video call
bcssoal,BCA soal
mantapsemoga,mantap semoga
kesimpelannya,kesimpelannya
kepraktisannya,kepraktisannya
kedebet,ke debet
apapapa,apa-apa
nyetok,menyetok
aplikasian,aplikasi ini
reliable,andal
terjelimet,terjelimet
namepassowrd,nama password
benarkenaap,benar kenapa
verifikasimerepotkan,verifikasi merepotkan
belm,belum
temapat,tempat
otpnnya,otp nya
copyharus,salin harus
sekuritas,keamanan
transaksino,transaksi nya
ribetterima,ribet terima
gjlsga,tidak jelas juga
murahkan,murahkan
diakhir,di akhir
ngawur,sembarangan
wajahtersenyumlebardanberkeringatwajahtersenyumlebardanberkeringatwajahtersenyumlebardanberkeringatwajahtersenyumlebardanberkeringat,senyum dan tertawa
ottp,otp 
paska,setelah
m14,senjata
pulsagakbisa,pulsa tidak bisa
diongkos,di ongkos
veriivikasi,verifikasi
nasabahuser,nasabah user
pura2,pura-pura
denger,dengar
ith,itu
trasfr,transfer
seringan,sering
devolper,developer
ngaruhkecewa,pengaruh kecewa
masukudah,masuk sudah
manfaatin,manfaat kan
upkerenhehe,pembaruan yang bagus
waktu2,sewaktu-waktu
kcuali,kecuali
problemtolong,masalah tolong
ootp,OTP
kedap,kedap
messenge,pesan
penggerak,penggerak
ihsg,ih
josssmau,mantap
susahpollharap,susah sekali berharap
mintks,minta
mudahapk,mudah aplikasi
canggihtp,canggih tapi
kikukkk,kikuk
transfeean,biaya transfer
kmn,kemana
rimbanya,rimbanya
ujung2ny,ujung-ujungnya
gile,gila
cepetnya,cepatnya
spay,selesai
nyediain,menyediakan
bcl,BCA
tb2,tiba-tiba
sekalimhn,sekali mohon
cepattt,cepat
membantuuuuubangettttt,membantu sekali
lmit,limit
tranafer,transfer
onlineny,onlinenya
100jt,100 juta
50jt,50 juta
dibocorin,dibocorkan
polis,polis
laporin,laporkan
tidakmelihat,tidak melihat
yess,ya
xlaxis,XL Axiata
bukasampai,buka sampai
datangi,datangi
xlnyawalaupun,XL-nya walaupun
1sy,pertama
lancarotp,lancar OTP
hpsetiap,hapus setiap
emailyang,email yang
ajayg,aja yang
passwordkeseringan,password keseringan
biometrikwajahgembiradenganmatabahagiaada,gembira
jawabjd,jawab jadi
overal,secara keseluruhan
form,formulir
slnjut,selanjutnya
bela2in,membela
njirr,sial
rto,RTO (Return to Office)
mele,lambat
patahhati,patah hati
oc,oke
sinyalnyatolong,sinyalnya tolong
acout,akun
bgtsering,banget sering
sinyalnyagagal,sinyalnya gagal
transfernya,transfernya
setabil,stabil
bolong,bolong
labil,labil
speed,kecepatan
berala,berapa lama
mybcajempolkebawahwarnakulitcerahjempolkebawahwarnakulitcerah,tidak suka
tranafwr,transfer
masukkk,masuk
berhasi,berhasil
ribetpanjang,ribet panjang
untukk,untuk
gagalmulu,gagal mulu
ngabisi,menghabisi
updateapanya,update apanya
herann,heran
jempolkeataswarnakulitsedangjempolkeataswarnakulitsedangjempolkeataswarnakulitsedang,suka sekali
pembaran,pembayaran
berda,berada
daerahmantap,daerah mantap
tidam,tidak
pulsagiliran,pulsa giliran
gmailgiliran,gmail giliran
errorganti,error ganti
wajahsangatmarahwajahdengansimbolpadamulut,marah
bgtwajahmenangis,banget
custemer,pelanggan
unfriendly,tidak ramah
lncar,lancar
katanha,katanya
komtollllllllllllll,kontol
mada,marah
masing²,masing-masing
kekuranganjadinya,kekurangan jadinya
2²nya,keduanya
fee,biaya
sebalik,sebaliknya
keamananhampir,keamanan hampir
terriset,terteliti
berkli2,berkali-kali
sangattt,sangat
ever,pernah
pembuatanregistrasi,pembuatan registrasi
pemberitahuannya,pemberitahuannya
ohh,oh
thoo,itu
sihsejauh,sih sejauh
whatapps,WhatsApp
bismilah,bismillah
kesalahanmau,kesalahan mau
bonafid,bonafide
isengiseng,iseng-iseng
apr,April
pemberosan,pemborosan
pemborosan,pemborosan
temen2,teman-teman
hfftt,hufft
wanitatepukjidat,capek
juah,jauh
bankcepet,bank cepat
smsdelay,SMS delay
nihpay,ini bayar
riject,reject
lost,hilang
needed,diperlukan
hundred,ratusan
thousands,ribuan
fail,gagal
sending,pengiriman
including,termasuk
yet,belum
choose,memilih
stubborn,keras kepala
other,lainnya
tetapcb,tetap coba
verived,verifikasi
dismspdhal,disebabkan padahal
adaterus,ada terus
adatrus,ada terus
anehdan,aneh dan
barukok,baru kok
terimaapa,terima apa
takutkankalau,takutkan kalau
kitaatau,kita atau
karenakan,karena
barulangsung,baru langsung
masalhnya,masalahnya
buka2,buka-buka
berpuluhan,berpuluh-puluh
lgggg,lagi
mbabgking,m-banking
notifikasitolong,notifikasi tolong
saldoo,saldo
300rb,300 ribu
sendiriharus,sendiri harus
pulsatiap,pulsa tiap
pesanlah,pesanlah
ketuker,tertukar
hampun,hampir
bilan,bilang
paya,bayar
sukses2,sukses-sukses
terusmenerus,terus-menerus
woyy,woy
mastiin,memastikan
kaliaplikasi,kali aplikasi
merasakannya,merasakannya
masyallah,masya Allah
ngempanin,memberi makan
membantujempolkeatasjempolkeatas,suka sekali
terpelit,pelit
payleternya,pay later nya
tertawaterbahakbahakwajahgembiraberuraiairmatatertawaterbahakbahakwajahgembiraberuraiairmata,tertawa
pekokcuma,bodoh hanya
nampilin,menampilkan
pekok,bodoh
basic,dasar
buatnya,membuatnya
daptarkirim,daftar kirim
smsmasih,SMS masih
2pusing,dua pusing
1600sms,1600 SMS
idbelum,ID belum
wajahgembiraberuraiairmatawajahdenganmatamengintip,gembira
kenali,mengenali
muluwajahgembiraberuraiairmata,biasa saja
menyecewakan,mengecewakan
mengkoneksi,menghubungkan
maukoneksikan,mau menghubungkan
loginbikin,login bikin
terpotongdan,terpotong dan
aktivi,aktivitas
idbcaket,ID BCA ket
tersediakata,tersedia kata
berkalamalah,berkala malah
detek,deteksi
aapplllikasi,aplikasi
dongo,bodoh 
semenggah,semegah
lagiwajahlega,lagi wajah lega
sellu,selalu
gka,tidak
adla,adalah
bls2nya,balas-balasan
smsnyajaringan,SMS jaringan
piyeeetolong,bagaimana tolong
bosstidak,bos tidak
warkopwajahterlalulelah,capek
kotakbentostroberikentanggorengalpukatanggurpopcornpudingsusunasikepalbiskuitkuemangkukmengepulkotakminumanesserut,gembira
counter,konter
counternya,konternya
muteerrr,muter
jamaannn,zaman
lengkapsangat,lengkap sangat
grapari,GraPARI
dirusuh,dirusak
pastika,pastikan
erortibatiba,error tiba-tiba
dalurat,darurat
digunakanjempolkebawah,tidak suka
ajangeselinselalu,saja mengesalkan selalu
ajselalu,saja selalu
pemudah,pemuda
id1,ID satu
bcaid1,BCA ID satu
canter,konter
lingkarannya,lingkarannya
stack,tumpukan 
nyaga,menjaga
acc2,akun dua
ribe,rumit
bcaparah,BCA parah
track,jejak 
terkecuali,kecuali
riwayatnotifikasinyagimana,riwayat notifikasinya bagaimana
kagawajahtanpaekspresi,tidak
memindahkan,memindahkan
lagidan,lagi dan
tertua,tertua
supitnya,sepitnya
vermuknya,vermaknya
banged,banget
ngusahin,menyusahkan
uk,kalau
barangkali,barangkali
bisasoalnya,bisa soalnya
barujk,baru saja
nonggol,muncul
13rban,tiga belas ribuan
dikitharus,kita harus
ending,akhir
cookk,cuk
seprti,seperti
fasfot,pasfoto
alpakasi,aplikasi
donwan,down
transasik,transaksi
erol,error
gilak,gila
transaksimalah,transaksi malah
ayaw,ayo
atmnyawalah,ATM-nya walah
banknnya,banknya
berkurangsukses,berkurang sukses
trrus,terus
pembuatnya,pembuatnya
aplikasihadeuhh,aplikasi hadeuh
orng,orang
tranper,transfer
jn,jalan
bekas,bekas
smsmenyusahkan,SMS menyusahkan
case,kasus
dimonitoring,dimonitor
issuenya,masalahnya
fixkan,perbaiki
paylaterpulsa,pay later pulsa
inipadahal,ini padahal
16k,enam belas ribu
2rban,dua ribuan
danaovogopay,Dana OVO GoPay
minimumsaya,minimum saya
minimum,minimum
rupiah,rupiah
apun,apapun
banya,banyak
pilihanya,pilihannya
klikga,klik tidak
kodeantolong,kode-nya tolong
sesimpel,sesederhana
puasterimakasi,puas terima kasih
stioa,stok
perfectwajahmemberikanciumanjauhwajahmemelukwajahtersenyumdengan3hatiwajahtersenyumlebarbermatahatiwajahtersenyumlebardanmatatertutupwajahtersenyumdenganmatabahagiawajahdenganmataberbentukbintangwajahpestawajahmaterialistismekarkembangsepatubungamataharimawarbungalayupelangimataharibintangmediumputihbulansabit,sangat gembira
kebanyak,kebanyakan
sanget,sangat
membntu,membantu
jesus,Yesus
christ,Kristus
inbuang2,ini buang-buang
wee,wah
langsun,langsung
saingannya,saingannya
naudzubillah,na'udzubillah
komunikatif,komunikatif
dilakuin,dilakukan
intruksi,instruksi
oktuh,oke tuh
salah2,salah-salah
siiippp,sip
evaluasinya,evaluasinya
konsul,konsultasi
pelayanannyakode,pelayanannya kode
aktivasibrkali,aktivasi berkali-kali
pingerprint,sidik jari
bnerin,benarkan
finansialpin,PIN finansial
logoutlogin,keluar masuk
intal,instal
yakok,ya kok
upin,Upin
ipin,Ipin
sarajana,sarjana
keblockirsdg,terblokir sedang
tete,tetap
hbg,hubung
hadeuhhh,hadeuh
14th,14 tahun
susak,susah
antap,mantap
kksoalnya,kartu keluarga soalnya
kmpg,kampung
sayabuat,saya buat
pra,pra
kerjadan,kerja dan
petugasdan,petugas dan
sayadan,saya dan
sindikat,sindikat
pencurian,pencurian
jatah,jatah
sayamksh,saya terima kasih
sinyalkuat,sinyal kuat
diulangulang,diulang-ulang
notifmutasi,notifikasi mutasi
kredituang,kredit uang
wjahy,wajah
susahmerah,susah merah
trooosssgk,terus tidak
terusakhirnya,terus akhirnya
mengeruk,mengeruk
rakyatwajahgembiraberuraiairmatawajahgembiraberuraiairmata,gembira
lagitertawaterbahakbahaktertawaterbahakbahak,tertawa
perusahaanganti,perusahaan ganti
penggunabikin,pengguna membuat
susahkirim,susah kirim
dalampembayaran,dalam pembayaran
dancukkk,dan bodoh
anking,anjing
fucek,bodoh
nyicilnya,mencicilnya
29l9,dua puluh sembilan ribu sembilan
92l,sembilan puluh dua ribu
l229,seribu dua ratus dua puluh sembilan
292ll,dua ratus sembilan puluh dua ribu
9992l,sembilan ribu sembilan ratus sembilan puluh dua
mm,milimeter
22l2,dua puluh dua ribu dua
we,wah
apala,apalah
senetron,sinetron
smsaplikasi,SMS aplikasi
terussjempolkebawahjempolkebawahjempolkebawah,tidak suka
kembalii,kembali
sekaliiii,sekali
burukupdate,buruk memperbarui
hiduppas,hidup pas
dukcapil,Dukcapil
anehmending,aneh mending
casless,cashless
gabakal,tidak bakal
nyamam,nyaman
cmiw,CMIIW
njing,anjing
krw,kira-kira
tengkorak,tengkorak
pljar,pelajar
nytengkorakbaganmenurun,menyesal
sabaran,sabar
pengarahan,pengarahan
arogan,arogan
okelahh,oke lah
deteck,deteksi
sekaliwajahbersungguhsungguhwajahbersungguhsungguhwajahbersungguhsungguh,memohon
operasional,operasional
bermenitmenit,bermenit-menit
a51,A51
bagusssmantappp,bagus mantap
dulusungguh,dulu sungguh
bastend,bastard
kebukak,terbuka
kitaa,kita
sùdah,sudah
selesai²,selesai-selesai
macem²,macam-macam
membantukalau,membantu kalau
setujuitolong,setujui tolong
lontong,lontong
jelaskanmelipattangan,terima kasih
bcaapkl,BCA aplikasi
nasabahnyaterimakasih,nasabahnya terima kasih
adajadi,ada jadi
men,pria
berhubung,berhubung
perkuat,perkuat
sekay,sekali
smsmaksa,SMS memaksa
ituhabis,itu habis
lansung,langsung
zamanribet,zaman ribet
smspayah,SMS payah
maksain,memaksa
kelansungan,kelangsungan
ngelakuin,melakukan
tempati,tempati
pengurusan,pengurusan
mybcamudah,MyBCA mudah
gunakanamantampilan,gunakan aman tampilan
freshmy,My fresh
memuasakan,memuaskan
jawabnyaaaaaaaaa,jawabnya
mand,mandi
kotak,kotak
bahay,bahaya
sumpaaahhh,sumpah
banyakdisuruh,banyak disuruh
berminggu,berminggu
padahalnya,padahal
buangbuqng,buang-buang
timestamp,penanda waktu
beruntun,beruntun
mempertimbangkan,mempertimbangkan
pulsaterlalu,pulsa terlalu
tibet,ribet
huhfft,hufft
mnurun,menurun
milah,milah
modalin,modalin
blsnya,balasnya
numeriksidik,numerik sidik
uhuy,uhuy
menunda,menunda
lebaranbelanja,lebaran belanja
mudan,mudah
josssjempolkeatasjempolkeatasjempolkeatas,suka
bulan2,bulan-bulan
tahun2,tahun-tahun
kovirmasa,konfirmasi
ha,hah
bodo,bodoh
hadeehbca,capek bca
shoppe,aplikasi e-commerce
vocer,voucher
melelahkanbukan,melelahkan bukan
langsungnyawajahcemas,cemas
jelassandi,jelas
finansialmalah,finansial malah
lahnomor,lah nomor
erorsinyal,errror sinyal
compatible,cocok
jak,iya
dame,sama
matab,mantap
kec,kecamatan
sareal,saran
pinta,pintar
susahmasa,susah masa
20rban,dua puluh ribuan
toppp,top
resto2,restoran
lengkapp,lengkap 
lainnyaa,lainnya
menuny,menu nya
ulasan2,ulasan
lewas,lawas
capek²,capek
dulutertawaterbahakbahaktertawaterbahakbahaktertawaterbahakbahaktertawaterbahakbahaktertawaterbahakbahaktertawaterbahakbahaktertawaterbahakbahaktertawaterbahakbahaktertawaterbahakbahaktertawaterbahakbahak,tertawa
sahan,saham
bukatulisan,buka tulisan
giniduit,gini duit
1jt,satu juta
hilangbener2,hilang benar benar
habis2sin,habisin
featurnya,fitur nya
mybcaa,MyBCA 
keblokirrr,blokir
notipp,notifikasi
syukaaa,syukur
bangetgampang,sangat mudah
yll,dan lain-lain
nyuruhnyuruh,memerintah
tersediaa,tersedia
koplaaak,bodoh
piye,bagaimana
terusotp,kode OTP
aplikasiplsa,aplikasi
bcanlopon,menelepon
tarip,tarif
yobel,jubel
samakin,semakin
map,peta
zong,sial
ininunggu,menunggu
sekalibayar,sekali bayar
jgatolong,jangan menolong
bejat,tidak bermoral
ngelawan,melawan
iniwajahbersungguhsungguh,serius
mbankingny,m-bankingnya
laah,lah
recomend,rekomendasi
nginput,menginput
satu2,satu-satu
anjlok,anjlok
pushing,mendorong
merugikansekali,merugikan sekali
masukdan,masuk dan
taig,tag
mengcewakan,mengecewakan
bedany,bedanya
jagan,jangan
bcawajahtersenyumlebarbermatahati,gembira
pmi,perusahaan kesehatan
negarawajahgembiradenganmatabahagia,senang
anjirr,sial
terserdiam,terdiam
transasinya,transaksinya
pkokoe,pokoknya
bcagk,bisa
pakaai,pakai
padadahal,padahal
lippo,Lippo
ebranch,e-branch
wajahgembiradenganmatabahagiawajahgembiradenganmatabahagiajempolkeatasjempolkeataswajahtersenyumdengan3hatimawar,gembira
tololll,tolol
reksa,reksa
siniyang,sini yang
sekaliudh,sekali sudah
dkrg,kurang
regiatrasi,registrasi
pulsabolak,pulsa bolak
smsmasuk,SMS masuk
kagapayahjgn2,jangan
fishing,phishing
nihbahaya,bahaya
ngatain,mengatakan
ketawawajahgembiraberuraiairmatawajahgembiraberuraiairmatawajahgembiraberuraiairmatawajahgembiraberuraiairmatawajahgembiraberuraiairmata,senang sekali
wajahgembiraberuraiairmatawajahgembiraberuraiairmatawajahgembiraberuraiairmatawajahgembiraberuraiairmatawajahgembiraberuraiairmatawajahgembiraberuraiairmatawajahgembiraberuraiairmatawajahgembiraberuraiairmatawajahgembiraberuraiairmatawajahgembiraberuraiairmatawajahgembiraberuraiairmatawajahgembiraberuraiairmata,gembira
dptar,daftar
anteng,tenang
parahorangtepukjidatorangtepukjidatorangtepukjidatorangtepukjidatorangtepukjidat,capek
aih,yah
bisange,bisa
bugkedip,bug kedip
bersangkutan,bersangkutan
mengajukanpinjaman,mengajukan pinjaman
tsu,itu
pinjeman,pinjaman
mksimal,maksimal
godjob,kerja bagus
sekalas,sekilas
nyadri,sadar
ngrim,kirim
mnrus,terus
rkning,rekening
mybcabukan,myBCA bukan
memper,memperbaiki
trimksh,terima kasih
gol,gol
gadis,gadis
pndaftaran,pendaftaran
sabtuminggu,Sabtu Minggu
nyaknp,kenapa
siapnya,siap
33nya,tiga-tiganya
haduuhh,aduh
menyenagkandan,menyenangkan dan
jobmantap,pekerjaan mantap
kenapasaya,kenapa saya
sayapadahal,saya padahal
sajadan,saja dan
ulangini,ulang ini
bergunadan,berguna dan
terburuksaran,terburuk saran
hadeww,aduh
bgtudh,begitu
duany,dua
lainy,lain
menyedol,menyedot
sama2,sama-sama
wajahberpikirini,wajah berpikir ini
wajahdenganmataterbukadantanganmenutupimulut,diam
sampean,anda
lngsng,langsung
logut,keluar
gabecus,tidak becus
kesalahan2,kesalahan-kesalahan
digunkan,digunakan
selerti,seperti
seblmnya,sebelumnya
34x,tiga puluh empat kali
mbkng,mobile banking
hurus,harus
ketauan,ketahuan
bukanny,bukannya
pulsany,pulsanya
masuknyapadahal,masuknya padahal
benergagal,benar gagal
taiii,kotoran
mulupadahal,mulut padahal
asliuninstal,asli uninstall
keuanganmantapppppp,keuangan mantap
taikkkkkkkk,kotoran
wajahdengansimbolpadamulutwajahdengansimbolpadamulutwajahdengansimbolpadamulut,diam
jelasdata,jelas data
semuaudah,semua sudah
bnrtrus,benar terus
banyaan,banyak
bulanannyabersin,bulannya bersih
waktutdk,waktu tidak
repot²,repot-repot
seblm2nya,sebelumnya
benaraneh,benar aneh
ktpel,KTP
mencobamudah2an,mencoba mudah-mudahan
satunyaa,satunya
wajahmenangiskeraswajahmenangiskeras,menyesal
wkwkwkwkkwkwk,tertawa
200mbps,dua ratus megabit per detik
dedicated,dedikasi
last,terakhir
pulsaooooh,pulsa
nyolongin,mencuri
kerjanyayg,pekerjaannya yang
ibubapak,ayah ibu
perubahn,perubahan
binar,bersinar
uuuuusaa,usaha
niiii,ini
sayng,sayang
loginsampah,masuk sampah
jelasmuter2,jelas berputar-putar
matap,hebat
wajahdengansimbolpadamulutwajahdengansimbolpadamulut,biasa saja
gamood,tidak mood
nye,nya
kopok,kempes
diulangkok,diulang kok
gagakl,gagal
depak,depak
laj,laju
pemeliharaannya,pemeliharaannya
bagusrespon,bagus respon
pasford,kata sandi
jlek,jelek
mudahcuma,mudah cuma
ngacobca,mencoba
blokirpadahal,blokir padahal
passwordkebanyakan,kata sandi kebanyakan
2015dan,dua ribu lima belas dan
bcapaylater,BCA Paylater
diumpan,diumpankan
iso,bisa
diumpan2,diumpankan
oemberitahuan,pemberitahuan
banki,bank
sata,saat
impian,impian
bole,boleh
transfr,transfer
slali,selalu
dpersulit,dipersulit
bisajempolkebawahjempolkebawahjempolkebawahjempolkebawah,tidak suka
cuih,jelek
loginblm,login belum
mulusayang,mulu sayang
bilng,bilang
bcaudh,bca sudah
mobilemybcahalobcabcasyariahmobileebrancbcamerchanbcaedcbca,biasa saja
bereskocak,beres lucu
aplikasimasa,aplikasi masa
rekeningudah,rekening sudah
idmasih,ID masih
kocakkocaaaak,sangat lucu
downloadhabis,unduh habis
trim,terima kasih
terussuruh,terus suruh
layanana,layanan
undercontrol,terkendali
robott,robot
diredmi,di Redmi
5a,lima A
muantaffff,sangat mantap
sekelah,sekilas
apkmemudahkan,APK memudahkan
anjirwajahmenyeringaiwajahmenyeringaiwajahmenyeringai,biasa saja
rekeningtidak,rekening tidak
tapii,tapi
sinijempolkebawah,sini jempol ke bawah
kirimjuga,kirim juga
berasil,berhasil
rumahatau,rumah atau
sidikjari,sidik jari
mukakan,muka kan
diperbaruibiar,diperbarui biar
gudd,baik
biak,biaya
digunta,digunakan
lawakwajahmerenung,lawak wajah merenung
terverivikasi,terverifikasi
kuduu,harus
yaakk,ya
wajahmuntah,wajah muntah
gmasuk2,tidak masuk
s8,delapan
sd5xz,lima XZ
bacaana,bacaan
oop,ups
urgen,mendesak
estimasi,perkiraan
renew,perbarui
jempolkeataswarnakulitgelap,suka
nyerot,nyala
doangudh,saja sudah
sendiridigunain,sendiri digunakan
terrrrribettt,sangat rumit
urus2nya,urusannya
restard,mulai ulang
wajahbabi,wajah babi
ulas,ulasan
elite,elit
mantapu,mantap
promonyaterima,promo nya terima
rspon,respon
lingkarn,lingkaran
masuh,masuk
gamar,gambar
veorf,verifikasi
alih2,alih-alih
pngn,ingin
bcaakhirnya,BCA akhirnya
susahdan,susah dan
bumnyg,BUMN yang
kreditgoodbye,kredit selamat tinggal
errorbuang,kesalahan buang
apknyawajahtanpaekspresiwajahtanpaekspresiwajahtanpaekspresi,biasa saja
disebelah,di sebelah
myaa,milik saya
programnya,programnya
gedewajahmemeluk,besar wajah memeluk
merauke,Merauke
papua,Papua Selatan
selatan,diperkuat
diperkuat,susah
payahlah,payah
kecewajempolkebawahjempolkebawahjempolkebawahjempolkebawahjempolkebawah,kecewa
maav,maaf
1baru,satu baru
dicopot,dilepas
diregistrasi,diregistrasi
p4100935,P empat satu nol nol sembilan tiga lima
zonkkk,tidak beruntung
mendesakburu2,mendesak buru-buru
lahkirim,lalu kirim
begini2,begini-begini
masukketika,masuk ketika
terkabulkan,terkabul
tangandenganjaritelunjukdanibujarimenyilangwarnakulitcerah,biasa saja
fasword,kata sandi
sistim,sistem
okeetapi,oke tetapi
ngmbi,mengambil
pmbukan,pembukaan
rekenig,rekening
ivisien,efisien
atme,ATM
nyaatau,nya atau
supayabisaaktif,supaya bisa aktif
busukk,busuk
optimalterkadang,optimal terkadang
registrasibuang²pulsaklau,registrasi buang-buang pulsa kalau
mulukembangin,muluk kembangkan
inisedang,ini sedang
smsudh,pesan singkat sudah
bangeet,banget
gabsa,tidak bisa
pakesering,pakai sering
kembalimasa,kembali masa
lebihga,lebih tidak
lahabal2,laba-laba
loginwajahmenangiskeraswajahmenangiskeraswajahmenangiskeras,kecewa
keselll,kesal
ytta,ya
1minggu,satu minggu
liquiditas,likuiditas
gimick,gimik
jawabanny,jawabannya
fungsi2nya,fungsinya
wajahsangatmarahwajahsangatmarahwajahsangatmarahwajahsangatmarahwajahsangatmarahwajahsangatmarah,marah
developler,pengembang
ngluarin,mengeluarkan
habiskalau,habis kalau
dikluarkan,dikeluarkan
menghabisin,menghabiskan
bisapayahh,bisa payah
stabillogin,stabil masuk
menbantu,membantu
menyalah,menyalahkan
sebelumnyauntuk,sebelumnya untuk
tross,terus
untum,untuk
trans,transfer
ae,saja
bngstt,bangsat
sitemnya,sistemnya
spele,sepele
sekala,skala
goddddf,Tuhan
kerenjempolkeataswarnakulitcerahwajahtersenyumlebarbermatahati,keren
leter,huruf
bangget,banget
rsespon,respon
gitu²,begitu-begitu
jdi²,jadi-jadi
berjamjam,berjam-jam
melan,melayani
sunarti,Sunarti
14thn,empat belas tahun
perbankkan,perbankan
bankin,perbankan
pulsa2,pulsa-pulsa
40rbu,empat puluh ribu
ferifikasinya,verifikasinya
mantainance,pemeliharaan
berjam2,berjam-jam
ngeditek,mendeteksi
mosok,masa
menagkap,menangkap
membantutdk,membantu tidak
aksesmenghabiskan,akses menghabiskan
waktuberujung,waktu berujung
idihmohon,tolong
ng,tidak
apa²in,apa-apain
payahhabis2,susah habis-habis
plz,tolong
ajatau2,atau-tidak
masti,pasti
loginpdhl,masuk padahal
digunakansudah,digunakan sudah
mengoneksikan,menghubungkan
mybcabcacoid,myBCA BCA co id
bwrhasil,berhasil
bintangmediumputihbintangmediumputihbintangmediumputihbintangmediumputih,biasa saja
waw,wow
tgg,tunggu
zz,capek
warohmatulohi,bacaan agama
wabarakatuh,bacaan agama
pelanyan,pelayanan
ultah,ulang tahun
terusjempolkebawahjempolkebawahjempolkebawah,tidak suka
jozzzz,hebat
dpet,dapat
mybcaloginselalu,myBCA masuk selalu
memasuki,memasuki
penggunalogin,pengguna masuk
curi,mencuri
vertikasi,verifikasi
bahwasanya,bahwa
kreditkan,kreditkan
loging,masuk
dapt,dapat
jugabuang,juga buang
ammpuuuunnnnnnnn,ampun
january,Januari
febuary,Februari
tervirivikasi,terverifikasi
penipuannn,penipuan
oper2,oper-oper
anying,anjing
duamata,dua mata
wooiii,woi
aplikasiorg,aplikasi orang
uprage,upgrade
minuscek,minus cek
anjirrrmalahan,anjir malah
ceklalu,cek lalu
casback,cashback
fullsejauh,penuh sejauh
anjer,anjir
ttba,tiba-tiba
sendiriwajahlegawajahlegawajahlegawajahlega,lega
bisaberkali2,berulang kali
sekalimohon,sekali mohon
nolnya,kosong
otpnyaa,kode otp
manaaaaa,mana
jempolkeataswajahtersenyumlebar,suka
trs²an,terus-terusan
ewh,jijik
30rbu,tiga puluh ribu rupiah
lainmau,lain mau
terblokirpadahal,terblokir padahal
bodohjempolkebawahhidungbabiwajahmonyet,tidak suka
🇧‌🇨‌🇦‌,BCA
menyebalkanmasa,menyebalkan masa
trsudh,terus sudah
trsmasa,terus masa
performanya,kinerjanya
req,permintaan
goodgak,baik tidak
imel,email
masukparah,masuk parah
apkgk,aplikasi tidak
mbcaperbaiki,myBCA perbaiki
busyettt,buset
bngtmau,banget mau
product,produk
statanent,pernyataan
iklanwajahtersenyumlebardanmatatertutup,senang
mengeluhkan,mengeluh
benerbener,benar-benar
ygvmau,yang mau
akutapi,aku tapi
permuknya,permukaannya
sulitcanggih,sulit canggih
paycontactless,bayar tanpa kontak
muantaaap,mantap
qcnya,QC-nya
mangen,kangen
activation,aktivasi
usahlah,tidak usah
beut,banget
promoan,promosi
ngeprank,menipu
nginstal,menginstal
amsyong,gagal
daritadi,dari tadi
kelemparnya,terlemparnya
penerangan,penjelasan
aplokasinya,aplikasinya
wajaht,wajah
asem,asam
agama,agama
noktivasi,notifikasi
delivery,pengiriman
sekalibiaya,sekali biaya
rupia,rupiah
pulahadehhh,pula aduh
berproses,berproses
erorrrr,kesalahan
sehh,sih
wajahbersungguhsungguhwajahbersungguhsungguhwajahbersungguhsungguh,berusaha
susahhhhh,sangat susah
pollll,sangat
zonkk,tidak beruntung
mulumana,mulut mana
loginhadehhhhh,masuk aduh
gap,celah
yaklo,ya kalau
lgn,masuk
linkanejny,link anehnya
emailkonfirmasi,email konfirmasi
emailcs,email layanan pelanggan
haringengong,hari bengong
ngengong,bengong
mcdnya,McDonald's nya
superkecewa,sangat kecewa
reputasi,reputasi
dibangun,dibangun
bertahuntahun,bertahun-tahun
qrisusul,QRIS susul
sbge,sebagai
bk,bank
kq,kok
vampire,vampir
pertanyaannya,pertanyaannya
hadeuuuuh,aduh
sayangi,menyayangi
bawahan2nya,bawahannya
omg,oh Tuhan
3x24,tiga kali dua puluh empat
piyee,bagaimana
tow,tunggu
burukpulsa,buruk pulsa
kalitetap,kali tetap
gut,baik
mambantu,membantu
fulsa,pulsa
ultahnya,ulang tahunnya
inisih,ini sih
klaim,klaim
iklanin,iklan
raisa,Raisa
kredivowajahtersenyumlebardanberkeringat,senang
memebantu,membantu
bosjempolkebawah,bos jempol ke bawah
registerlog,registrasi masuk
jir,anjir
dibicarakan,dibicarakan
dibagikan,dibagikan
bobroknya,buruknya
masuklogin,masuk
maqin,makin
opst,ops
smsku,pesan singkatku
buseh,buset
mencobanya,mencobanya
bikinsudah,bikin sudah
baguuuuuss,bagus
berwarna,berwarna
kereeeeenn,keren
apaansih,apa sih
buset,buset
2k,dua ribu
notifikasijadi,notifikasi jadi
ketahui,ketahui
virikasi,verifikasi
bagusregistrasi,bagus registrasi
blokirmana,blokir mana
nyaendingnya,akhirnya
gagalmana,gagal mana
mantaaaaff,mantap
40k,empat puluh ribu
lahtiap,lah tiap
kenakan,kenakan
pulsaapa,pulsa apa
anudh,anu sudah
kuotaajadi,kuota jadi
paketangk,paket yang
sepertnyai,sepertinya
ribetwajahkecewanamunlega,kecewa
mantapppjabattangan,mantap
emailkintil,email jelek
hilangdan,hilang dan
bertele2,bertele-tele
daftar2,daftar-daftar
atmitu,ATM itu
semuasorry,semua maaf
sempurnasoalnya,sempurna soalnya
versiminta,versi minta
updatelangsung,perbarui langsung
ajaheranudah,saja heran sudah
lagislalu,lagi selalu
south,Selatan
afrika,Afrika
pakbu,bapak ibu
advise,saran
bintangmediumputihbintangmediumputihklo,biasa saja
aqw,saya
bintangnyaa,bintangnya
lega,lega
gaberes,tidak beres
kemanan,keamanan
ngambilnya,mengambilnya
fintech,teknologi finansial
dipikirin,dipikirkan
selebih,selebihnya
baikmelipattanganmelipattangan,terima kasih
firaun,firaun
sarjana,sarjana
susahbmendapatkan,susah mendapatkan
banyaknya,banyaknya
telemarketing,pemasaran melalui telepon
ai,kecerdasan buatan
kanca,teman
thermal,termal
kriling,keliling
sehinga,sehingga
masukmudah2an,masuk mudah-mudahan
terbilang,terbilang
berharihari,berhari-hari
lolos2,lolos-lolos
mengenakkan,menyenangkan
sinis,sinis
terjangkau,terjangkau
keinginannya,keinginannya
nabungnya,menabungnya
gagalllll,gagal
gagallll,gagal
empat×,empat kali
tiga×,tiga kali
bisaaaa,bisa
digunan,digunakan
sekuat,sekuat
miliki,memiliki
putuskan,memutuskan
unisntall,uninstall
poses,proses
factory,pabrik
wasting,membuang
approval,persetujuan
disiapin,disiapkan
pasar,pasar
persaingan,persaingan
disegerakan,disegerakan
jempolkeataswajahtersenyumdengan3hati,suka
updatan,pembaruan
pulsakalo,pulsa kalau
nasbah,nasabah
kecewapotongan,kecewa potongan
banyakmesin,banyak mesin
mybcatidak,myBCA tidak
terparahhh,terparah
sms1000x,pesan singkat seribu kali
sori,maaf
kajadian,kejadian
setatus,status
biayaya,biaya
riwayatnya,riwayatnya
tersaksi,tersaksi
nlfn,telepon
trusaneh,terus aneh
jaraknya,jaraknya
tembelek,tembel
gangguannya,gangguannya
gondok,kesal
berpenghuni,berpenghuni
jangankan,jangankan
beresin,bereskan
bersolusi,berikan solusi
rekannya,rekannya
umur,umur
danaku,danaku
senasib,senasib
loug,log
sendirilogin,sendiri masuk
pulsagk,pulsa tidak
login2gk,masuk tidak
ngilang,hilang
maafseharusnya,maaf seharusnya
uangsaldo,uang saldo
keluarinfo,keluar info
pen,pulpen
setelahnya,setelahnya
nyakalau,nya kalau
nyatrimakasih,nya terima kasih
cukupmohon,cukup mohon
legend,legenda
1080hd,seribu delapan puluh HD
lom,lompat
dehwajahmenangiskeraswajahmenangiskeras,sedih
dilarang,dilarang
kadang2,kadang-kadang
anggotanasabah,anggota nasabah
paylaterkriteria,kriteria bayar nanti
penalian,penilaian
hoki,keberuntungan
mintanya,memintanya
atmaelah,ATM
input2,input
dafrat,daftar
mengatas,mengatasnamakan
namakan,mengatasnamakan
3th,tiga tahun
logintruss,masuk terus
tibamasuk,tiba masuk
lagingabisin,lagi menghabiskan
nyampe²,sampai-sampai
hadeehhh,aduh
nyalupa,lupa
merugi,merugi
1500sms,seribu lima ratus pesan singkat
memeras,memeras
inijaringan,ini jaringan
ajapulsa,saja pulsa
jancokk,kasar
diinput,diinput
sekalibad,sekali buruk
ibubpk,ibu bapak
rangkasbitung,Rangkasbitung
kntr,kantor
kerjain,mengerjakan
pusla,pulsa
dikomen,dikomentari
berkaali2,berkali-kali
book,pesan
database,basis data
indentitas,identitas
kelas,kelas
ekslusif,eksklusif
vdrifikasi,verifikasi
ngulang2,mengulang-ulang
awalribet,awal rumit
aktifnya,aktifnya
sampao,sampai
abalabal,abal-abal
oranglain,orang lain
ribeddss,rumit
padahak,padahal
sucves,sukses
verifukasi,verifikasi
kiri,kiri
kana,kanan
durasi,durasi
harusny,harusnya
memprmudah,mempermudah
sematkan,sematkan
robotok,robot
wajahselalu,wajah selalu
anjwengg,kasar
ampass,ampas
karyawannya,karyawannya
bermain,bermain
kelebihanya,kelebihannya
ainya,airnya
lancarr,lancar
sedikitpun,sedikit pun
monitor,memantau
vermukdeteksi,deteksi wajah
apadah,apa
pulsavia,pulsa melalui
tertawaterbahakbahakwajahtersenyumlebardanberkeringat,tertawa
amoun,jumlah
bisalogin,bisa masuk
myxl,kartu internet
pemindaian,pemindaian
5000rb,lima ribu
menawan,menawan
dab,dan
turuti,turuti
kapan2,kapan-kapan
awalmasa,awal masa
control,kendali
mbank,mobile banking
trus2,terus-terus
kanepa,kenapa
sesulit,sesulit
masbrooooooo,mas bro
trz,terus
meternya,meternya
djoko,Djoko
suyanto,Suyanto
mengatakan,mengatakan
fkg,Fakultas Kedokteran Gigi
ugm,Universitas Gadjah Mada
yogyakarta,Yogyakarta
masing2,masing-masing
kdg,kadang
benerr,benar
emali,email
melongo,melongo
ditanyaa,ditanya
susaaaaaaah,susah
rekam,rekam
jalanaplikasi,jalan aplikasi
playlaternya,paylaternya
ig,Instagram
terlengkpa,terlengkap
pernh,pernah
dala,dalam
apapunbca,apapun BCA
gontaganti,gonta-ganti
mengutamakan,mengutamakan
kepraktisan,kepraktisan
tolakkenapa,tolak kenapa
konl,kontrol
60rb,enam puluh ribu
datadiri,data diri
simak,simak
trasferan,transferan
sampahpulsa,sampah pulsa
dafyar,daftar
reaktivasi,reaktivasi
authenticator,autentikator
krmn,kemarin
jatim,Jawa Timur
apaann,apaan
wahh,wah
pemerasan,pemerasan
rugii,rugi
diperintahkan,diperintahkan
pembayaraan,pembayaran
bermaslah,bermasalah
upss,ups
pinjmn,pinjaman
telkom,Telkom
woylah,woy lah
wajahagakcemberut,kecewa
lain²,lain-lain
pingin,ingin
running,berjalan
eeeeeee,eh
berkahaamiin,berkah amin
vid,video
woii,woi
mendownloodnya,mengunduhnya
vrfkasi,verifikasi
terusjadi,terus jadi
bgusssssss,bagus
previkasi,praverifikasi
maintenis,pemeliharaan
veryfikasi,verifikasi
sucses,sukses
terdesak,terdesak
bagusyang,bagus yang
transferbeda,transfer beda
loginsinyal,masuk sinyal
tanggalbulantahun,tanggal bulan tahun
jammenitdetik,jam menit detik
sekarangmantap,sekarang mantap
slama,selama
wajahtersenyumlebardanmatatertutup,suka
sndiricapek,sendiri capek
buatmsuk,buat masuk
pqyah,payah
sipel,simple
fahamisukses,fahami sukses
groupdi,grup di
livatau,live atau
liv,live
hduh,aduh
nyampai,sampai
lancaraja,lancar saja
hih,hih
permanen,permanen
keblokirwajahgembiraberuraiairmata,sedih
gbisaanehh,tidak bisa aneh
kocakkkkkk,lucu
seharusny,seharusnya
mbcamybca,myBCA
minmelipattangan,admin melipat tangan
semalempadahal,semalem padahal
aktivasikmaren,aktivasi kemarin
loginknapa,masuk kenapa
sihhjelek,sih jelek
bcaampe,BCA sampai
berpuluh,berpuluh-puluh
sendiridan,sendiri dan
didapatkan,didapatkan
1680hadeh,seribu enam ratus delapan puluh aduh
tolongapa,tolong apa
disembunyikan,disembunyikan
ketikajadi,ketika jadi
rekeningsaya,rekening saya
tto,tetap
ih,ih
sudi,sudi
regstrasi,registrasi
dirimelipattangan,diri melipat tangan
balasansampah,balasan sampah
gjlas,tidak jelas
eehh,eh
ngrribetinnn,meribetkan
terooos,terus
burek,buram
pecah,pecah
trmasuk,termasuk
cepatjempolkeataswajahtersenyumdengan3hati,biasa saja
asuuuu,sialan
debiturwajahtersenyumdengan3hati,biasa saja
sedikit²,sedikit-sedikit
membuangbuang,membuang-buang
perhatiin,perhatikan
cukiiiiii,cukup
sebentar,sebentar
selesainya,selesainya
otpudh,OTP sudah
50x,lima puluh kali
sekalk,sekali
otpvia,OTP melalui
whatss,WhatsApp
uphadeuh,aduh
verifiy,verifikasi
macemnya,macamnya
susahh,susah
ojol,ojek online
karya,karya
bangsa,bangsa
wajahgembiradenganmatabahagiamelipattangan,gembira
adminya,adminnya
initerus,ini terus
pribadisy,pribadinya
huhungin,hubungi
angkatmohon,angkat mohon
responterima,respon terima
biarkan,biarkan
unstal,uninstall
kategorinya,kategorinya
edit2,edit-edit
second,kedua
terbaikkk,terbaik
banyakdri,banyak dari
mbcatambah,myBCA tambah
ganda,ganda
resgistrasi,registrasi
idwajahtersenyumdenganairmata,biasa saja
playleter,paylater
terushuhtolong,terus hujan tolong
tawakal,tawakal
sebelahkalo,sebelah kalau
foce,paksa
maa,maaf
tabungannya,tabungannya
mobiletangandenganjaritelunjukdanibujarimenyilang,biasa saja
aplikasidipilih,aplikasi dipilih
bisawajahmenangiskeras,biasa saja
kerentampilan,keren tampilan
losss,lepas
jempolkeatasjempolkeataspelayanan,suka sekali
okbayar,oke bayar
loginkalau,masuk kalau
menghargai,menghargai
cimb,CIMB Niaga
niaga,CIMB Niaga
akulaku,Akulaku
shopeepaylaterjenius,Shopee PayLater Jenius
indodana,Indodana
meengecewakanregistrasi,mengecewakan registrasi
repotpulsa,repot pulsa
diperbaikimerugikansangat,diperbaiki sangat merugikan
paksakan,memaksakan
bungkus,bungkus
nasi,nasi
aplikasiselalu,aplikasi selalu
smssedangkan,pesan singkat sedangkan
forclose,penutupan
letter,surat
bcaga,BCA
penokan,penolakan
kemudianahk,kemudian ah
llg,lagi
mantappemakaian,pemakaian mantap
fihak,pihak
office,kantor
ndm,NDM
1jam,satu jam
baterai,baterai
salahbenar,salah benar
lemon,lemon
membantusayang,sangat membantu
ij,izin
mybcafin,myBCA FIN
digitallis,digital
myasiafansial,myAsia Financial
tidakmelihatorangtepukjidat,capek
kaliluar,keluar kali
tuhaaannini,Tuhan ini
ginih,begini
bignya,besar
anjirrrrr,anjir
msi,masih
cobali,cobalah
ngisinya,mengisinya
rusaksaya,rusak saya
berhasilsukses,berhasil sukses
kecilpantas,kecil pantas
apaansi,apaan sih
insudah,ini sudah
asyik,asyik
kyg,seperti
gopayshopeepaydana,GoPay ShopeePay Dana
komplitsemoga,komplit semoga
perbankna,perbankan
bisa2yg,bisa-bisa yang
punyaku,punyaku
mantabjoossss,mantap
mulupdhl,mulut padahal
knpknppesan,kenapa pesan
bisawajahsangatmarahwajahsangatmarahwajahsangatmarahwajahsangatmarahwajahsangatmarah,marah
akseswajahkonyol,akses wajah konyol
playlaterada,paylater ada
keteranganterjadi,keterangan terjadi
pakaikalau,pakai kalau
diblokirhadehhh,diblokir aduh
aktipin,aktifkan
dounlout,unduh
krj,kerja
dimna,di mana
kaktpi,kak tapi
thanksjempolkeatasmelipattangan,terima kasih
aidik,audit
danamon,Danamon
rekening500000,rekening lima ratus ribu
budisatriana,Budi Satriana
perwira,perwira
verifikasiakun,verifikasi akun
seusai,sesuai
banyakverifikasi,banyak verifikasi
capeeeeujung,capek ujung
ampunnnnnn,ampun
mbankingmybca,mobile banking myBCA
kacauuuuumau,kacau mau
jawabannyaaplikas,jawabannya aplikasi
•aplikasi,aplikasi
•sms,pesan singkat
•tolong,tolong
blubca,BCA Blue
bcaxpresi,BCA Xpresi
•terimakasih,terima kasih
terhormatnapa,terhormat kenapa
penangan,penanganan
berhub,berhubungan
digunakankarena,digunakan karena
wajahtidurwajahtidur,wajah tidur
loginn,masuk
edan,gila
disetting,diatur
respin,respon
nemuin,menemukan
wajahtersenyumdenganairmatabca,capek
kintil,kontol
dlusoaly,dulu soalnya
pertanggal,per tanggal
bcacepat,BCA cepat
dibagian,di bagian
teknisi,teknisi
kutanya,saya tanya
walawe,astaga
seng,yang penting
gilaaaa,gila
login²,masuk-masuk
rijeck,ditolak
bulandi,bulan di
lagidri,lagi dari
tgl11,tanggal sebelas
pengajuanblum,pengajuan belum
penginputan,penginputan
dialamat,di alamat
terkahir,terakhir
ahmad,nama nasabah
ikbal,nama nasabah
outline,garis besar
parasit,parasit
kuatsemua,kuat semua
wajahkepanasanwajahkepanasanwajahkepanasanwajahkepanasanwajahkepanasan,marah
otpwajahkedinginanwajahkedinginanwajahkedinginanwajahkedinginanwajahkedinginan,capek
apo,apa
dio,dia
nyasdh,tidak
kaly,kali
lantak,biarkan
nyo,nya
dulujujur,dulu jujur
puluh×,puluh kali
gratiswajahmarah,marah
tidqk,tidak
wajahnyaa,wajahnya
aktivasilama2,aktivasi lama-lama
programer,programmer
bangetsekelas,banget sekelas
membantuuntuk,membantu untuk
57x,lima puluh tujuh kali
susan,nama nasabah
prosesnyailangin,prosesnya hilangkan
muluh,mulut
klikjempolkebawah,tidak suka
1aplikasinya,satu aplikasinya
dikonfirm,dikonfirmasi
dominan,dominan
finalisasi,finalisasi
checklist,daftar periksa
csonya,customer service
telephone,telepon
diberitahu,diberitahu
kdang,kadang
miar,biar
mengeceknya,mengeceknya
perguna,pengguna
pokonamah,pokoknya
c,si
ngalamiin,mengalami
bnr²,benar-benar
biodata,biodata
melaui,melalui
emailpdahal,email padahal
jelaslogin,jelas masuk
smsmenghubungkan,pesan singkat menghubungkan
smshabis,pesan singkat habis
benardiulang²,benar diulang-ulang
ajangabisin,saja menghabiskan
gabisa²,tidak bisa-bisa
dibuatkan,dibuatkan
ngabisain,menghabiskan
gagh,gagal
data2nya,data-datanya
cssudah,CS sudah
bisabca,bisa BCA
barjalan,berjalan
leway,lewat
payrool,payroll
seumur2,seumur hidup
fiturcatatan,fitur catatan
hayo,ayo
bagustampilan,bagus tampilan
sihgimana,sih bagaimana
sjbiar,saja biar
nyamannya,nyamannya
duniawajahberkedipwajahberkedipwajahberkedipwajahberkedipwajahberkedipwajahberkedip,oke
loyal,loyal
susahkatanya,susah katanya
smsselalu,pesan singkat selalu
gagaluda,gagal sudah
lahsinyal,lah sinyal
bugsama,bug sama
marah2,marah-marah
kebaca,terbaca
ribetndftr,ribet daftar
lampunya,lampunya
barubaru,baru-baru
mendatangkan,mendatangkan
kepercayaan,kepercayaan
pekerja,pekerja keras
keras,pekerja keras
bongkar,bongkar
hadeuhh,aduh
imput,input
karen,karena
ceklek,klik
sejelas,sejelas
hadapkan,menghadapkan
pulsasetiap,pulsa setiap
ngetiknya,mengetiknya
tuhwajahtersenyumdenganairmatawajahterlalulelahwajahterlalulelahwajahterlalulelah,menyesal
wajahsangatmarahwajahsangatmarahwajahsangatmarahwajahsangatmarah,marah
tiktok,aplikasi sosial media
pnbppenerimaan,penerimaan pajak
luncurin,mengeluarkan
benderaindonesiawanitamengenakanserbanwarnakulitcerahtangandiangkatdandirapatkanbersamamelipattangantangandiangkatdandirapatkanbersamawanitamengenakanserbanwarnakulitcerahbenderaindonesia,biasa saja
adehh,aduh
terjdi,terjadi
menitan,menit
terushabis,terus habis
5rbu,lima ribu
rejeki,rejeki
dubuka,dibuka
cengtang,centang
menyebalkansudah,menyebalkan sudah
ehhhkeblokir,eh keblokir
penyelesaiannyahapus,penyelesaiannya hapus
permasalahnburuk,permasalahan buruk
miui,MIUI
dulubikin,dulu bikin
kantorgak,kantor tidak
mobilepadahal,mobile padahal
cam,kamera
nyapas,kenapa pas
bootlop,bootloop
slowrespon,respon lambat
bungaaasss,bunga
menitwajahdenganmatakeatas,pusing
pertipikasi,sertifikasi
amsmales,sangat malas
makenyajuga,memakainya juga
begitugak,begitu juga
joos,mantap
iijii,izin
wajahtidur,capek
sett,set
pinpass,pin sandi
terlah,terlalu
laman,halaman
yailah,ya Allah
gbsa2,tidak bisa-bisa
ajeeee,saja
onlinebiar,online biar
folder,folder
tauuang,tahu uang
manadi,mana di
kehadir,kehadiran
mybcaterimaksih,myBCA terima kasih
diperangkatt,di perangkat
haeduh,aduh
bginisuruh,begini suruh
benerinlah,benarkan lah
bcamelipattanganjempolkeatasjempolkeatas,suka
jempolkeataswarnakulitcerahjempolkeataswarnakulitcerah,suka
habisrekening,habis rekening  
dapur,dapur  
diwaktu,di waktu  
mnggunakn,menggunakan  
anjingg,anjing  
evoucher,e-voucher  
yap,ya  
lancarsudah,lancar sudah  
keci,kecil  
s20fe,Samsung S dua puluh Fan Edition  
xiaomi,Xiaomi  
fc,Face Cam
emaile,email  
tololpadahal,tolol padahal  
ulangdan,ulang dan  
lagingemis,lagi menangis  
tetaptandasilang,tetap tanda silang  
tandasilangverifikasi,tanda silang verifikasi  
uy,hai
weh,weh  
terikirimkacau,terkirim kacau  
susahregistrasi,susah registrasi  
habisss,habis  
pend,pendaftaran  
verifikasiujung²,verifikasi ujung-ujungnya  
rekeningmutasi,rekening mutasi  
search,cari  
kencengan,kencang  
rupa,rupa  
brengseekk,brengsek  
inipas,ini pas  
kecil2,kecil-kecil  
kebanyakkan,kebanyakan  
trfnya,transfernya  
kontolllllllllllllll,kontol  
identifikasi,identifikasi  
terus2anudh,terus-terus sudah  
benerhari,benar hari  
sia2ribettttttt,sia-sia ribet  
bwat,buat  
updatewajahmenangiskeras,sedih
kd,kode  
plntoken,token PLN  
pnjem,pinjaman  
paylatenyako,paylaternya kok  
mintak,minta  
nyushin,menyusahkan  
pngenalan,pengenalan  
kmdian,kemudian  
pinjamannya,pinjamannya  
begoo,bodoh  
mantuljempolkeatasjempolkeatasjempolkeatas,mantap
aplikaainya,aplikasinya  
melulusialan,melulusi alan  
gatauu,tidak tahu  
thxuu,terima kasih  
sbnrnya,sebenarnya  
jringan,jaringan  
memfinalisasi,memfinalisasi  
saatorangmembungkukmelipattangan,capek
lahbulan,lah bulan  
upd,update  
rencana,rencana  
rec,rekaman  
lainsudah,lain sudah  
jelaa,jelas  
urusan2,urusan-urusan  
450k,empat ratus lima puluh ribu  
fiturx,fiturnya  
kalender,kalender  
trsssssss,terus  
duitt,duit  
herannn,heran  
dehgercep,deh gercep  
fungsionalitas,fungsionalitas  
nyajempolkeatasjempolkeatasjempolkeatasjempolkeatas,suka
ambo,saya
kecil²,kecil-kecil  
perih,perih  
liatnya,lihatnya  
khawatirkan,khawatirkan  
bayartransfer,bayar transfer  
mmbuat,membuat  
segalaa,segala  
umumnya,umumnya  
dongmasak,dong masak  
bula,bulan  
kwlitas,kualitas  
kacauuu,kacau  
henteu,tidak  
nyieun,membuat  
berahir,berakhir  
alhamddulilah,alhamdulillah  
uwang,uang  
wajahmerenungwajahmerenung,sedih
dulukenapa,dulu kenapa  
tolakterima,tolak terima  
whatsappgmail,WhatsApp Gmail  
okeh,oke  
tambhkan,tambahkan  
menjadwalkan,menjadwalkan  
sekalipun,sekalipun  
altif,aktif  
duahati,dua hati  
pgn,ingin  
tmbahin,tambahkan  
wajahberkacamatahitamwajahberkacamatahitamwajahberkacamatahitamwajahberkacamatahitam,keren
gunainnya,menggunakannya  
updeat,pembaruan  
skaliiii,sekali  
kuning,kuning  
memperlancar,memperlancar  
yakasian,ya kasihan  
jeda,jeda  
diwajibkan,diwajibkan  
buwat,buat  
menemui,menemui  
bcajuga,BCA juga  
tolakgk,tolak tidak  
accku,akun saya  
tolongdong,tolong dong  
adminny,adminnya  
kaliwajahsangatmarah,marah
capekk,capek  
orangtepukjidatjempolkebawah,capek
keuntungan,keuntungan  
pesawathotelbliblicomkado,pesawat hotel Blibli dot com kado  
ucapandllmybca,ucapan dan lain-lain myBCA  
memulih,memulihkan  
terbelokirtapi,terblokir tapi  
pulih,pulih  
terbelokirkenapa,terblokir kenapa  
demikiantolong,demikian tolong  
cellular,seluler  
bermasalahwajahmenangiskeraswajahmenangiskeraswajahmenangiskeraswajahmenangiskeras,menyesal
wajahkepanasanwajahtersenyumsombongtertawaterbahakbahak,biasa saja
baih,baik  
perlahan,perlahan  
berkedok,berkedok  
amit²,amit-amit  
kapitalis,kapitalis  
trbesar,terbesar  
kcu,KCU  
11rb,sebelas ribu  
hacker,peretas  
milyard,miliar  
bayamgin,bayam gin  
cairkan,cairkan  
ceknya,cek nya  
hack,meretas  
toeble,tubel  
mantapberguna,mantap berguna  
gagaludah,gagal sudah  
5xsangat,lima kali sangat  
merepotkannunggu,merepotkan menunggu  
bagustp,bagus tapi  
terimanya,terimanya  
pokoejempolkeatasjempolkeatas,suka
sejahterah,sejahtera  
saatregistrasi,saat registrasi  
tolongperbaiki,tolong perbaiki  
jloss,lolos  
biang,biang  
embeking,membeking  
gayaan,gaya-gayaan  
satukenapa,satu kenapa  
apkmbcahallobcamybcakan,aplikasi myBCA halo BCA myBCA kan  
semuatoh,semua  
bedatransfertariksetorcek,beda transfer tarik setor cek  
saldobelanja,saldo belanja  
important,penting  
trimkasi,terima kasih  
kopi,kopi  
kenangan,kenangan  
setoran,setoran  
klise,klise  
sussahnya,susahnya  
progresnya,progresnya  
siang²,siang-siang  
30menitan,tiga puluh menitan  
benernya,benarnya  
baguscm,bagus cuma  
pastilah,pastilah  
maurepot,mau repot  
perpesanan,perpesanan  
danashoopepay,dana ShopeePay  
dllsupaya,dan lain-lain supaya  
lagikalo,lagi kalau  
tlf,telepon  
personal,personal  
assisten,asisten  
yha,ya  
memuaskanketika,memuaskan ketika  
cepatramah,cepat ramah  
mengarahkan,mengarahkan  
notabene,notabene  
ketidaktahuan,ketidaktahuan  
nasabahpokol,nasabah pokok  
lgkap,lengkap  
cupu,cupu  
bgttrus,banget terus  
menuyyg,menu yang  
satupunpulsa,satupun pulsa  
kecewasudah,kecewa sudah  
baheula,zaman dahulu  
cpat,cepat  
ditmbahin,ditambahin  
dignti,diganti  
terbaiks,terbaik  
sekalisimpel,sekali simpel  
persetujuannya,persetujuannya  
tumben2an,tumben-tumbenan  
doangtapi,doang tapi  
ngaitin,mengaitkan  
alasannyasudah,alasannya sudah  
ida3,ida tiga  
kehubunganeh,kehubungan aneh  
lengkapmasih,lengkap masih  
menggandakan,menggandakan  
titiknya,titiknya  
camenya,kameranya  
terdeketsi,terdeteksi  
duakali,dua kali  
bertan,bertanya  
tegas,tegas  
dalammelayani,dalam melayani  
drama,drama  
tekorrr,tekor  
masukwajahlega,masuk wajah lega  
gemagus,gemas bagus  
lan,lan  
dumeh,karena  
musik,musik  
yutob,YouTube  
brimoparah,Brimo parah  
wahhh,wah  
benerudh,benar sudah  
vangke,kasar  
transaksiwajahtersenyumdengan3hatiwajahtersenyumdengan3hati,suka
depelover,pengembang  
atao,atau  
1100sms,seribu seratus pesan singkat
dam,dam  
parword,kata sandi  
gagalpadahal,gagal padahal  
parahmau,parah mau  
teruspulsa,terus pulsa  
meang,memang  
dipersulitlah,dipersulit lah  
gjo,kerja bagus  
ec,sertifikat elektronik
butuhan,kebutuhan  
sarana,sarana  
aplikasisemoga,aplikasi semoga  
ribetkan,meribetkan  
sblmny,sebelumnya  
bcamobilecek,BCA Mobile cek  
nsk,notifikasi  
riwayattp,riwayat tetapi  
lmbt,lambat  
msknyabaru,masuknya baru  
heitidak,hei tidak  
atmminta,ATM minta  
kerabat,kerabat  
isikan,isikan  
jmlh,jumlah  
brilliant,brilian  
pnbpmpn,PNBP MPN  
g2,generasi dua  
mudah2x,mudah-mudahan  
seengak,seenggaknya  
penipuansudah,penipuan sudah  
wajahmenyeringai,senang
tokope,Tokopedia  
tolaksaya,tolak saya  
sebwlumnya,sebelumnya  
daftarpastikan,daftar pastikan  
ditarik,ditarik  
gagal³,gagal-gagal  
teruspdhl,terus padahal  
begal,perampokan  
baru2,baru-baru  
50rbuan,lima puluh ribuan  
col,panggilan  
kedetek,terdeteksi
terusssdah,terus sudah
analisis,analisis
okrex,oke
sial,sial
menipu,menipu
enggk,enggak
aktif2,aktif-aktif
lemotmuter,lemot muter
terusmengecewakan,terus mengecewakan
kebutuhn,kebutuhan
lamaleletbikin,lama lelet bikin
mbngking,membingungkan
lumyan,lumayan
elktp,e-KTP
nyet,nyet
anjingggg,anjing
dhh,dah
berbulan2,berbulan-bulan
muluuuu,melulu
nyetttt,nyet
sanggup,sanggup
sewa,sewa
mahalan,mahal
lahhhh,lah
byebye,bye-bye
ngertii,ngerti
ngendap,mengendap
18rb,18 ribu
kurangin,kurangi
lob,lob
1bulan,1 bulan
verifaksi,verifikasi
nikmat,nikmat
responsnya,responsnya
tau²,tahu-tahu
ginidi,gini
muamalat,muamalah
trading,trading
sekunder,sekunder
menentu,menentu
berubahubah,berubah-ubah
penutupannya,penutupannya
bei,BEI
ikutidan,ikuti dan
aktivasikecewa,aktivasi kecewa
layan,layanan
bintangny,bintangnya
sengat,sangat
menbatua,membatu
wajahdenganmataberbentukbintangwajahdenganmataberbentukbintangwajahdenganmataberbentukbintangwajahdenganmataberbentukbintangwajahdenganmataberbentukbintang,gembira
provisioning,provisioning
oy,oi
ngrepotin,merepotkan
cesy,cesy
cabangdi,cabang di
menyelak,menyela
pembicaraan,pembicaraan
intonasi,intonasi
menyepelekan,menyepelekan
lawan,lawan
satpam,satpam
sajawajahmerenung,saja wajah merenung
atam,atap
kna,kena
istal,istal
gima,gima
singkatdan,singkat dan
pembeliannta,pembeliannya
gas,gas
acoun,akun
stuk,stuk
formasi,formasi
tiru,tiru
apapunthanks,apa pun terima kasih
2melipattanganwarnakulitcerah,baik
nnboxu,nnboxu
bdnbji,bdnbji
mbps,Mbps
ngedotlot,mengotot lot
bcaaidi,BCA ID
mlek,melek
supanya,supaya
kerna,karena
recehan,recehan
hutanjauh,hutang jauh
1gak,1 tidak
ajaperbaiki,saja perbaiki
kede,kedai
sejatra,sejahtera
senangterhadap,senang terhadap
dede,adik
haryanto,Haryanto
modelator,moderator
grup,grup
bandung,Bandung
jawa,Jawa
barat,Barat
perak,perak
aflikasi,aplikasi
150juta,150 juta
500juta,500 juta
vefry,februari
dipasang,dipasang
basiii,basi
sudahlah,sudahlah
nyasoal,nyasoal
rekwning,rekening
dimanakah,di manakah
babik,babi
posisiin,posisiin
ketulungan,ketulungan
jln,jalan
teims,terima kasih
halotelkomsel,halo telkomsel
terupdate,terbaru
anjayyy,anjay
smmending,sebaiknya
jugananggung,juga nanggung
banyakmasa,banyak masa
b8sa,bisa
barusudah,baru sudah
lainsaya,lain saya
dipakekadang,dipakai kadang
loi,loi
jempolkeatasoke,jempol ke atas oke
sbnr,sebenarnya
tpaksa,terpaksa
spp,SPP
rekomenden,rekomendasi
hidupka,hidupkah
restrat,restart
tomatis,otomatis
denga,dengan
sibuka,si buka
rosulullah,rasulullah
digures,digores
hbya,hanya
smsnyekek,smsnya kek
nyuri,mencuri
burukny,buruknya
kluarga,keluarga
trgantung,tergantung
gtw,gak tahu
uxnya,user experience-nya
soft,lunak
spa,spa
berprasangka,berprasangka
daftarnunggu,daftar tunggu
aplikasidengan,aplikasi dengan
gitumalah,begitu malah
parifikasinya,verifikasinya
tuhmales,tuh malas
sitem,sistem
halopasca,halo pascabayar
minn,admin
kereend,keren
palikasi,aplikasi
citibank,Citibank
csdatang,customer service datang
debat,debat
dwg,drawing
buntung,untung
kreditslik,kredit skoring
ojk,OJK
dungu,dungu
wajahlegahidungjempolkebawah,wajah lega hidung jempol ke bawah
membantulebih,membantu lebih
bosagar,bos agar
guru,guru
celengan,celengan
ayam,ayam
jeeelekkkkk,jelek
stel,setel
verifmuka,verifikasi muka
sulam,sulam
alis,alis
lagi²,lagi-lagi
10rbko,10 ribu
idr,IDR
nyablom,nyablom
kahidmasfira76,kahidmasfira76
ketolongan,ketulungan
najiss,najis
bangkai,bangkai
memproses,memproses
tersangkut,tersangkut
september,September
ngitungnya,menghitungnya
palak,kepala
cincong,cincang
xpress,ekspres
otista,Otista
masmasnya,mas-masnya
persiapan,persiapan
kedownload,terunduh
isiisiannya,isi-isiannya
mbambanya,mbak-mbaknya
pekerjaannya,pekerjaannya
approve²,diaprove
siapkan,siapkan
umpan,umpan
hadehhhhh,aduh
truk,truk
bangatt,bangat
masukloginya,masuk loginnya
jempolkeataswarnakulitcerahsedangokehatimerahmelipattangan,suka sekali
riskan,riskan
lowongan,lowongan
cyber,siber
crime,kejahatan
mengerikan,mengerikan
mikirin,memikirkan
sadari,sadari
wajahdiperbandikepalawajahdiperbandikepalawajahdiperbandikepalahantuhantu,kurang suka
periksa,periksa
emailbabibabi,email babi babi
uu,UU
ite,ITE
minggir,minggir
wajahtersenyumlebardanmemejamkanmatawajahgembiraberuraiairmatawajahgembiraberuraiairmatawajahgembiraberuraiairmata,gembira
masuk2saya,masuk-masuk saya
kejadiannya,kejadiannya
aduhhh,aduh
persen,persen
bukasaya,buka saya
mobiletolong,mobile tolong
perbaikiterima,perbaiki terima
agsts,Agustus
sendirinyaaneh,sendirinya aneh
bcadovelopernya,baca developernya
abaltolong,abal tolong
tercoreng,tercoreng
kasoh,kasih
ngechat,mengobrol
bb,BB
wajaha,wajah
2jm,2 jam
traksaksi,transaksi
kabanyakan,kebanyakan
seberat,seberat
beratnyamelipattangan,beratnya melipat tangan
banger,banget
apa2in,apa-apain
jkt,Jakarta
majulangi,maju lagi
b4,sebelum
persyaratannya,persyaratannya
10juta,10 juta
bahan,bahan
madahal,padahal
flexsibel,fleksibel
agt,anggota
dicabut,dicabut
lawack,lucu
pengaturannya,pengaturannya
yutubnya,YouTube-nya
pembyaran,pembayaran
kash,kasih
nyesal,menyesal
tautan,tautan
samperin,sambangi
±,sekitar
accwajahtersenyum,akses wajah tersenyum
kcpku,kecapku
langkah2,langkah-langkah
ketetangannya,keterangannya
agst,Agustus
marsalina,Marsalina
tefbana,tempat
selalau,selalu
atmbanksama,ATM bank sama
loginprosesnya,login prosesnya
peripikasi,verifikasi
perlahanlahan,perlahan-lahan
diruangan,di ruangan
dikirimkirim,dikirim-kirim
bagoooss,bagus
menyerupai,menyerupai
dimasalah,di masalah
allpelangipelangipelangipelangihatibenderamonakobenderamonakobenderamonakobenderamonako,gembira
cerita,cerita
pendinglalu,pending lalu
penerusan,penerusan
didenda,didenda
denda,denda
tdiny,tadi
teteppp,tetap
muncullll,muncul
memprotec,memproteksi
melindungi,melindungi
pakeribetbolak,pake ribet bolak
teruscoba,terus coba
updatemasih,update masih
jadilah,jadilah
goodjempolkeatasjempolkeatas,suka sekali
dituju,dituju
bangeett,banget
prbarui,perbarui
haruss,harus
olok,ejek
sayangkanwajahmengembuskannapas,capek
pecahan,pecahan
uangny,uangnya
masuknyaverifikasi,masuknya verifikasi
katanyalucu,katanya lucu
rusakdiganti,rusak diganti
digitaltrus,digital terus
dikinikan,dikinikan
ngmng,ngomong
jan,Januari
buanv,bulan
nihkacau,ini kacau
bacot,omong
pwd,kata sandi
sijidjari,sidik jari
diaksesoops,diakses
wifibelum,Wi-Fi belum
nyakenapa,nya kenapa
callnah,telepon
pinmalah,PIN malah
jelasdan,jelas dan
kmbli,kembali
lagipas,lagi pas
sekalijadi,sekali jadi
nyaapalagi,nya apalagi
perbaikiterimakasih,perbaiki terima kasih
toup,top up
pembeli,pembeli
kadaluwarsa,kedaluwarsa
langsungwajahtanpaekspresi,biasa saja
reaet,reset
elah,alah
daftarny,daftarnya
tampilanan,tampilan
uai,UI
fingergak,jari tidak
totlah,total
kuontool,akun
aktfs,aktif
kkantor,kantor
syaifulrahim,Syaiful Rahim
al,Al
mengribet,mengurusi
emailemailnya,emailnya
aktivasitp,aktivasi tapi
loginaplikasi,login aplikasi
mood,suasana hati
dluan,duluan
ngeloadnya,memuatnya
stroom,stroom
seblah,sebelah
rampok,perampok
kab,kabupaten
aplikcasion,aplikasi
layanin,layani
begongabisin,bodoh habisin
fatkululum,Fatkul Ulum
satset,cepat
aplikasimya,aplikasinya
tololudah,tolol sudah
burekg,buruk
isnot,bukan
pemegang,pemegang
hallopasca,halo pasca
mntep,mantap
wajahdenganmataberputar,capek
riber,ribet
lanjay,lancar
nyobawajahbermasker,biasa saja
1apk,1 aplikasi
unggulan,unggulan
sektor,sektor
pss,pusat
ngatik,mengatur
penampilannya,penampilannya
sadap,sadar
kureng,kurang
kitanya,kita
beberaoa,beberapa
nitifikasi,notifikasi
meluky,menyakitkan
rekeningmulti,rekening multi
mendaftatkan,mendaftarkan
ie,Internet Explorer
diperzulit,dipersulit
hadiah,hadiah
kereta,kereta
nengo,dengar
rewards,hadiah
panjang2,panjang
deploper,pengembang
ngonolo,menggila
maseee,masa
disinkronkan,disinkronkan
51rb,51 ribu
kotakabupatennya,kota kabupatennya
lgkp,lengkap
apaperusaan,apa perusahaan
apajalannya,apa jalannya
apakalau,apabila
orangapakah,orang apakah
bcasipersulit,bisa dipersulit
trimaksih,terima kasih
blog,blog
cman,cuma
andalin,andalkan
bcawajahtanpaekspresi,biasa saja
hanyak,hanya
ketutup,tertutup
serving,servis
3xinfo,3x info
aktifmau,aktif mau
lagibuang²,lagi buang-buang
cokk,cok
buatan,buat
cuiihh,cuih
kreditpun,kredit pun
termanjakan,termanja
callcenter,pusat panggilan
sampingan,sampingan
jamet,jamet
pemiskinan,pemiskinan
join,gabung
sampai2,sampai-sampai
revisi,revisi
kembalimau,kembali mau
onlineudah,online sudah
semuapas,semua pas
muluhp,muluh p
berlulang,berulang
permah,pernah
smslogon,sms logon
tangandiangkatdandirapatkanbersama,terima kasih
kacaulah,kacau lah
ttl,ttl
gasesuai,tidak sesuai
praktiss,praktis
buatin,buatkan
menitnya,menitnya
sbelumnya,sebelumnya
suguhkan,suguhkan
esensi,esensi
kelengkapannya,kelengkapannya
peranti,peranti
dst,dst
bisapulsa,bisa pulsa
bangatparahh,banget parah
scam,penipuan
𝙻𝙰𝚈𝙰𝙽𝙰𝙽,layanan
𝙰𝙿𝙺,aplikasi
𝙸𝙽𝙸,ini
𝙺𝙰𝙲𝙰𝚄𝚄𝚄𝚄,kacau
𝙺𝙰𝙻𝙾,kalau
𝚅𝙸𝚃𝚄𝚁,fitur
𝙾𝙺,oke
𝚃𝙰𝙿𝙸,tapi
𝚃𝙸𝙰𝙿,tiap
𝙺𝙰𝙻𝙸,kali
𝙼𝙰𝚂𝚄𝙺,masuk
𝚂𝙴𝙻𝙰𝙻𝚄,selalu
𝙱𝙴𝚁𝙼𝙰𝚂𝙰𝙻𝙰𝙷,bermasalah
𝚂𝙼𝚂,sms
𝙵𝙴𝚁𝙸𝚅𝙸𝙺𝙰𝚂𝙸,verifikasi
𝚂𝙰𝙼𝙿𝙰𝙸,sampai
𝙿𝙻𝚂𝙰,pulsa
𝙷𝙰𝙱𝙸𝚂,habis
40𝙺,40k
𝚃𝚃𝙿,tetap
𝙱𝙸𝚂𝙰,bisa
𝙰𝙳𝙰,ada
𝙱𝙻𝙰𝚂𝙰𝙽,balasan
𝙷𝙿,hp
𝙳,di
𝚂𝙴𝚃𝙸𝙽𝙶,setel
𝚄𝙻𝙰𝙽𝙶,ulang
𝙼𝙰𝙻𝙰𝙷,malah
𝙶𝙴𝚁𝙰𝙸𝙽𝚈𝙰,gerainya
𝙻𝙰𝙽𝙶𝚂𝚄𝙽𝙶,langsung
𝚂𝙸𝙼,sim
𝙼𝙰𝚂𝙰𝙻𝙰𝙷,masalah
𝚃𝙻𝙿,telepon
𝙲𝚂,cs
𝙹𝙰𝚆𝙰𝙱𝙰𝙽𝙽𝚈𝙰,jawabannya
𝚂𝙰𝙼𝙰,sama
𝚂𝙾𝙻𝚄𝚂𝙸,solusi
𝙳𝙰𝚃𝙰𝙽𝙶,datang
𝙲𝙰𝙱𝙰𝙽𝙶,cabang
𝙿𝙴𝚁𝙲𝚄𝙼𝙰,percuma
biasahatiberdetak,biasa hati berdetak
proloogggg,prolog
iloveu,saya cinta kamu
attitude,sikap
ilang²,hilang-hilang
gasabaran,tidak sabaran
bestt,terbaik
laa,lah
regristrasinya,registrasinya
persulitt,persulit
ajng,anjing
keluar2,keluar-keluar
padhahal,padahal
ribetabis,ribet habis
smsjangan,sms jangan
mantappulsa,mantap pulsa
adakayak,ada kayak
onlinesudah,online sudah
datangtertawaterbahakbahaktertawaterbahakbahaktertawaterbahakbahakada2,tertawa
cuanbagi,cuan bagi
batuan,bantuan
sarankarna,saran karena
sia2mybca,sia-sia mybca
atasjadi,atas jadi
sampul,sampul
segara,segera
perbaikiwajahtersenyumdenganairmatamelipattangan,oke
kecewaa,kecewa
ktinggakan,ketinggalkan
jglain,jangan lain
mencopot,mencopot
membersihkan,membersihkan
pakaidan,pakaian dan
bermingguminggu,berminggu-minggu
welmanya,wilayahnya
jelk,jelas
jelassetiap,jelas setiap
tertawaterbahakbahakisyaratkemenangan,tertawa
opppppsssss,ups
menyebalkanwajahtersenyumlebardanberkeringat,benci
meneruskan,meneruskan
anjg,anjing
bgsd,bangsat
diandalkan,diandalkan
club,klub
ribetbikin,ribet bikin
gagalskli,gagal sekali
dibuatverifikasiny,dibuat verifikasinya
gagalsdh,gagal sudah
fto,foto
verifikasitulisanny,verifikasi tulisannya
terdekatjempolkebawahjempolkebawahjempolkebawahjempolkebawahjempolkebawah,benci
kelar²,kelar-kelar
bukain,bukakan
bgtusetingan,begitu setelan
setingan,setelan
dablekbenerin,dableg benerin
notifnyalulusan,notifikasinya lulusan
nomina,nomina
nilain,nilainya
hadehhhhhh,haduh
sampahbolak,sampah bolak
verifikasiknapa,verifikasi kenapa
sajaribet,saja ribet
periv,perih
maaaaaceeett,macet
frevikasi,verifikasi
kentut,kentut
aghhh,aduh
kapanpunenjadi,kapan pun jadi
sayaterimakasi,saya terima kasih
bcajempolkeatas,bca jempol ke atas
sekalisangat,sekali sangat
beungeut,wajah
geus,sudah
tepi,tepi
seuseuh,cuci
parah²,parah-parah
plase,pulsa
ampuuun,ampun
adasehingga,ada sehingga
sambung,sambung
ajakenapa,ajak kenapa
memudaahkan,memudahkan
paday,pada
ngulangngulang,mengulang-ngulang
tray,nampan
hapussss,hapus
ajaa,saja
dicari2,dicari-cari
gangguang,gangguan
bisaorangtepukjidat,bisa orang tepuk jidat
mobilemy,mobile my
apalagibnyk,apalagi banyak
swafoto,swafoto
bissmillah,bismillah
wajahtersenyumdengan3hatiwajahtersenyumdengan3hati,suka
dianjurkan,dianjurkan
ggwp,ggwp
dipahamicuman,dipahami cuma
inpo,info
diinpokan,diinfokan
yasuruh,ya suruh
brrti,berarti
mobilekenapa,mobile kenapa
barujdi,baru jadi
burukrewel,buruk rewel
gelo,gila
indo,indonesia
waktupulsa,waktu pulsa
dipakaisungguh,dipakai sungguh
customeraplikasi,pelanggan aplikasi
apasajalihat,apa saja lihat
buf,buf
mudahdan,mudah dan
lagijempolkeatas,lagi jempol ke atas
ewallt,e-wallet
vitrual,virtual
lagiiii,lagi
shopepay,shopee pay
butu,butuh
27rb,27rb
dtmbhkan,ditambahkan
jrg,jarang
gooooddddddjempolkeatasjempolkeatasjempolkeatasjempolkeatasjempolkeatas,suka sekali
maslah,masalah
pswordnya,kata sandinya
minasal,minimal
pahit,pahit
menyesak,menyesak
11jt,11jt
11juta,11 juta
disambungin,disambungkan
nangis,nangis
ceritakan,ceritakan
menggubris,menggubris
livn,hidup
toloong,tolong
gawean,pekerjaan
mutar2,mutar-mutar
ckckckk,ckckck
ngeblink,berkedip
faktor,faktor
badan,badan
memberitahu,memberitahu
diet,diet
kaartu,kartu
borossssss,boros
rentenir,rentenir
kaku,kaku
mewah,mewah
busukkkkkk,busuk
gamti,ganti
lgsung,langsung
modar,mati
lahpulsa,lah pulsa
orjelpis,orang jelek pisan
ora,ora
respondnya,responsnya
bangethabisin,banget habisin
klikkadang,klik kadang
kemenu,ke menu
150jt,150jt
bandingin,bandingin
syulit,sulit
giniyang,begini yang
tanyain,tanyakan
disdukcapilnya,disdukcapilnya
cintah,cinta
tuanya,tuanya
begodah,begoda
wassalam,wassalam
lagitarik,lagi tarik
boong,bohong
astagfirullah,astagfirullah
jempolkeatasjempolkeatasjempolkeataswajahtersenyumlebarbermatahati,suka sekali
konsultasi,konsultasi
bintangmediumputihbintangmediumputihbintangmediumputihbintangmediumputihbintangmediumputihbintangmediumputih,bintang
terusbuang,terus buang
offkan,matikan
vocher,voucher
cewek,cewek
gelapnya,gelapnya
matanya,matanya
aplikaei,aplikasi
terakhir2,terakhir-terakhir
pertahanan,pertahanan
mengapresiasi,mengapresiasi
yerdepanyess,ya depan yes
mantapdan,mantap dan
terpercayasungguh,terpercaya sungguh
tingkt,tingkat
1fitur,satu fitur
smstp,sms top
aktivasiisi,aktivasi isi
uangell,uang
aktivasine,aktivasi
luelet,ulang
gawe,gawe
uangel,uang
nuemen,nemu
petuk,temu
estetik,estetika
bengkak,bengkak
lock,kunci
dariku,dariku
chears,cheers
antisipasi,antisipasi
mantp,mantap
lnjut,lanjut
activate,aktifkan
fulsanya,fulusnya
masukn,masukkan
faswword,password
akases,akses
duluh,dulu
loginsaya,login saya
berkeluarga,berkeluarga
nyaminal,nyaman
aidzin,amin
walfaizin,walaupun
bantumelipattanganmelipattanganmelipattanganmelipattangan,bantu
pahamin,pahami
yesbca,ya BCA
oj,ojek
excited,bersemangat
terditeksi,terdeteksi
jios,jelas
mantabtransaksi,mantap transaksi
kolektif,kolektif
maaantap,mantap
unik,unik
edisi,edisi
alhmdlh,alhamdulillah
memuaskanjempolkeatas,memuaskan (jempol ke atas)
haus,haus
ngehapus,menghapus
tfin,teflon
thanxz,terima kasih
kepiting,kepiting
ekspor,ekspor
terdetek,terdeteksi
ngubah,mengubah
rekomenin,rekomendasikan
ngewa,sewa
skaliemail,sekali email
segalah,segala
macamdi,macam-macam
7rb,tujuh ribu
verifed,terverifikasi
lamabuka,lama buka
bisatp,bisa tapi
akibat,akibat
wajahdan,wajah dan
pengkininan,pengkinian
2xhasilnya,dua kali hasilnya
pengbaruan,pembaharuan
kalisemakin,kali semakin
bcacapekkkkk,BCA capek
loe,kamu
dodol,dodol
op,op
panel,panel
prabayarnya,pra bayar
adapaket,ada paket
menggait,mengait
frameworknya,framework-nya
dimaksimalkan,dimaksimalkan
backbone,backbone
kotakota,kota-kota
ajasuruh,aja suruh
muhammadrefian,Muhammad Refian
dirinya,dirinya
sangatmembantu,sangat membantu
atur2,atur-atur
persulitkan,persulitkan
rekeningsgt,rekening sangat
"menolongthank,""menolong, thank""",
tepuktangantepuktangantepuktangantepuktangan,tepuk tangan
sekalikembangkan,sekali kembangkan
ngeceknya,ceknya
statemen,pendapat
transferanya,transfer-nya
mybcakedepan,my BCA ke depan
"ditingkatkantq,""tingkatkan, tq""",
laggsung,langsung
keunggulan,keunggulan
riwatat,riwayat
uangdana,uang dana
mengatur,mengatur
anjrit,anjrit
bioskop,bioskop
pesawatkerata,pesawat kereta
c3pat,cepat
alternatifku,alternatifku
mbcanya,maka
troooos,trus
kubu,kubu
sebelahnext,sebelah next
memggunakan,menggunakan
mini,mini
ditutuptutupi,ditutup-tutupi
tutupi,tutupi
teratsi,teratasi
cepatmantap,cepat mantap
komplitjd,komplit jadi
tagihan2,tagihan-tagihan
membelimembayar,membeli membayar
melipattanganwarnakulitcerahmelipattanganwarnakulitcerah,terima kasih
sampurna,sempurna
adawajahmenangiskeras,ada wajah menangis keras
sajajadi,sajakadi
dibenahiwajahtersenyumdenganmatabahagia,bersyukur
minmenu,menu
mengakomodasi,mengakomodir
kita²,kita-kita
nfcjadi,NFCjadi
duluterus,duluturut
kasirwajahmenangiskeraswajahmenangiskeraswajahmenangiskeras,menyesal
ceban,cepek
terputuspadahal,terputus padahal
lancargak,lancar tidak
kainlimit,kain limit
yuyun,yuyun
harun,haroen
lingkungan,lingkungan
ii,ii
ternate,Ternate
singkil,Singkil
islam,Islam
kawin,kawin
tangga,tangga
phk,PHK
pkh,PKH
bkm,BKM
bpnt,BPNT
mahasiswa,mahasiswi
pol,pol
jempolkeatasjempolkeatasjempolkeataswajahtersenyumdenganmatabahagia,suka sekali
lamamantap,lama mantap
laditingkatkan,ladi tingkatkan
sendind,sendiri
lihattransaksi,lihat transaksi
lupas,lupa
begookk,bego
sangat²,sangat-sangat
nyadg,nyaris
baikdi,baik di
laintks,lainnya
area,area
logindstu,login dulu
iditu,itu
katak,katak
perlihatkan,perlihatkan
rame,ramai
bagusdiluar,bagus di luar
bentaran,sebentar
bludll,bludl
jgnkan,jangan kan
gobanhasil,goban hasil
dijelaskanterimakasih,dijelaskan terima kasih
tabpa,tanpa
ngehubungin,menghubungi
walletbayarbayarubah,wallet bayar bayar ubah
panggilanhapus,panggilan hapus
perlukansemua,perlu semua
adabisa,ada bisa
nyabentar2,nyambat-nyambat
kejd,kejadian
bat,batas
bertx,bertaruh
kalag,kalau
pentunjuk,petunjuk
alhamdulillahpake,alhamdulillah pakai
fiturmenarik,fitur menarik
apkikasi,aplikasi
kabarkan,kabarkan
zonkwajahtersenyumlebardanberkeringat,percuma
gocap,gopek
hbngi,hubungi
wajahdengantanganmenutupmulut,nyengir
padat,padat
aktivafasi,aktiva fasi
ribetharus,ribet harus
smssudah,SMS sudah
lagigak,lagi tidak
capee,cape
benerwajahtidaksetujuwajahtidaksetujuwajahtidaksetujuwajahberkeringat,kurang suka
audah,sudah
aammmiiinnnntangandiangkatdandirapatkanbersamatangandiangkatdandirapatkanbersamatangandiangkatdandirapatkanbersama,baik
biometri,biometrik
jelassaya,jelas saya
lagijika,lagi jika
matangyah,matang ya
lahbukan,lah bukan
blokir2,blokir-blokir
systemmau,sistem mau
biometrinya,biometri nya
baik2,baik-baik
shoot,shut
lancarhanya,lancar hanya
kocag,kocak
bagaimna,bagaimana
cimanggis,Cimanggis
dibolak,dibolak-balik
baliki,balik i
mskn,masukkan
berenti2,berenti-enti
keyboardnya,keyboard nya
yahwajahberpikir,ya wajah berpikir
much,much
mantapbca,mantap baca
transferbagikan,transfer bagikan
screeshot,screenshot
sayangnaya,sayang naya
viturnya,vitur nya
notujuan,no tujuan
freze,freeze
oppo,Oppo
reno,Reno
wih,wah
okecuman,oke cuma
ironi,ironi
jempolkebawahwarnakulitcerahjempolkebawahwarnakulitcerahjempolkebawahwarnakulitcerah,tidak suka
300jthari,300 juta hari
100jthari,100 juta hari
berkilau,berkilau
kehalaman,ke halaman
idtapi,itu tapi
kebu,ke bu
tools,tool
listriktrima,listrik terima
trspayah,terus bayah
cz,CZ
bpu,BPU
tsbitu,tadi itu
bpumhn,BPUMHN
turunin,turunkan
ngerespon,mengerespon
jempolkeatasjempolkeatasjempolkeatasjempolkeatasokeokeokeoke,suka sekali
ingris,Inggris
yaaaa,ya
nggam,nggak
inpadahal,ini padahal
benartau2,benar tahu-tahu
tersambungkan,tersambungkan
jalanbuang2,jalan buang-buang
acount,akun
transfervirtual,transfer virtual
blaa,bla
dinonaktifkan,dinonaktifkan
gopaylink,go pay link
ajadanashopee,aja dan aha Shopee
kala,kala
bribsi,BRI BSI
tingal,tinggal
konter,konter
debitonekliktoggle,debit online klik toggle
ewalletfitur,e-wallet fitur
bagi²dan,bagi-bagi dan
nasabahdan,nasabah dan
notification,notifikasi
hahah,haha
kepo,kepo
30hr,30 hari
oiii,oi
simpandi,simpandi
daptarin,daftarkan
atmtolol,ATM tolol
bentuk,bentuk
inibertambah,ini bertambah
mantulmelipattanganmelipattangan,terima kasih
yasudah,ya sudah
sorenya,sore nya
ginijempolkeatas,begini jempol ke atas
pph,PPH
ahahah,ahahaha
rusakkkk,rusak
muke,muka
bagaikan,bagai kan
satria,Satria
baja,Baja
gen,gen
z,z
bagustransaksi,bagus transaksi
jugaaaa,juga
manteppp,mantap
tracking,tracking
debitkredit,debit kredit
tentar,tentara
cashleseh,cashless eh
chaslescepat,cashless cepat
gerak,gerak
nyasukses,sukses
pembacaan,pembacaan
terusjelas,terus jelas
dehjempolkebawahjempolkebawahjempolkebawahjempolkebawah,benci
terpantau,terpantau
didalamnya,di dalamnya
pelajar,pelajar
samain,samakan
setiaphapus,setiap hapus
vidiogambar2,video gambar-gambar
wajahkonyoltertawaterbahakbahak,tertawa
geser,geser
keluhanmksh,keluhan makasih
dimiliki,dimiliki
paydana,paydana
mantapsukses,mantap sukses
batasan,batas an
trace,lacak
dicoba2,dicoba-coba
rerima,diterima
sihtp,sih tetapi
woyyyy,hei
bangsatt,kasar
masalh,masalah
karingan,jaringan
keuranganya,kekurangannya
namanyabuat,namanya untuk
23kata,dua puluh tiga kata
estimasti,estimasi
penyelesaian,penyelesaian
noveh,novel
masalahbegitu,masalah seperti itu
kadaluarsahhhhhh,kedaluwarsa
obat,obat
ajatanpa,saja tanpa
lagijuara,lagi juara
bintng,bintang
bnding,bandingkan
kompetitornya,pesaingnya
tololorg,bodoh
enggatadi,tidak tadi
penjelasanya,penjelasannya
dinkasih,diberikan
ngggak,tidak
smaa,sama
jugabnyak,juga banyak
manfaatamntappertahankan,suka sekali
yajempolkeatasjempolkeatas,suka
sihpdhal,sih padahal
ahhsoalnya,ah soalnya
dikiria,dikira
taglis,tag list
5oke,lima oke
mengembangkan,mengembangkan
manajemen,manajemen
nasabahpengguna,nasabah pengguna
memberatkan,memberatkan
auditnya,auditnya
muara,Muara Angke
angke,Muara Angke
ditoko,di toko
brg,barang
looping,pengulangan
pengusaha,pengusaha
maux,mau
tajir,kaya
wowkw,wow
sol,solusi
bugerorr,bug error
bangetjempolkeatasjempolkeatas,suka
22nya,keduanya
sekaliwajahtersenyumdengan3hatihatimerah,suka sekali
pazwordnya,kata sandinya
sampai²,sampai-sampai
preet,preet
kake,kakek
sugiono,Sugiono
tonton,tonton
loooh,loh
ratiing,peringkat
bcapake,BCA pakai
kartusaldonya,kartu saldonya
gakeluar,tidak keluar
sistemmasa,sistem masa
ngemis,meminta-minta
nasabahnyapercuma,nasabahnya percuma
verifiksi,verifikasi
activasi,aktivasi
syang,sayang
mudahmelipattangan,terima kasih
"cepatmudahaman,""cepat, mudah, aman""",
blokk,blok
yaaahanya,ya hanya
kerekening,ke rekening
berkualitasgood,berkualitas baik
sehariharitapi,sehari-hari tetapi
rusuh,rusuh
kesimpulannya,kesimpulannya
bagusnbagett,bagus banget
burikkk,buruk
payahpartama,payah pertama
keterang,keterangan
terdftar,terdaftar
tdhrs,tidak harus
asliii,asli
menyemenye,berlembek-lembek
perbank,perbankan
verifikasii,verifikasi
diauruh,disuruh
banyal,banyak
mntab,mantap
kamimelipattanganmelipattanganjempolkeatasjempolkeatasjempolkeatasjempolkeatasjempolkeatas,memohon
fargood,sejauh ini bagus
menyukitkan,menyulitkan
baikcbo,baik coba
tae,tai
stylish,bergaya
baikwajahtersenyumdenganmatabahagia,gembira
monyt,monyet  
castaner,kasta rendah  
goodjob,kerja bagus  
trbaru,terbaru  
bcasmoga,BCA semoga  
brmanfaat,bermanfaat  
nasabah2,nasabah-nasabah  
bcalbh,BCA lebih  
dtingkatkn,ditingkatkan  
dperbanyak,diperbanyak  
ddlm,di dalam  
ysukses,ya sukses  
trkhusus,terkhusus  
bcasemoga,BCA semoga  
smkin,semakin  
amien,amin  
tandapanahback,tanda panah kembali  
aplksi,aplikasi  
gunakandi,digunakan di  
satsetsatset,cepat  
updatejd,pembaruan jadi  
tejadi,terjadi  
jobmelipattanganjempolkeatas,suka
direliskarna,dirilis karena  
dirilisterimakasih,dirilis terima kasih  
ttrfer,transfer  
mempermasalahkan,mempermasalahkan  
lancartapi,lancar tetapi  
pylaterku,paylaterku  
manapunsetauku,mana pun setahuku  
siep,siap  
diplaystore,di Play Store  
kerepotan,kerepotan  
hpnya,ponselnya  
neee,nih  
kewajiban,kewajiban  
efesiengood,efisien baik  
oky,oke  
produknya,produknya  
kuuuu,ku  
giro,giro  
charge,biaya  
koma,koma  
keunggulannya,keunggulannya  
muntak,muntah  
sudaah,sudah  
baguskirain,bagus kirain  
lengkapnya,lengkapnya  
vcny,vouchernya  
smpat,sempat  
nyebut,menyebut  
mba2,mbak-mbak
sayamelipattanganmelipattangan,terima kasih
borneoratu,Borneo Ratu  
istana,Istana  
britania,Britania  
raya,Raya  
ketua,Ketua  
kejaksaan,Kejaksaan  
agung,Agung  
pangtertim,Panglima Tertinggi  
tni,Tentara Nasional Indonesia  
€,Euro  
pengawas,Pengawas  
pengampu,Pengampu  
penanggung,Penanggung  
berdomisili,Berdomisili  
republik,Republik  
lahir,Lahir  
oktoberb1972,Oktober seribu sembilan ratus tujuh puluh dua  
asm,Institut Teknologi Nasional  
bcatarik,Surakarta  
limet,Budiawanti  
jutadan,Akademi Sekretari dan Manajemen  
wajahdenganmataberbentukbintangwajahdenganmataberbentukbintang,gembira
bertuliskan,bertuliskan
penampilan,penampilan
berbanyak,berbanyak
selulerhabis,seluler habis
mencukupiauto,mencukupi otomatis
gais,guys
kompensasi,kompensasi
gess,guys
jtaan,jutaan
ogahan,enggan
setadinya,seharusnya
vs,versus
nti,nanti
sjj,seharusnya
sulawesi,Sulawesi
utara,Utara
besarr,besar
hpduamataduamataorangtepukjidatorangtepukjidat,capek
syng,sayang
bagikanwajahsangatketakutanwajahsangatketakutan,takut
mempersulot,mempersulit  
5kali,lima kali  
bromau,bro mau  
nymasa,nya masa  
hospitality,keramahan  
ajgggggg,aduh  
logoutkluar,logout keluar  
kirikkkkk,kiri  
setannnn,setan  
nyh,nyah  
adaperlu,ada perlu  
ju,juga  
kesibukan,kesibukan  
seribeeeeet,sangat ribet  
gaga,gagal  
smswajahmalaikatwajahmalaikat,memohon
verifkasi,verifikasi  
aturanny,aturannya  
kpn,kapan  
tw,tahu  
ngefreze,membeku  
bcawajahtersenyumdengan3hati,biasa saja
nyasayang,nya sayang  
sekalikasih,sekali kasih  
ful,penuh  
buluk,jelek  
menjalin,menjalin  
resmi,resmi  
hayolah,ayo lah  
gebrakan,gebrakan  
menautkan,menautkan  
sangad,sangat  
eman,sayang  
lanjutannya,lanjutannya  
kamar,kamar  
pencahayaannya,pencahayaannya  
kmudian,kemudian  
sandisidok,sandi sidik  
berturut2,berturut-turut  
notip,notifikasi  
kesitu,ke situ  
masuk2nyuri,masuk-masuk mencuri  
kdepany,ke depannya  
sory,maaf  
pulsawajahtidur,pulsa wajah tidur  
owner,pemilik  
sensitif,sensitif  
tulung,tolong  
selisih,selisih  
ketengannya,keterangan  
nyobà,mencoba  
mlulu,melulu  
kerenjempolkeataswarnakulitcerahbintangmediumputihbintangmediumputihbintangmediumputihbintangmediumputihbintangmediumputihsemakin,gembira
bertransaksisaran,bertransaksi kisaran
dllmybca,dan lain-lain mybca
biasaterima,biasa terima
kasihmelipattanganwarnakulitcerahwajahagaktersenyum,terima kasih
susahampe,susah sampai
termakan,termakan
habishadehh,habis waduh
aplikasiy,aplikasinya
markotopjempolkeatasjempolkeatasjempolkeatasjempolkeatas,suka sekali
dicicil,dicicil  
onlinekendala,online kendala  
ujungx,ujungnya  
ajha,saja  
situwajahgembiraberuraiairmata,sedih
pull,penuh  
ngenntoot,tolol
telek,tai
habis²in,habis habisin
mang,pak
launcing,peluncuran
wajahtersenyumlebardanberkeringatdiluar,biasa saja
jamannya,jamannya  
geometri,geometri  
jelektidakmelihat,jelek tidak melihat  
kalok,kalau  
hahahahahaha,tertawa  
nyamandan,nyaman dan  
dimakanya,dimakannya  
cukupbagus,cukup bagus  
kkatas,ke atas  
bcamu,BCA-mu  
noob,pemula  
paswodnya,kata sandinya  
0kbps,nol kilobit per detik  
35mbps,tiga puluh lima megabit per detik  
muhasabah,muhasabah  
wahai,wahai  
woykasih,hei kasih  
jls²,jelas-jelas  
idngabisin,ID menghabiskan  
mengecewakanmau,mengecewakan mau  
bangetterlalu,sangat terlalu  
telepayah,telepayah  
multiple,ganda  
persatu,per satu  
handpone,ponsel  
mengingat2,mengingat-ingat  
membagikan,membagikan  
gajiii,gaji  
làgi,lagi  
jelaspulsa,jelas pulsa  
loginkek,masuk seperti  
bujganya,buruknya  
smslalu,pesan singkat lalu  
jugasampe,juga sampai  
ribualesan,ribuan alasan  
operatorpadahal,operator padahal  
sampaiintinya,sampai intinya  
ott,over-the-top  
loginberkali,masuk berkali-kali  
smstetapi,pesan singkat tetapi  
gagalhabisin,gagal habis  
gagalseharusnya,gagal seharusnya  
jelasabis2,jelas habis-habis  
loginnga,masuk tidak  
downloadjd,unduhan jadi  
regristasinya,registrasinya  
terusterus,terus-terus  
wajahbersungguhsungguh,serius
entod,kasar  
mateng,matang  
sayang²,sayang-sayang  
seting,pengaturan  
loginngabisin,masuk menghabiskan  
superrr,super  
ngotakngatik,mengotak-atik  
revolusi,revolusi  
jeleknya,jelek  
weird,aneh  
lewati,lewati  
ewalletnya,dompet digitalnya  
kode2,kode-kode  
smsakhirnya,pesan singkat akhirnya  
right,benar  
suliit,sulit  
yasusah,ya susah  
registrasipulsa,registrasi pulsa  
masukpayah,masuk payah  
hadeeehh,aduh  
5ribu,lima ribu  
lodingyah,memuat ya  
pede,percaya diri  
ujojkmuslim,jujur aku muslim  
1pulsa,satu pulsa  
cukuppengaturan,cukup pengaturan  
dibukaklo,dibuka kalau  
providersaya,penyedia layanan saya  
dongdan,dong dan  
dimetland,di Metland  
cileungsi,Cileungsi  
kecapean,kelelahan  
akta,akta  
fingger,sidik jari  
internettlpsms,internet telepon pesan singkat  
mybcambca,myBCA BCA  
kontk,kontak  
hilangtidak,hilang tidak  
bahgsat,kasar  
berner,benar  
anjkng,kasar  
plikasi,aplikasi  
dimunculinverifikasi,dimunculkan verifikasi  
aktivasipulsa,aktivasi pulsa  
ditipu,ditipu  
pulsadaftar,pulsa daftar  
menyesuikan,menyesuaikan  
sembunyikan,sembunyikan  
samping,samping  
terblokirgini,terblokir begini  
eah,aduh  
menyukai,menyukai  
emailbegitu,email begitu  
lgudah,lagi sudah  
terkirimabis,terkirim habis  
terusaplikasi,terus aplikasi  
pixel,pixel  
bagt,banget  
ternag,terang  
5menyesal,lima menyesal  
tpl,terlalu  
pakenyacuma,pakainya cuma  
soakk,sok  
doangtimbang,dong timbang  
btpn,BTPN  
diterapkan,diterapkan  
kecewakan,kecewakan  
wajahlegawajahlega,wajah lega
wajahterlalulelahwajahterlalulelah,capek
muluniat,Mulai niat  
poketrekening,kantong rekening  
post,pos  
nyisihkan,menyisihkan  
buruksangt,buruk sangat  
buruj,buruk  
depsn,depan  
a50,Samsung Galaxy A lima puluh  
du,dapat digunakan  
berkerja,bekerja  
hadehhhhhhhhh,aduh  
forget,lupa  
dibatesi,dibatasi  
hadeeeehh,aduh  
basa,bahasa  
betol,betul  
drive,mengelola  
lord,bos  
ajalogin,saja masuk  
terblokirtlg,terblokir tolong  
jawabany,jawabannya  
tmplate,template  
hbungi,hubungi  
bcaitu,BCA itu  
1000rupiah,seribu rupiah  
gatell,gatal  
lemott,lambat  
mybcaini,myBCA ini  
definisinya,definisinya  
prioritashari,prioritas hari  
erordi,kesalahan  
baiaya,biaya  
adminpertama,admin pertama  
100ribu,seratus ribu  
50ribudi,lima puluh ribu di  
adaini,ada ini  
bertaransaksi,bertransaksi  
buruuukkkk,buruk  
susahhhh,susah  
pajangan,pajangan  
gunakantertawaterbahakbahak,gunakan tertawa keras  
etdahhh,aduh  
benerrr,benar  
capeee,capek  
gagaal,gagal  
teruuuus,terus  
puasti,pasti  
brkurang,berkurang  
gilaa,gila  
7ribu,tujuh ribu  
aduuh,aduh  
yapdhal,ya padahal  
ahahaaa,tertawa  
abis²,habis-habis  
bangeeettttt,banget  
name,nama  
mobiletampilan,tampilan mobile  
hobinya,hobinya  
lamaaaaaaaaaa,sangat lama  
nmor,nomor  
proseslebih,proses lebih  
kemampuan,kemampuan  
amor,kesukaan  
duaduanya,dua-duanya  
anak2,anak-anak  
mybcajempolkeatas,myBCA jempol ke atas  
membantumelipattangan,membantu melipat tangan  
apinya,fiturnya  
gaguan,gangguan  
terperifikasi,terverifikasi  
dalem,dalam  
peecuma,percuma  
memgirimkan,mengirimkan  
kick,tendang  
ulangin,ulangi  
smsmohon,pesan singkat mohon  
registrasisudah,registrasi sudah  
pengaktifansetiap,pengaktifan setiap  
gagalhadehhh,gagal aduh  
mencentang,mencentang  
hbs2,habis-habis  
actived,aktif  
publish,publikasi  
apapunjadi,apa pun jadi  
peroses,proses  
terooess,terus  
digunakanfitur2,digunakan fitur-fitur  
masuktinggal,masuk tinggal  
komplitmakasih,lengkap terima kasih  
mengahabiskan,menghabiskan  
enteh,entah  
bgtwajahtersenyumlebardanberkeringat,senang
sttus,status  
rekom,rekomendasi  
ginimahwajahtersenyumdenganairmata,biasa saja
kemenunya,menu  
croom,keram
intinya,intinya  
pulsacabis,pulsa habis  
dikemanain,dikemanakan  
express,ekspres  
atm16,ATM enam belas  
ajuan,ajuan  
prosesbila,proses bila  
disejui,disetujui  
kejelasaninikah,kejelasan inikah  
dinamakan,dinamakan  
bangetudah,banget sudah  
nhedaftarinnya,tidak daftar  
pulsahabis,pulsa habis  
aktifmencoba,aktif mencoba  
peleternyaudah,paylaternya sudah  
accsangat,persetujuan sangat  
parahhapus,parah hapus  
kimal,kamal  
opo,apa  
metu,keluar  
logindikit,masuk sedikit  
penilaiannya,penilaiannya  
ajawajahbersungguhsungguhgua,saja wajah bersungguh-sungguh  
daonwajahsangatmarah,daun wajah sangat marah  
sama²,sama-sama  
terdaftartolong,terdaftar tolong  
kenyataan,kenyataan  
paylaternyaparah,paylaternya parah  
paswort,kata sandi  
“atau”,atau  
“dan”,dan  
ngebikin,membuat  
10ribuan,sepuluh ribuan  
apalagih,apalagi  
cabangplissssssss,cabang tolong  
grtsan,gratisan  
lagih,lagi  
wajahmengembuskannapaswajahmengembuskannapaswajahmengembuskannapas,capek
perhitungan,perhitungan  
gemar,gemar  
hobi,hobi  
prove,buktikan  
terdaptar,terdaftar  
dpatarkan,daftarkan  
greget,semangat  
kerasa,terasa  
prlu,perlu  
mail,email  
looking,mencari  
never,tidak pernah  
vermukkkk,verifikasi wajah  
sampahhh,sampah  
registrasinyawajahsangatmarahwajahsangatmarah,marah
disain,desain  
punggung,punggung  
tertolak,tertolak  
semsimple,sederhana  
umbrusss,serius  
menyatakan,menyatakan  
pyn,pun  
nyamannyoba,nyaman mencoba
selfiwajahtersenyumlebardanberkeringat,senang
sulitwajahmerenung,sulit wajah merenung  
sarabsngga,sarapan dan bangga  
yaudah,ya sudah  
begus,bagus  
hahahhaha,tertawa  
sekaliii,sekali  
komponen,komponen  
cepatlangsung,cepat langsung  
iniverifikasi,ini verifikasi  
koyak,robek  
ndrooo,Android  
logindaftar,masuk daftar  
nyaterima,nya terima  
errorpadahal,kesalahan padahal  
aing,saya  
flazzsaldo,saldo Flazz  
rekkalah,rekening kalah  
inisdh,ini sudah  
betulpulsa,betul pulsa  
bayarjaringan,bayar jaringan  
jugamengajukan,juga mengajukan  
aduan,aduan  
screenshoot,tangkapan layar  
dikirimsemua,dikirim semua  
mengalihkan,mengalihkan  
begitulah,begitulah  
persujuan,persetujuan  
bertahun²,bertahun-tahun  
kkb,kredit kendaraan bermotor  
prettttt,preet  
paylatergak,paylater tidak  
setujuipadahal,setuju padahal  
memastikan,memastikan  
teken,teken  
cb2,coba-coba  
dimenu,di menu  
keuar,keluar  
husus,khusus  
molor,molor  
transakaimalu,transaksi malu  
kasir,kasir  
menguasai,menguasai  
dihadapi,dihadapi  
terikirim,terkirim  
dicari,dicari  
pinjool,pinjaman online  
le,loh  
nnt,nanti  
setujuin,setujui  
wajahdengantanganmenutupmulutwajahdengantanganmenutupmulutwajahdengantanganmenutupmulutwajahdengantanganmenutupmulut,kecewa
sekaran,sekarang
wkkkkkk,tertawa  
loginjempolkebawahjempolkebawahjempolkebawah,tidak suka
lamaudah,lama sudah  
ngbisin,menghabiskan  
registrasii,registrasi  
kepesan,ke pesan  
confirm,konfirmasi  
tapat,tepat  
bah,bahkan  
badahal,padahal  
gacoor,tidak lancar  
tungguin,menunggu  
tersedi,tersedia  
kawan2,kawan-kawan  
gd,tidak ada  
manfaatnya,manfaatnya  
ajasekelas,saja sekelas  
muter2hellooo,berputar-putar halo  
yabikin,ya bikin  
nyusahincoba,menyusahkan coba  
smseh,pesan singkat  
ribetgagal2,ribet gagal-gagal  
terusssjgn,terus jangan  
dahdari,sudah dari  
kalh,kalah  
et,itu  
mela,melainkan  
lui,luar  
ciyee,ciye  
kelar2,selesai-selesai  
palsu,palsu  
fiturfasilitas,fitur fasilitas  
minimsudah,minim sudah  
ktapinjaman,kartu tanda penduduk pinjaman  
buruh,pekerja  
22tahun,dua puluh dua tahun  
kreditsekarang,kredit sekarang  
paylatertapi,paylater tetapi  
hqbis,habis  
unable,tidak bisa  
realm,domain  
project,proyek  
managernya,manajernya  
launch,peluncuran  
debetitu,debit itu  
bcasaldo,BCA saldo  
nasaba,nasabah  
golongan,golongan  
pngajuan,pengajuan  
paylaters,paylaters  
gaabisa,tidak bisa  
acb,ABC  
gasken,gas kan  
jelaskaga,jelas tidak  
nyah,saja  
menuhmenuhin,memenuhi  
sejelek,sejelek  
data²,data-data  
wajahtersenyumlebardanberkeringatwajahtersenyumlebardanberkeringatwajahtersenyumlebardanberkeringatwajahtersenyumlebardanberkeringatwajahtersenyumlebardanberkeringat,gembira
jelassuka,jelas suka
ngelagsalah,lambat salah
katanyapadahal,katanya padahal
benereh,benar
anehmendingan,aneh mendingan
dahbalik,sudah balik
macemgak,macam tidak
paylaterternyata,paylater ternyata
accgak,persetujuan tidak
molo,terlambat
pastian,kepastian
bangetsdh,sangat sudah
bsok,besok
revokcapek,lelah membatalkan
ngubungi,menghubungi
bcamending,BCA mendingan
josdd,hebat
burukngabisin,buruk menghabiskan
kuotaa,kuota
4sms,empat pesan singkat
dilempar2,dilempar-lempar
jokowi,Jokowi
lintah,lintah
aplikasinyatahap,aplikasinya tahap
uniknya,uniknya
dialami,dialami
wajahtersenyumlebardanmatatertutupwajahtersenyumlebardanmatatertutup,gembira
logingagal,login gagal
fermuka,wajah
email5x,email lima kali
jauhdatang,jauh datang
pulsabensin,pulsa bensin
kepakai,terpakai
npwpklo,NPWP kalau
yamohon,ya mohon
hasilny,hasilnya
msak,masak
coklat,cokelat
pantai,pantai
indah,indah
tidur,tidur
sesuatunya,sesuatunya
baca2,baca-baca
testimoni,testimoni
8ribu,delapan ribu
minat,minat
dahperingatan,sudah peringatan
gagaljadeuh,gagal aduh
bankingnya,perbankan
masukjdi,masuk jadi
dihp,di HP
bertransaksirecommended,bertransaksi direkomendasikan
melebihkan,melebihkan
kebaikan,kebaikan
keburukan,keburukan
peran,peran
tertolong,tertolong
sajalah,saja
fermuk,wajah
aktifkn,aktifkan
mobilenya,mobile-nya
njirrr,anjir
keterima,diterima
apresiasi,apresiasi
buruknya,buruknya
salin,salin
siih,sih
ktanya,katanya
nickname,nama panggilan
wkwkkwk,tertawa
terussudah,terus sudah
gagalemang,gagal memang
sudag,sudah
bangetsaat,sangat saat
gantinyamasa,gantinya masa
digantiminimal,diganti minimal
emailnyamana,emailnya mana
pulsanyagimana,pulsanya bagaimana
payahdi,payah di
kepedulian,kepedulian
aplikasideveloper,aplikasi pengembang
berinovasibuat,berinovasi buat
fulll,penuh
1m,satu juta
naikin,naikkan
4kali,empat kali
opp,ops
ayooo,ayo
pulsaabis,pulsa habis
ngbug,bug
ngmbisin,menghabiskan
telfn,telepon
jwban,jawaban
ksih,kasih
setempat,setempat
ribuuntung,seribu untung
sedikitgimn,sedikit bagaimana
dimn,di mana
kerena,karena
yad,ya
fi,fitur
kalonlohin,kalau kamu
mobole,mobile
rempong,repot
tanbah,tambah
nyonawajahberkedipwajahberkedip,oke
gimnaa,bagaimana  
detectedini,terdeteksi ini  
keseludah,kesal sudah  
laaa,lah  
nya★☆☆☆☆,tidak suka
ngendep,menyelinap  
bwh,bawah  
mendang,lebih baik  
semuga,semoga  
dibank,di bank  
wajahnyatrlalu,wajahnya terlalu  
duhhh,aduh  
burukkirim,buruk kirim  
berpa,berapa  
bsasya,bisa saya  
awalya,awalnya  
komenya,komennya  
jugajempolkebawah,tidak suka
tertawaterbahakbahaktertawaterbahakbahak,tertawa
paykater,paylater  
uninstalll,uninstall  
privasinya,privasinya  
samaa,sama  
wajaahhh,wajah  
abuss,abus  
gez,geser  
nyaho,tahu  
urang,saya  
wajahh,wajah  
sureemmmmnmmnn,sangat suram  
selesaiakun,selesai akun  
jaditapi,jadi tapi  
kacrut,buruk  
dnk,dan  
adsense,adsense  
harusy,harusnya  
berak,buang air besar  
sekebon,seluruh kebun  
pade,sama  
udan,hujan  
spylater,spaylater  
bitng,bintang  
tnks,terima kasih  
yya,ya  
1rb,seribu  
penggunannya,penggunaannya  
gp,Google Play  
iku,itu  
elo,kamu  
dc,diskon  
deopw,drop  
ujung²,ujung-ujungnya  
terhajadi,terjadi  
dapetin,dapatkan  
bisasampai,bisa sampai  
kliwajahsangatmarahwajahsangatmarahwajahsangatmarahwajahsangatmarahjempolkebawahjempolkebawahjempolkebawah,marah
jangab,jangan  
sebelom,sebelum  
ternyta,ternyata  
permasalahb,permasalahan  
otpdan,OTP dan  
bedain,bedakan  
lemooot,sangat lambat  
atmcabang,ATM cabang  
wuy,woy  
okuntuk,oke untuk  
disalahkan,disalahkan  
devops,DevOps  
wajahtersenyumlebardanberkeringatwajahtersenyumlebardanberkeringat,gembira
nmng,namun  
4x24,empat kali dua puluh empat  
proses2,proses-proses  
setujiin,setujui  
selsaiiny,selesainya  
mjadi,menjadi  
tawaran,tawaran  
jadddiii,jadi  
mding,mending  
bngtbca,banget BCA  
teesedia,tersedia  
mlubuang,masuk buang  
ajatolong,saja tolong  
hapuss,hapus  
dsn,dan  
sharing,berbagi  
mengatifkan,mengaktifkan  
disebutkan,disebutkan  
percakapan,percakapan  
direkam,direkam  
publikutilitas,utilitas publik  
mobilebiar,mobile biar  
embed,sematkan  
hadew,aduh  
haduhhaduh,aduh-aduh  
priatepukjidatorangtepukjidatsetelah,capek
pulsapriatepukjidatwanitatepukjidatorangtepukjidat,capek
ndadak,mendadak
repotrepothaduhhaduh,sangat capek dan menyesal
duitwajahmenjulurkanlidahdanmengedipkanmatawajahkonyolwajahmenjulurkanlidahdanmemejamkanmataorangmengangkatbahuorangmengangkatbahuorangmengangkatbahuaplikasi,oke
polpolannntertawaterbahakbahakmau,tertawa
lagiplus,lagi plus
setanah,sekarang
initertawaterbahakbahaktertawaterbahakbahaktertawaterbahakbahak,tertawa
beberap,beberapa
lemotwajahsangatmarahwajahsangatmarahwajahsangatmarah,marah sekali
payllatter,paylater  
ruangan,ruangan  
dikeluarin,dikeluarkan  
perbaikiii,perbaiki  
dibisa,bisa  
gaterlalu,tidak terlalu  
tiiba2,tiba-tiba  
bstelp,besok telepon  
lagijadi,lagi jadi  
lgotw,logout  
ajasoalnya,saja soalnya  
nyafak,nyata  
jadipulsa,jadi pulsa  
habismy,habis my  
berbedabeda,berbeda-beda  
meledug,meledak  
bbrapa,beberapa  
susuah,susah  
ngelawak,melawak  
ajawajahgembiraberuraiairmatatertawaterbahakbahak,tertawa
brengsk,brengsek
apkkalau,aplikasi kalau
cabangpulsa,cabang pulsa
loginujungnya,login ujungnya
mengecewakansetan,mengecewakan setan
terbitin,terbitkan
wajahkamera,wajah kamera
nomber,nomor
tolakbuset,tolak buset
akulakukredivohonestshopeesemua,Akulaku Kredivo Honest Shopee semua
nyaeh,ya
astagfirullahhh,astagfirullah
onlineinget,online ingat
bcapas,BCA pas
accsungguh,persetujuan sungguh
terllalu,terlalu
mentah2,mentah-mentah
payahhapus,payah hapus
perhatiannya,perhatiannya
tollong,tolong
goood,baik
dbuat,dibuat
ruweeettt,ruwet
prah,parah
pinggir,pinggir
luarrr,luar
ape,apa
lagikarna,lagi karena
memutus,memutus
percakapansaat,percakapan saat
ktpdan,KTP dan
lainnyaoperator,lainnya operator
lbukan,bukan
soslusi,solusi
sajaini,saja ini
bcawalaupun,BCA walaupun
bbyak,banyak
berfikir,berpikir
padal,padahal
ykalw,ya kalau
tambahn,tambahan
tetang,tentang
uangan,keuangan
penangkap,penangkap
okeokeokeokeoke,oke
ngelogot,logout
logot,keluar
edah,aduh
lgh,lagi
baguscepat,bagus cepat
benderamonakowajahberkacamatahitammenunjukkearahkananwarnakulitcerahmemosimbolpriajempolkeataswarnakulitcerahsimbolpriamemomenunjukkearahkiriwarnakulitcerahwajahberkacamatahitambenderamonako,biasa saja
piu,piutang  
mantafff,mantap  
registrsi,registrasi  
slider,penggeser  
pertma,pertama  
sudaj,sudah
melipattanganwajahtersenyumdenganmatabahagia,gembira
disni,di sini  
daja,saja  
bner2,benar-benar  
perivikasi2,verifikasi-verifikasi
patahhatipatahhatipatahhatipatahhati,kecewa
matamu,matamu  
goodservice,layanan baik  
ramah2,ramah-ramah  
terkorfimasi,terkonfirmasi  
aplikasinyamungkin,aplikasinya mungkin  
pembatasan,pembatasan  
bcasekarang,BCA sekarang  
kejahatn,kejahatan  
marat,marah  
terjadimungkin,terjadi mungkin  
koneksinya,koneksinya  
dicantumkan,dicantumkan  
kruaial,kru  
registrasiudh,registrasi sudah  
emailsmstapi,email dan pesan singkat tetapi  
ribetmaaf,ribet maaf  
ajathx,saja terima kasih  
lengkapprosesnya,lengkap prosesnya  
keluarmasuk,keluar masuk  
ampasnya,ampasnya  
sok2an,sok-sokan  
2nya,dua-duanya  
bodoh2,bodoh-bodoh  
bgdz,begitu  
nihmasa,ini masa  
memeeeeeeeeeek,mencoba  
donguntuk,dong untuk  
lainini,lain ini  
terusmelipattangan,terus melipat tangan  
minjol,pinjaman online  
udahhhhh,sudah  
pelanannya,pelayanannya  
closed,ditutup  
godd,baik  
teribet,terlalu ribet  
tamabhin,tambahkan  
donggggggg,dong  
mengitimkan,mengirimkan  
terblok,terblokir  
katakeren,keren  
swkarang,sekarang  
tambahakan,tambahkan  
berprestasiaamiin,berprestasi amin  
compile,gabungkan  
disatukan,disatukan  
mantap²,mantap-mantap  
topip,topik  
keren²,keren-keren  
mantaaappp,mantap  
yakni,yakni  
vangkeee,kasar  
reget,rusak  
ewaletblm,dompet elektronik belum  
sendikit,sedikit  
penyedia,penyedia  
jasablm,jasa belum  
esamsatpembayaran,e-Samsat pembayaran  
pdamtop,PDAM top  
mb,megabit  
jobjempolkeatasjempolkeatas,suka sekali
mantaabb,mantap  
manthul,mantap betul  
memuas,memuaskan  
solusinyaa,solusinya  
less,kurang  
satu2nya,satu-satunya  
niru,meniru  
malu2,malu-malu  
yapi,ya  
kch,kasih  
registrasinah,registrasinya  
lagiini,lagi ini  
veif,verifikasi  
dinyatakan,dinyatakan  
bagus2,bagus-bagus  
hadehbadut,aduh badut  
wilayah,wilayah  
cimuning,Cimuning  
mustika,Mustika  
bekasi,Bekasi  
timur,Timur  
sekalisemua,sekali semua  
keingin,keinginan  
tambahankan,tambahkan  
berpergian,berpergian  
tersediaapaan,tersedia apaan  
aktifinnya,mengaktifkannya  
diketik,diketik  
dipersulitsama,dipersulit sama  
mobileribetsy,mobile ribet  
nowtop,sekarang top  
dihapus2in,dihapus-hapus  
uptudateknp,update kenapa  
jugamybca,juga myBCA  
lahdan,lah dan  
regisnya,registrasinya  
benartapi,benar tapi  
bisasdh,bisa sudah  
bisagmn,bisa bagaimana  
bossq,bosku  
lengkapkaya,lengkap seperti  
tunaisetor,tunai setor  
detektor,detektor  
mondar,mondar-mandir  
mandir,bagus memudahkan  
bagusmemudahaka,bagus memudahkan  
transaksijempolkeatasjabattangan,terima kasih  
bcawajahberkacamatahitam,keren
anda2,kalian
galauwajahtersenyumlebardanberkeringatwajahtersenyumlebardanberkeringatwajahtersenyumlebardanberkeringat,kecewa
pulsajempolkebawahjempolkebawahjempolkebawah,tidak suka
sms2,pesan singkat-pesan singkat  
bulakbalik,bolak-balik  
sekalibegitu,sekali begitu  
terdekatribetcallcenter,terdekat ribet call center  
banyak15000,banyak lima belas ribu  
menapun,mana pun  
gagalnya,gagalnya  
dtambahkan,ditambahkan  
kadih,kasih  
kìrim,kirim  
ribettttttttttt,sangat ribet  
lqgi,lagi  
capedeh,capek deh  
oposiihhh,oposisi  
jempolkebawahlintah,jempol ke bawah lintah  
sampahlebih,sampah lebih  
crypto,kripto  
tup,top  
etol,tol  
hellow,halo  
inggris,Inggris  
rumitharus,rumit harus  
ngelink,menghubungkan  
bcadikirim,BCA dikirim  
masukbgtu,masuk begitu  
salahulang,salah ulang  
verifikasisalah,verifikasi salah  
lgsampai,langsung sampai  
pengamanan,pengamanan  
alokasikan,alokasikan  
pengurangan,pengurangan  
hehehheheheee,hehe  
kereeeeennnn,keren  
wajahtersenyumdenganmatabahagiajempolkeatasjempolkeatasjempolkeatasjempolkeatasjempolkeatas,gembira
ংৱ,biasa saja
ৱি,biasa saja
অেlima,biasa saja
verifikask,verifikasi
dihati,di hati
aplikasitdk,aplikasi tidak
masukselalu,masuk selalu
loadingtp,memuat tapi
stabilganti,stabil ganti
loginloading,login memuat
teruuuuus,terus
lagismp,lagi sampai
cabangsudah,cabang sudah
mrk,mereka
bcasudahttp,BCA sudah
ndeso,ndeso
poco,Poco
x3,X tiga
simpatinya,simpatinya
lolaatau,lambat atau
lainterimakasih,lain terima kasih
akhiran,akhiran
ekrja,kerja
maks,maksimal
lemottt,lambat
lodinggg,memuat
dipaksakan,dipaksakan
profilenya,profilnya
homenya,beranda
langsng,langsung
sampaimasukkan,sampai masukkan
lagisampai,lagi sampai
doankhahahahaa,saja
berantakan,berantakan
terbarujadi,terbaru jadi
tersusun,tersusun
rapi,rapi
transksi,transaksi
mudh,mudah
benaran,benaran
aktivasiotp,aktivasi OTP
prnh,pernah
konsumenuser,konsumen pengguna
membantuhanya,membantu hanya
membukanyasaya,membukanya saya
lagiterima,lagi terima
manay,mana
exelent,sangat baik
antarmuka,antarmuka
reader,pembaca
woww,wow
lot,banyak
smsmana,pesan singkat mana
lgkeburu,lagi keburu
paketerlalu,paket terlalu
akunsemua,akun semua
kelanjutanmdh²an,kelanjutan mudah-mudahan
bua,buat
atwa,atau
kampirmasi,kampir masih
cch,cch
str,str
kcch,kcch
warung,warung
wrung,warung
dmn,di mana
atuh,saja
sbgai2orang,sebagai dua orang
berlombalomba,berlomba-lomba
offlinejustru,offline justru
mbanking²nya,mobile banking
tariksimpan,tarik simpan
qw³⅘4,biasa saja
mantappppppp,mantap
berdering,berdering
kalil,kali
trdaftar,terdaftar
daptarnya,daftarnya
rebet,ribet
kalaungak,kalau tidak
dibulan,di bulan
biasajempolkeatas,biasa jempol ke atas
menuggu,menunggu
pembuatannya,pembuatannya
bcapihak,BCA pihak
mengklarifikasi,mengklarifikasi
jelastiba2,jelas tiba-tiba
sendirinyaterus,sendirinya terus
lagimales,lagi malas
bgtudah,banget sudah
verifikasiskr,verifikasi sekarang
nyaklo,nya kalau
verifikasinyaauto,verifikasinya otomatis
bebani,membebani
logintandatanyamerah,login tanda tanya merah
androidtandatanyamerah,android tanda tanya merah
gati,ganti
terimkasih,terima kasih
rusman,Rusman
heidi,Heidi
do,lakukan
baiki,perbaiki
suku,suku
teratasiterimakasih,teratasi terima kasih
ganti2,ganti-ganti
waemail,WhatsApp email
dikeramaian,di keramaian
sifatnya,sifatnya
menyebutkan,menyebutkan
perbaikilah,perbaikilah
bagussukses,bagus sukses
kay,kaya
commerce,perdagangan
berlibet,berbelit
haramyang,haram yang
insya,Insya Allah
ukup,cukup
mobail,mobile
niatan,niatan
lagiiiiii,lagi
isian,isian
upgraddan,upgrade dan
mobileinstal,mobile install
smapd,smartphone Android
fullwanitatepukjidatwarnakulitcerahsedang,capek
nyatrimakasihmelipattangan,terima kasih  
dowlon,unduh  
jm,jam  
dont,jangan  
paswrd,kata sandi  
pinjamanbeli,pinjaman beli  
infomasi,informasi  
berang,barang  
ganyi,ganti  
blsin,balasan  
bayaran,bayaran  
kamiya,kami  
trjdi,terjadi  
joz,hebat  
hari2,hari-hari  
ngerusak,merusak  
witdrawal,penarikan  
binggung,bingung  
lawanjosss,lawannya hebat  
puter,putar  
gga,tidak  
berbelit²,berbelit-belit  
biyuungg,bingung  
amatribetberbelit²,amat ribet berbelit-belit  
anehserta,aneh serta  
biayatolong,biaya tolong  
abdate,pembaruan  
duanyadi,dua-duanya di  
mana2,mana-mana  
atmambil,ATM ambil  
transfers,transfer  
sekalitop,sekali top  
sajaerror,saja kesalahan  
diporotin,diporotin  
hbspun,habis pun  
goblog,bodoh  
telpun,telepon  
ajig,kasar  
betuliiin,perbaiki  
nuieih,tidak tahu  
ngap,ngap  
renta²,tua-tua  
muda²,muda-muda  
org²,orang-orang  
sendri,sendiri  
becuss,becus  
perluan,perlu  
gelap2,gelap-gelap  
servisnya,layanan  
pelayan,pelayan  
retas,retas  
ptbank,PT Bank  
hormat,hormat  
menangapi,menanggapi  
andamelipattangan,anda melipat tangan  
melipattanganmohon,melipat tangan mohon  
bpkibuk,bapak ibu  
bpkibu,bapak ibu  
abaikan,abaikan  
terimakasi,terima kasih  
mempermudahkan,mempermudah  
epic,epik  
ekpresi,ekspresi  
100juta,seratus juta  
orangvyang,orang yang  
mudahjempolkeatas,mudah jempol ke atas  
wajahtidurwajahtidurwajahtidurwajahtidurwajahtidur,capek
lekas,lekas  
longin,login  
disempurnakan,disempurnakan  
sgat,sangat  
ktika,ketika  
memantau,memantau  
bangetjempolkeatas,banget jempol ke atas  
guud,baik  
hebattt,hebat  
sistimnya,sistemnya  
mengaktifkhan,mengaktifkan  
bcaberkali,BCA berkali  
emailnyabaru,emailnya baru  
bangetbeda,banget beda  
sakukublu,sakuku biru  
bcamungkin,BCA mungkin  
kecewaaaaaa,kecewa  
kebukaa,terbuka  
billing,tagihan  
sukasangat,suka sangat  
sayaterima,saya terima  
selalusemoga,selalu semoga  
mkasih,terima kasih  
mantaptingkatnya,mantap tingkatnya  
peforma,performa  
terbarukirain,terbaru kirain  
cardlesternyata,tanpa kartu ternyata  
adabalik,ada balik  
huuuuuh,huuuuh  
biometrix,biometrik  
jauhkan,jauhkan  
terpencet,terpencet  
jempolkeatasjempolkeatasjempolkeatasjempolkeatasjempolkeatasjempolkeatasokeokeokeokeoke,suka sekali
awal²,awal-awal  
plninternet,PLN internet  
developmet,pengembangan  
12l,dua belas liter  
ke3,ketiga  
truecaller,penelepon sejati  
ataw,atau  
mslah,masalah  
printt,cetak  
hehhhh,heh  
editedd,diedit  
fing,jari  
er,saking  
saking,bos  
bosssss,terus  
teroooooooz,inovator  
inovator,hebat  
dope,tidak melihat tidak melihat tidak melihat  
tidakmelihattidakmelihattidakmelihat,keinginan  
bintangmediumputihbintangmediumputihbintangmediumputihbintangmediumputihbintangmediumputihjempolkeatas,biasa saja
0k,oke  
sisanya,sisanya  
mynbca,myBCA  
menanggapipadahal,menanggapi padahal  
4gb,empat gigabita  
appl,aplikasi  
dowl,unduh  
mlakukan,melakukan  
menganggu,mengganggu  
tegang,tegang  
clos,tutup  
mengunan,menggunakan  
inti,inti  
sabgat,sangat  
67x,enam puluh tujuh kali  
sayaamien,saya amin  
dimunculkan,dimunculkan  
akuntabilitas,akuntabilitas  
jha,ya  
dampe,sampai  
handle,menangani  
tnya,tanya  
1th,satu tahun  
sebelumya,sebelumnya  
jwaban,jawaban  
ngalami,mengalami  
parahsudah,parah sudah  
berhasilnamun,berhasil namun  
beban,beban  
pulsakena,pulsa kena  
parahh,parah  
kantu,kartu  
aplikasitapi,aplikasi tapi  
linglunggimana,linglung bagaimana  
ininyuruh,ini nyuruh  
sesen,sesi  
habispadahal,habis padahal  
demikian,demikian  
pulsasedangkan,pulsa sedangkan  
kekecewaan,kekecewaan  
ditambahkn,ditambahkan  
bangkingnya,perbankannya  
terawesome,terhebat  
nilaiseratusbenderaindonesialenganberototmelipattangan,biasa saja
daftarpdhl,daftarpdhl
siippp,siippp
keanehan,keanehan
discan,discan
warning,warning
bebarapa,bebarapa
gpn,gpn
transaksik,transaksik
mencetak,mencetak
dihadirkan,dihadirkan
terbarunya,terbarunya
menampung,menampung
wajahdenganmataberbentukbintangwajahmalaikatmelipattangan,gembira
tmbhkan,tambahkan  
mkin,mungkin  
nonya,nona  
mantaaptingkatkan,mantap tingkatkan  
inijika,ini jika  
berkomitmen,berkomitmen  
kerahasiaan,kerahasiaan  
penggunanyasaya,penggunanya saya  
btetap,tetap  
jdnya,jadinya  
pot,potong  
dulu2,dulu-dulu  
balikgak,balik tidak  
developersemoga,pengembang semoga  
adminkita,admin kita  
initolong,ini tolong  
kamitolong,kami tolong  
rumitkita,rumit kita  
transaksidan,transaksi dan  
cukupribet,cukup ribet  
ur,anda  
more,lebih  
lessi,kurang  
fixed,diperbaiki  
djiwaaa,di jiwa  
membantun,membantu  
bukin,bikin  
vrifiksi,verifikasi  
kelogout,keluar  
mbuh,entah  
wis,sudah  
skrnng,sekarang  
copypaste,salin tempel  
baikmemuaskan,baik memuaskan  
usulkan,usulkan  
ctt,catatan  
galaxy,galaksi  
lama²,lama-lama  
otomatisnya,otomatisnya  
unlink,putuskan tautan  
mantapsekarang,mantap sekarang  
dongapi,dong api  
sebelahsebelah,sebelah-sebelah  
nelponan,menelpon  
kurangyaitu,kurangnya yaitu  
walakhir,walau akhir  
dimatiin,dimatikan  
sananya,sananya  
wajahtersenyumdengan3hatiwajahtersenyumdengan3hatiwajahtersenyumdengan3hatijempolkeatasjempolkeatasjempolkeatas,senang
beluk,belum  
terdownload,terunduh  
partner,mitra  
terterterter,terus-menerus  
dtingkatkan,ditingkatkan  
kumplit,komplet  
dioperasikan,dioperasikan  
nanyain,menanyakan  
stand,stand  
show,pertunjukan  
sajauh,sejauh  
budek,tuli  
putus2,putus-putus  
ditraining,dilatih  
konfrim,konfirmasi  
bgtjempolkebawah,banget jempol ke bawah  
services,layanan  
memonitor,memantau  
jalanin,jalankan  
hebatttt,hebat  
bergunajempolkeatasjempolkeatasjempolkeatasmelipattangan,suka sekali
makainya,memakainya  
bcatrus,BCA terus  
penunjang,penunjang  
gokil,luar biasa  
penggantian,penggantian  
teman2,teman-teman  
petunjuknya,petunjuknya  
simtray,tempat kartu SIM  
senilai,senilai  
kelalaian,kelalaian  
telepone,telepon  
oknum,oknum  
dftarnya,daftarnya  
ksalahan,kesalahan  
tfon,telepon  
bebasin,bebaskan  
bermasala,bermasalah  
yaapadahal,ya padahal  
emailtrus,email terus  
menitpas,menit pas  
kadaluarsaaneh,kedaluwarsa aneh  
ribeeet,ribet  
searcing,pencarian  
ditrf,ditransfer  
tksmelipattangan,terima kasih  
nyatetap,nya tetap  
bisamungkin,bisa mungkin  
boswajahmenguapwajahmenguapwajahmenguapwajahmenguap,capek
verufikasi,verifikasi  
helpppllll,tolong
maumasuk,mau masuk
mantaapppjempolkeatasjempolkeatasjempolkeatas,suka sekali
toloooong,tolong  
luarbiasa,luar biasa  
logginsetiap,login setiap  
bukakeluar,buka keluar  
memuaskanmalah,memuaskan malah  
rekdgn,rekening dengan  
berbedakalo,berbeda kalau  
eskalasikan,eskalasikan  
hentikan,hentikan  
sudsh,sudah  
sihudah,sudah  
nom,nomor  
aecara,secara  
kart,kartu  
minggi,minggu  
berkalanya,berkalanya  
nais,bagus  
paslah,pas lah  
menegangkan,menegangkan  
mintol,minta tolong  
mengaktivasi,mengaktifkan  
mantulproses,mantap proses  
cepatpelayanan,cepat pelayanan  
membuahkan,membuahkan  
quick,cepat  
dananya,dananya  
ohiya,oh iya  
moaijempolkeatas,sangat bagus  
tahuntp,tahun tapi  
tertawaterbahakbahakpdhl,tertawa
checking,memeriksa  
galat,kesalahan  
tertahan,tertahan  
dehlebih,deh lebih  
aplikasisungguh,aplikasi sungguh  
macamudah,macam mudah  
keverifikasitolong,ke verifikasi tolong  
mendaftarnya,mendaftarnya  
membenani,membebani  
reges,pembaruan  
tambah5,tambah lima  
fiturseperti,fitur seperti  
flazzpulsapaket,Flazz pulsa paket  
dataewallet,data dompet digital  
mobiletambah,mobile tambah  
mudahbagus,mudah bagus  
semuanyabintangbersinarbintangbersinarbintangbersinarbintangbersinarbintangbersinar,gembira
uxui,tampilan aplikasi
terjjadi,terjadi  
akes,akses  
setalh,setelah  
jth,jatuh  
diuris,diurus  
tergolong,tergolong  
sihbisa,sih bisa  
ajhgtusolusi,aja gitu solusi  
ckp,cukup  
lngsg,langsung  
bsini,bisa ini  
jgparah,juga parah  
dehkirain,deh kirain  
slnjtnya,selanjutnya  
iniga,ini ga  
cstlp,customer telepon  
bcahrs,BCA harus  
jgspt,juga seperti  
inout,masuk keluar  
mobilenyesel,mobile nyesel  
susahudh,susah sudah  
dipersusah,dipersusah  
ketransaksi,ke transaksi  
everwajahsangatmarah,marah
dongbiar,dong biar  
penggunaany,penggunaannya  
lamaaa,lama  
bcasemakin,BCA semakin  
pelayananyalebih,pelayanannya lebih  
pemberitahuannotifikasi,pemberitahuan notifikasi  
masukseperti,masuk seperti  
dllsemakin,dan lain-lain semakin  
pelayananbca,pelayanan BCA  
kebaliin,kembalikan  
sbelum,sebelum  
jawabanwajahterlalulelahwajahterlalulelahwajahterlalulelah,capek
passwordsandi,kata sandi  
yng,yang  
simpl,sederhana  
onbkannya,nyalakan bukan  
mundur,mundur  
pentingkan,pentingkan  
caggih,canggih  
0s,sistem operasi  
12berasa,dua belas berasa
wajahmenahanairmata,sedih
tolongdi,tolong di  
bikinnn,bikin  
dikirain,dikirain  
susaaahh,susah  
nihiiiiil,nihil  
suruhnya,suruhnya  
doong,dong  
masuk2haduh,masuk-masuk aduh  
key²,kunci-kunci  
ngurangi,mengurangi  
pengembangannya,pengembangannya  
menunjukkebawah,menunjuk ke bawah  
ati2,hati-hati  
penerina,penerima  
6hari,enam hari  
buruksetiap,buruk setiap  
datasudah,data sudah  
adamemang,ada memang  
dinosaurus,dinosaurus  
⁴⅘±,⁴⅘± (tidak dapat diubah)  
if,jika  
jelekmengaktifkan,jelek mengaktifkan  
aktif2ngaku,aktif-akif mengaku  
angkatgimana,angkat bagaimana  
formalitas,formalitas  
pembenaran,pembenaran  
seolah2,seolah-olah  
nyaitu,nya itu  
pembohong,pembohong  
akal2an,akal-akalan  
mengabiskan,menghabiskan  
terverivikasipadahal,terverifikasi padahal  
inovativ,inovatif  
pinjamanfif,pinjaman FIF  
fastdan,cepat dan  
jug,juga  
mesinnya,mesinnya  
lamaaaaaa,lama  
dataterimakasih,data terima kasih  
gedejempolkeatas,gede jempol ke atas  
verifimasi,verifikasi  
sebaliknyamohon,sebaliknya mohon  
disesuaikan,disesuaikan  
disosialisasikan,disosialisasikan  
dipromosikan,dipromosikan  
bcai,BCA  
bertansaksi,bertransaksi  
cardlees,tanpa kartu  
selasa,selasa  
mna,mana  
kendaraan,kendaraan  
dowlodnya,unduhnya  
juuuosh,hebat  
bagusbanyak,bagus banyak  
penggunamelipattangan,terima kasih  
flazze,kartu flazz e-money dari bank BCA
toll,jalan tol
dongmelipattanganwajahdengantanganmenutupmulutwajahgembiradenganmatabahagia,terima kasih  
updatenyadiapus,pembaruan dihapus  
membantuterutama,membantu terutama  
jaga2,jaga-jaga  
setuasi,situasi  
mengangkat,mengangkat  
terangkat,terangkat  
wilmar,Wilmar  
bluetoothlebih,Bluetooth lebih  
bantulah,bantu lah  
wajahdengansimbolpadamulutwajahbersungguhsungguh,memohon
leren,berhenti  
minikmati,menikmati  
barulah,baru lah  
diblg,dibilang  
bcasmp,BCA sampai  
ayumayom,ayo  
indri,Indri  
semarangjam,Semarang jam  
hufttttt,huft  
2500k,dua juta lima ratus ribu  
pilih2,pilih-pilih  
voice,perintah suara  
command,perintah suara  
sebit,sedikit  
menarikkkkkkkkkk,menarik  
senator,senator  
viva,viva  
croscek,cek silang  
argumen,argumen  
bengking,banking  
sulitga,sulit tidak  
friendlyribet,ramah tetapi ribet  
mula,mula  
bhkan,bahkan  
vital,vital  
bemu,bemo
melipattanganwarnakulitgelapsedang,terima kasih  
saluran,saluran  
realtimellg,real time lagi
250jt,dua ratus lima puluh juta  
lagihadehhribet,lagi aduh ribet  
meludah,meludah  
megakrifkan,mengaktifkan  
tooppp,top  
oalah,oalah  
eyy,eh  
mrngunakan,menggunakan  
digadanggadang,digadang-gadang  
ngatur,mengatur  
idbca,ID BCA  
bgsat,bangsat  
dalah,adalah  
bangun,bangun  
baklai,baku  
sueuh,sungguh  
kpr,KPR  
sudih,sudi  
200rb,dua ratus ribu  
sejenisnya,sejenisnya  
penggangguran,pengangguran  
thoip,tip  
iniharus,ini harus  
verifikasiharus,verifikasi harus  
ituujungujungnya,itu ujung-ujungnya  
gagaldan,gagal dan  
prosesnot,proses tidak  
lhamasih,alhamdulillah masih  
cair2,cair-cair  
wat,apa  
sompret,sialan  
divalidasi,divalidasi  
statment,pernyataan  
ngehubungi,menghubungi  
yawajahkelelahan,ya wajah kelelahan  
harusnyawajahtersenyumdenganairmata,lega
suip,sip  
sidk,sidik  
terusssssss,terus  
cirebon,Cirebon  
menunggu2,menunggu-nunggu  
balau,batal  
regnya,registrasinya  
bentrok,bentrok  
usulan,usulan  
kebentuk,terbentuk  
memperaulit,memperumit  
beginikok,begini kok  
merger,merger  
pmrintah,pemerintah  
pengangguran,pengangguran  
kshan,kasihan  
bcamenurut,BCA menurut  
disebarluaskan,disebarluaskan  
mengenalkan,mengenalkan  
diutamakan,diutamakan  
nasabahemang,nasabah memang  
ilangsemakin,hilang semakin  
amanmybca,aman myBCA  
osjadi,sistem operasi jadi  
padahan,padahal  
eneg,muak  
idcard,kartu identitas  
ribetmasih,ribet masih  
bcajadi,BCA jadi  
dehngabisin,deh menghabiskan  
ulangtetap,ulang tetap  
lelahhh,lelah  
sumpahhh,sumpah  
dikasi,dikasih  
diinstaljempolkebawah,tidak suka
sop,sip  
kartuatm,kartu atm
yutuban,nonton youtube
lancarwajahmerenungpisaudapur,sedih
diedarkn,diedarkan  
noatm,nomor ATM  
apklagi,aplikasi lagi  
idanda,ID Anda  
tidaktersedia,tidak tersedia  
mengeluh,mengeluh  
pentingnya,pentingnya  
goreng,goreng  
jadisilahkan,jadi silakan  
koqgabisabuka,kok tidak bisa buka  
isidan,isi dan  
atmkan,ATM kan  
nyagmn,nya bagaimana  
sie,sih  
simbol,simbol  
medekati,mendekati  
edcwajahagaktersenyumjempolkeataswarnakulitsedang,biasa saja
perlama,berlama-lama  
duku,duku  
umpama,umpama  
nggunain,menggunakan  
eek,buang air besar  
malam2,malam-malam  
jalanan,jalanan  
husft,huff  
loginnn,login  
gede2,gede-gede  
amatini,amat ini  
tokai,kotoran  
pemakan,pemakan  
ios,sistem handphone
mengaktif,mengaktifkan  
text,teks  
field,bidang  
swap,tukar  
disertai,disertai  
pnh,penuh  
terhormat,terhormat  
paypal,PayPal  
padahalsudah,padahal sudah  
nyaris,nyaris  
registrasiemail,registrasi email  
benernyesel,benar menyesal  
buangw,buang  
dipakaiketika,dipakai ketika  
bisasaya,bisa saya  
responnyaaaaaasaya,responnya saya  
nyairin,mencairkan  
bsaa,bisa  
trnsksi,transaksi  
memaksakan,memaksakan  
banyakpriatepukjidat,capek
keliatannya,kelihatannya  
blas,tidak  
nambah2,nambah-nambah  
bagusperlu,bagus perlu  
lagimaju,lagi maju  
burukkkk,buruk  
grater,lebih besar  
nyaaa,nya  
bangettttt,banget  
bcasedang,BCA sedang  
edoposito,deposito  
tlpkalo,telepon kalau  
naikan,naikkan  
꧁ϻᴏe꧂,lainnya
pembayarn,pembayaran  
nyadi,nya di  
sejamujung2,sejam ujung-ujungnya  
masalahpas,masalah pas  
kendalanyaklo,kendalanya kalau  
kebacaberarti,terbaca berarti  
dipertanyakan,dipertanyakan  
pulsakasian,pulsa kasihan  
nelponwajahgembiraberuraiairmata,sedih
ketidakmudahan,ketidakmudahan  
puasssdiperlukan,puas diperlukan  
sendiricocok,sendiri cocok  
bcajgn,BCA jangan  
mantaab,mantap  
mmpersulit,memperumit  
50juta,lima puluh juta  
2minggu,dua minggu  
melibatkan,melibatkan  
rivalnya,rivalnya  
loginacc,login persetujuan  
lagiwajahdenganmatakeatas,pusing
patah,patah  
jek,jek  
comming,datang  
idfingerprint,ID sidik jari  
lagisemoga,lagi semoga  
wajahpadahal,wajah padahal  
yaallah,ya Allah  
tersedianya,tersedia  
sampaika,sampai  
berkarir,berkarier  
kaji,kaji  
bangetjempolkeatasjempolkeatasjempolkeatasjempolkeatas,suka sekali
sekalisukses,sekali sukses
bcamantap,bca mantap
iniwajahgembiradenganmatabahagia,gembira
gabisaa,tidak bisa
ajaaa,saja
pelayananja,pelayanan saja
pembenahan,pembenahan
upgrde,upgrade
wajahtersenyumdengan3hatijempolkeatas,suka sekali
mantepppppp,mantap
wajahpestawajahpestawajahtersenyumdenganmatabahagia,bahagia
singkat,singkat  
gudjob,kerja bagus  
lagiujung2nya,lagi ujung-ujungnya  
menguntungkanterima,menguntungkan terima  
updatesusah,pembaruan susah  
tranfermutasi,transfer mutasi  
gooodde,baik  
dblokir,diblokir  
konsepnya,konsepnya  
bagussayang,bagus sayang  
erorakun,kesalahan akun  
loginharus,login harus  
puanjaaaaaaangcardless,panjang cardless  
jugapadahal,juga padahal  
abgai,bagai  
rtsangat,sangat  
pembayaran2,pembayaran-pembayaran  
kanan,kanan  
suararibet,suara ribet  
errorada,kesalahan ada  
bagunya,bagusnya  
cepatbukti,cepat bukti  
kerenayo,keren ayo  
message,pesan  
gampangkenapa,gampang kenapa  
ampundata,ampun data  
bcaudah,BCA sudah  
lagimalah,lagi malah  
mengontrol,mengontrol  
roses,proses  
memungkinkan,memungkinkan  
nutupi,menutupi  
polos,polos  
resminya,resminya  
ngelucu,ngelucu  
playstor,Play Store  
bcalah,BCA lah  
gratiss,gratis  
ehgmn,eh gimana  
adminmana,admin mana  
pulsaburuk,pulsa buruk  
teman2seperti,teman-teman seperti  
bcamobil,BCA mobile  
logintengkorak,login tengkorak  
tentunyabenar2,tentunya benar-benar  
sigap,sigap  
tommyditanya,Tommy ditanya  
hny,hanya  
nggu,nunggu  
terkinipayah,terkini payah  
berbelitbelit,berbelit-belit  
percumalah,percuma lah  
untul,untuk  
bgmn,bagaimana  
mengaitkan,mengaitkan  
terorganisir,terorganisir  
sukai,sukai  
nyusul,nyusul  
ketinggalannya,ketinggalannya  
tnggu,tunggu  
fash,cepat  
khilangan,kehilangan  
transaksisukses,transaksi sukses  
androidnya,Androidnya  
gedung,gedung  
aktifkancs,aktifkan customer service  
bongak,bohong  
mungkinkurang,mungkin kurang  
nyakesal,nya kesal  
bcada,BCA ada  
dirombak,dirombak  
hatikuninghatikuninghatikuninghatikuninghatikuninghatikuninghatikuninghatikuninghatikuninghatikuninghatikuninghatikuninghatikuninghatikuninghatikuninghatikuninghatikuninghatikuninghatikuninghatikuninghatikuninghatikuninghatikuninghatikuninghatikuninghatikuninghatikuninghatikuninghatikuninghatikuning,cinta sekali
linebank,Line Bank  
neobank,Neo Bank  
mengulangi,mengulangi  
wlpn,walaupun  
androidjempolkeatas,Android jempol ke atas  
dilaunching,diluncurkan  
sebelum2nya,sebelumnya  
dtg2,datang-datang  
dasarnya,dasarnya  
semantara,sementara  
dipindahkan,dipindahkan  
simpelbelum,sederhana belum  
pengaruh,pengaruh  
bychat,melalui chat  
ketawa2,tertawa  
sambil,sambil  
ketawa,tertawa  
cukkkkk,cukup  
konyolllll,konyol  
tipe,tipe  
implement,implementasi  
yudi,Yudi  
buseeett,buseet  
amaaat,amat  
pesanbayar,pesan bayar  
hotel,hotel  
pesawar,pesawat  
bus,bus  
sehinnga,sehingga  
pulsadan,pulsa dan  
traumatis,traumatis  
kaki,kaki  
km,km  
esoknya,esoknya  
tukar,tukar  
menegecewakan,mengecewakan  
wisss,sudah  
disuruhh,disuruh  
sedangkann,sedangkan  
butuhnya,butuhnya  
skrg2,sekarang-sekarang  
yayayaya,ya ya ya  
lenganberototlenganberototlenganberototjabattanganjabattanganjabattangan,suka sekali
susahapa,susah apa  
wajahberkeringat,wajah berkeringat  
jelasberulang2,jelas berulang-ulang  
tersediagak,tersedia agak  
downloadngabisin,unduh menghabiskan  
wajahsangatmarahwajahsangatmarah,marah
jempolkebawahjempolkebawahjempolkebawahjempolkebawahjempolkebawahjempolkebawah,tidak suka
antiribet,anti ribet  
pembanding,pembanding  
superapps,super aplikasi  
dehmau,deh mau  
babngetberulang,banget berulang  
solusialasan,solusi alasan  
dllterlalu,dan lain-lain terlalu  
rekeningdan,rekening dan  
jugamantap,juga mantap  
means,berarti  
bcabisa,BCA bisa  
dlseperti,dulu seperti  
ngeliatnya,melihatnya  
tidaka,tidak  
mobilekalo,mobile kalau  
bertransakainya,bertransaksinya  
ubuka,buka  
jalur,jalur  
birokrasi,birokrasi  
diaplikasijempolkeatas,suka
skaligus,sekaligus
aplikasijempolkeatas,suka
lamawajahtersenyumlebardanmemejamkanmata,gembira
terblokirwajahmalaikatwajahmalaikat,senang
instant,instan  
adaain,ada-ada saja  
itulah,itulah  
panduannya,panduannya  
ferry,Ferry
passwordwajahtersenyumdenganmatabahagiawajahtersenyum,senang
hadahh,aduh  
kesebelah,ke sebelah  
pemakean,pemakaian  
memprioritaskan,memprioritaskan  
bcachat,BCA chat  
mntp,mantap  
operatornya,operatornya  
benerapa,berapa  
wajahgembiraberuraiairmatawajahtersenyumlebardanberkeringat,gembira
surub,suruh  
gnti,ganti  
bermacan2,bermacam-macam  
ilmu,ilmu  
jempolkeataskrn,jempol ke atas karena  
inovasi2,inovasi-inovasi  
nguap,mengantuk  
menghabisakan,menghabiskan  
tahuntahun,tahun-tahun  
bulum,belum  
trasfer,transfer  
sukasuka,suka-suka  
akulah,saya  
perorangan,perorangan  
kerjapercumah,kerja percuma  
selesei,selesai  
alot,alot  
jamnya,jamnya  
inu,itu  
sebutin,sebutkan  
menu2nya,menu-menunya  
belibet,berbelit  
ping,ping  
pong,pong  
profesionalisme,profesionalisme  
berasa,terasa  
betul2,betul-betul  
lamatertawaterbahakbahaktertawaterbahakbahak,tertawa
hpmelipattangan,terima kasih
onlinejempolkeatasmelipattanganmelipattanganmelipattanganwajahtersenyumdenganmatabahagiawajahtersenyumdenganmatabahagiawajahtersenyumdenganmatabahagia,terima kasih
akunku,akun saya  
mbankingku,m-banking saya  
cukuplah,cukup lah  
bcadll,BCA dan lain-lain  
dahlahgak,sudah lah tidak  
uninstallbaru,uninstall baru  
ngerasain,merasakan  
malak,memeras  
ampunbank,ampun bank  
jurjurly,jujur  
pollllpalingan,sangat palingan  
bingungtp,bingung tapi  
sejujurnya,sejujurnya  
telpon2,telepon-telepon  
bagustolong,bagus tolong  
dehthanks,deh terima kasih  
aneh²,aneh-aneh  
ngatipin,mengaktifkan  
keereeen,keren  
terkaitnya,terkaitnya  
bejibun,banyak  
何楚喬,biasa saja
boskumelipattangan,terima kasih
triple,tiga kali
kelancarannya,kelancarannya  
langanan,langganan  
"hptvpam,""hp, tv, pam  """,
menjamin,menjamin  
validisasi,validasi  
registerkata,registrasi kata  
inibikin,ini bikin  
waduh2,waduh-waduh  
memyusahkan,menyusahkan  
bosan,bosan  
slogannya,slogannya  
bagushanya,bagus hanya  
berjalanmenu,berjalan menu  
listerik,listrik  
aktifdimintabsms,aktif diminta by sms  
lagigilak,lagi-lagi  
bcaperasaan,BCA perasaan  
dahhpadahal,sudah padahal  
custservice,customer service  
nokartunya,no kartunya  
adakah,adakah  
ssah,susah  
dulunya,dulunya  
mlahan,malahan  
dikali,dikali  
diangka,di angka  
300500ribu,tiga ratus lima ratus ribu  
xpressi,ekspresi  
ps,PS  
sdikit,sedikit  
basgu,bagus  
yjangan,ya jangan  
ludessss,ludes  
kondusif,kondusif  
bagusproses,bagus proses  
ribetgasimpel,ribet ga simpel  
laporannya,laporannya  
comment,komentar  
canceled,dibatalkan  
agent,agen  
pengaman,pengaman  
menunjukkan,menunjukkan  
under,di bawah  
nextgen,generasi berikutnya  
sebeleah,sebelah  
promote,promosikan  
nyimpan,menyimpan  
bedabeda,berbeda-beda  
ngegas,menggas  
plis,tolong  
oalahh,aduh  
tololsudah,bodoh sudah  
majutapi,maju tapi  
terbelakang,terbelakang  
melawak,melawak  
amazing,menakjubkan  
dayang,dayang  
pengaktivannya,pengaktifannya  
setelahbho,setelah  
mestri,harus  
bikinlah,bikin lah  
waktusimple,waktu simpel  
imei,IMEI  
pabriknya,pabriknya  
dimasa,di masa  
firtur,fitur  
pudar,pudar  
uodate,pembaruan  
pantengin,pantengin  
menyerah,menyerah  
inigive,ini  
nau,mendapat  
revifikasi,verifikasi  
hubungu,hubungi  
dowbload,unduh  
king,raja  
oline,online  
pdhlmah,padahal  
btul,betul  
ketergantungan,ketergantungan  
seakan,seakan  
nank,nang  
rekrut,rekrut  
formatnya,formatnya  
speechless,terdiam  
terlambat,terlambat  
s3makin,semakin  
unsinstal,uninstall  
uud,undang-undang
tetanggauangbersayapuangbersayapuangbersayap,gembira
payahpelayanan,payah pelayanan  
payahmasa,payah masa  
prosesbca,proses BCA  
cancelmau,batal mau  
buanyak,banyak  
yahhh,yah  
permata,permata  
tempel,tempel  
menunjang,menunjang  
mobilitas,mobilitas  
gakan,tidak akan  
diperiksa,diperiksa  
pengaktivasinya,pengaktifannya  
persulitverifikasinya,persulit verifikasinya  
lamakan,lama kan  
lengkapkenapa,lengkap kenapa  
meati,mati  
downloandmending,unduh mending  
usahribetlagian,usah ribet lagi  
disetujuiknp,disetujui kenapa  
lgkacau,lagi kacau  
kepepet,terdesak  
aplikasinamun,aplikasi namun  
jelaslamaaa,jelas lama  
kecewapdhl,kecewa padahal  
diperbaikiaplikasinya,diperbaiki aplikasinya  
antrian,antrian  
yaelah,ya Allah  
apaa,apa  
ngabissin,menghabiskan  
ajaaaa,saja  
gapapah,tidak apa-apa  
sibuknya,sibuknya  
perkiraan,perkiraan  
kabur,kabur  
malesdan,malas dan  
shrs,harus  
aktvsi,aktivasi  
jariface,canggih  
dehhh,deh  
ludesgak,ludes tidak  
hjb,biasa saja
wajahmerenungsampai,sedih
kpan,kapan  
useful,berguna  
ook,oke  
inikarna,ini karena  
watapi,wah tapi  
kalipas,kalau pas  
lagisudah,lagi sudah  
terusmenurut,terus menurut  
paswordsaya,kata sandi saya  
salahtapi,salah tapi  
mununggu,menunggu  
diinfomasikan,diinformasikan  
dibuhungi,dihubungi  
ealah,alah  
activasidi,aktivasi di  
activasigiliran,aktivasi giliran  
lgmaunya,lagi maunya  
cobauninstal,coba uninstall  
mhcommerce,perdagangan  
manage,mengelola  
hufft,huff  
budi,Budi  
bambang,Bambang  
hartono,Hartono  
ngababisin,menghabiskan  
luaaaaamaaaaa,lama  
nyesall,menyesal  
kntrdsdr,kantor desa saudara  
dekat,dekat  
kediaman,kediaman  
ogut,saya  
batman,Batman  
lets,mari  
see,lihat  
3m,tiga meter  
kondisinya,kondisinya  
kuatir,khawatir  
resert,reset  
dmana,di mana  
admint,admin  
parahawal,parah awal  
cenderung,cenderung  
menyajikan,menyajikan  
hungkul,saja  
wemoal,tidak mau  
berbulanbulan,berbulan-bulan  
okt,Oktober  
stetlah,setelah  
tapiternyata,tapi ternyata  
ribetmohon,ribet mohon  
lounching,peluncuran  
dulubca,dulu BCA  
korban,korban  
kebobrokan,kebobrokan  
kapanhey,kapan  
bisa2menguras,bisa-bisa menguras  
iyaaa,iya  
downloadrugiii,unduh rugi  
psw,kata sandi  
masukmalah,masuk malah  
bangey,banget  
walaaaahhhhh,aduh  
keambil,diambil  
gabisa2adhh,tidak bisa-bisa  
sippp,sip
sekalijempolkeatasjempolkeatasjempolkeatas,suka sekali
lagipulsa,lagi pulsa  
sajakok,saja kok  
bcagak,BCA tidak  
gmndi,gimana  
pswrd,kata sandi  
mybcamalah,myBCA malah  
lakukanmalah,lakukan malah  
laporabyapun,laporan apapun  
tulid,tulis  
nlptapi,telepon tapi  
nlpsaya,telepon saya  
ksini,ke sini  
tambahbagus,tambah bagus  
nyengsarain,menyengsarakan  
bangetttpadahal,banget padahal  
tlpnya,teleponnya  
nyambung2,nyambung-nyambung  
janga,jangan  
thumb,jempol  
your,anda  
pokoknye,pokoknya  
tob,bagus  
skian,sekian  
katakan,katakan  
unhide,sembunyikan  
idle,diam  
yees,ya  
intinye,intinya  
harusnye,harusnya  
permudeh,mempermudah  
ye,ya  
technologi,teknologi  
easyusers,pengguna mudah  
tingktkn,tingkatkan  
keamananthanks,keamanan terima kasih  
euyyy,eh  
bagoodgood,sangat baik  
keteranganya,keterangannya  
o,oh  
padlan,padahal  
datenya,datanya  
pulsasiallludah,pulsa sial sudah  
everr,pernah  
benarwoy,benar woy  
aplikasitiba2,aplikasi tiba-tiba  
errorblocir,kesalahan blokir  
aamiin,amin  
duanya,duanya  
friendlyringkas,ramah ringkas  
bertraksi,bertransaksi  
msk2,masuk-masuk  
terlewati,terlewati  
muantab,mantap  
wajahtersenyumsombong,suka
nyisain,sisa
manteppppp,mantap  
piturnya,fiturnya
jempolkeatasjempolkeatasjempolkeatasjempolkeatasjempolkeatasjempolkeatas,suka
cso,CSO  
bersamaanbca,bersamaan BCA  
teriak,teriak  
badai,badai  
berlalu,berlalu  
jugawajahmenangiskeras,sedih
kenaoa,kenapa  
ajanyesel,saja menyesal  
tamvah,tambah  
bocorribet,bocor ribet  
verif2,verifikasi-verifikasi  
olay,oleh  
sydah,sudah  
allways,selalu  
featur,fitur  
tagihanpdam,tagihan PDAM  
jempolkeatasbintangmediumputihbintangmediumputihbintangmediumputihbintangmediumputihbintangmediumputih,suka
jempolkeatasjempolkeatastepuktangantepuktanganaplikasi,suka
senan,senang  
balek,balik  
membenahiuntuk,membenahi untuk  
verivikasigak,verifikasi tidak  
merekaselebihnya,mereka selebihnya  
amanitu,aman itu  
menambahkannya,menambahkannya  
merekomendasikan,merekomendasikan  
ol,online  
lengkaptrms,lengkap terima kasih  
ribeeeet,ribet  
biaa,biaya  
kendalasaya,kendala saya  
bertahap,bertahap  
bakwan,bakwan  
passwordny,kata sandinya  
isiny,isinya  
kecosny,ke cos nya  
ngmg,ngomong  
konektivitas,konektivitas  
lacar,lancar  
artian,artian  
dibeda,dibeda  
ribetini,ribet ini  
smntara,sementara  
haish,aduh  
lagibeberapa,lagi beberapa  
cobatapi,coba tapi  
bukadan,buka dan  
sajamohon,saja mohon  
tanggapannyaterima,tanggapannya terima  
iniwah,ini wah  
goblokkk,bodoh  
buktikan,buktikan  
riiiibeettt,ribet  
separah,separah  
aset,aset  
penghargaan,penghargaan  
smph,sampah  
report,laporan  
pengeluran,pengeluaran  
pemsukan,pemasukan  
mndaftar,mendaftar  
akaes,akses  
1qr,satu kode QR  
verifikasilebih,verifikasi lebih  
desainnya,desainnya  
dimanamana,di mana-mana  
penghisap,pengisap  
lagibank,lagi bank  
bcabank,BCA bank  
pelayannya,pelayanannya  
unasabah,nasabah  
bio,biometrik  
metrik,biometrik  
utransfer,transfer  
kelain,ke lain  
bestwajahmemberikanciumanjauhwajahmemberikanciumanjauhwajahmemberikanciumanjauhwajahmemberikanciumanjauhwajahmemberikanciumanjauh,terbaik
aplikasimawarmawarmawarmawarmawarmawar,mantap  
pantesan,pantesan  
ginigini,begini  
вιѕα,bisa  
вυαт,buat  
вυкα,buka  
яєкєηιηg,rekening  
ηgк,tidak  
lucinta,Lucinta  
luna,Luna  
cowok,laki-laki  
diretas,diretas  
40rb,empat puluh ribu  
perkembangannya,perkembangannya  
wajahmengantukwajahmengantukwajahmengantuk,capek
seriap,setiap
hatus,harus
lirik,lirik
new,baru
sinkronisasi,sinkronisasi
blibli,Blibli
induk,induk
apliksa,aplikasi
ckckck,cih
penataan,penataan
khalayak,khalayak
ditanyakan,ditanyakan
sekaliniat,sekali niat
taroh,taruh
dicatatan,di catatan
tertipudana,tertipu dana
bobol,bobol
mudah²an,mudah-mudahan
seterusnya,seterusnya
tenyata,ternyata
adanyamenguras,adanya menguras
must,harus
from,dari
peka,peka
jangka,jangka
sebagi,sebagai
2kalau,dua kalau
berpatok,berpatokan
bangkeee,bangke
hahahaha,tertawa
kerusakan,kerusakan
apalgi,apalagi
sepayah,sepayah
verifikasimu,verifikasimu
terlkalkulasi,terkalkulasi
lainnyawajahmenangiskeras,sedih
mantapppaplikasi,mantap aplikasi
dualspace,ruang dua
bersamaanmau,bersama kamu
jempolkeataswarnakulitcerahjempolkeataswarnakulitcerahjempolkeataswarnakulitcerahjempolkeataswarnakulitcerah,suka
lainnanti,lain nanti
idbaru,ID baru
paswordselesai,kata sandi selesai
salahsungguh,salah sungguh
mngecewakanalhasil,mengecewakan alhasil
bingits,banget
jugapulsa,juga pulsa
lainnyatolong,lainnya tolong
masib,masih
nikmungkin,NIK mungkin
karnajika,karena jika
brarti,berarti
dehaplikasi,deh aplikasi
oyi,ya
akyifasi,aktivasi
downloed,unduh
inputnya,masukan
idtrus,ID terus
smsdari,SMS dari
pulsamasih,pulsa masih
pulsaboros,pulsa boros
maybank,Maybank
citi,Citi
kantapi,kan tapi
helow,halo
bnibri,BNI BRI
bisatopup,bisa top up
bisadlltapi,bisa dan lain-lain tapi
onlinejempolkeatasjempolkeatas,suka
setelag,setelah  
bedan,beda
klickbca,klik bca
cardlesswajahtersenyumdenganmatabahagia,senang  
biasaaaaaa,biasa
fixsungguh,pasti sungguh
masukmau,masuk mau
burukkk,buruk
mybcamakin,myBCA makin
fitur2tampilanya,fitur-fitur tampilannya
hmmbingung,bingung
jadiny,jadinya
kitim,kirim
heeee,heh
banyakk,banyak
donghadeh,dong aduh
taruh,taruh
terserah,terserah
mantapbiar,mantap biar
intra,intra
diturunin,diturunkan
tersinkron,tersinkron
jyga,juga
tepuk,tepuk
jidat,jidat
menyuruh,menyuruh
abes,habis
daniel,Daniel
mananta,Mananta
dipisah2,dipisah-pisah
meribetkan,meribetkan
kaca,kaca
mybcamobile,myBCA mobile
berkata,berkata
mencakup,mencakup
berdoa,berdoa
1simcard,satu sim card
2simcard,dua sim card
expresiku,ekspresiku
bisaaawajahmenangiskeraswajahmenangiskeraswajahmenangiskeras,sedih
take,ambil
gunaa,gunakan
disiapkan,disiapkan
dul,dulu
nyusahi,menyusahkan
co,coba
oba,coba
susahgak,susah tidak
cozy,nyaman
samabagaimana,sama bagaimana
inisaya,ini saya
muantapppp,mantap
jelasssssss,jelas
masukkkk,masuk
najissssssssss,najis
òk,oke
wajahmalaikatwajahmalaikatwajahmalaikatwajahmalaikatwajahmalaikat,senang  
registration,registrasi
mantullllljempolkeatasjempolkeatasjempolkeatasjempolkeatasjempolkeatas,suka sekali
mantulllll,mantap
wajahtersenyumdenganmatabahagiajempolkeatasjempolkeatasjempolkeatas,suka sekali
ngabasin,menghabiskan
applications,aplikasi
terbaaiiikk,terbaik
aplikasigmpg,aplikasi gampang
kutmbh,kutambah
praktisthx,praktis terima kasih
canggihkeren,canggih keren
complete,lengkap
jaauuuuuuh,jauh
cepataman,cepat aman
terpecaya,terpercaya
saving,tabungan
plan,rencana
sampaii,sampai
manyap,mantap
repotnya,repotnya
maksimalwajahtersenyumdenganmatabahagia,senang  
saatmisal,saat misal
repottidak,repot tidak
menanyakannyakalau,menanyakannya kalau
uptodate,terkini
komplitkan,lengkapkan
urusa,urusan
wajahberkedip,wajah berkedip
bcaemang,BCA memang
membanturekening,membantu rekening
keduanya,keduanya
bisamunculmantap,bisa muncul mantap
jempolkeatasjempolkeatasjempolkeatasjempolkeatasjempolkeataswajahagaktersenyumwajahagaktersenyumwajahagaktersenyumwajahagaktersenyumwajahagaktersenyum,suka sekali
sc,service customer
tfn,telepon  
bermanfaattapi,bermanfaat tapi  
mudahterima,mudah terima  
bberpa,berapa  
baikkk,baik  
dibukakan,dibuka  
paswordcuma,kata sandi cuma  
kendal,kendala  
terusini,terus ini  
agustusbingung,Agustus bingung  
terkirimpulsa,terkirim pulsa  
adamhn,ada mohon  
pencerahan,pencerahan  
fingermasukan,sidik jari masukan  
smsudah,SMS sudah  
bcasendiri,BCA sendiri  
pemblokirankan,pemblokiran kan  
okkkk,oke  
only,hanya  
pc,PC  
gpke,pakai  
sms2an,SMS-an  
yowes,ya sudah  
1nya,satunya  
sederhanaserba,sederhana serba  
dilaunch,diluncurkan  
betterrrrr,lebih baik  
hayang,ingin  
penaaasaran,penasaran  
finderprint,sidik jari  
ciba,coba  
terblokirnya,terblokirnya  
uenakkkk,enak  
bahagiaaaaaa,bahagia  
bangtdikasih,banget dikasih  
siipp,sip  
polll,sangat  
pengelola,pengelola  
bcaidpassword,BCA ID kata sandi  
tlfn,telepon  
trasnaksi,transaksi  
mintambahin,minta tambahin  
kebank,ke bank  
regritasi,registrasi  
su,sudah  
ribetnyusahin,ribet menyusahkan  
gabungan,gabungan  
goodjempolkeatas,bagus jempol ke atas  
melipattanganduahati,melipat tangan dua hati  
bangeytingkatkan,banget tingkatkan  
biasa1,biasa satu
rekeningwajahdenganmataberbentukbintangjempolkeataslove,gembira
bcawajahtersenyumdengan3hatiwajahdenganmataberbentukbintang,senang  
kenyaman,kenyamanan  
tranaferan,transferan  
verifukasinya,verifikasinya  
berkaliknp,berkali-kali kenapa  
semudh,semudah  
gunaknini,gunakan ini  
bcaperusahaan,BCA perusahaan  
indonesiatp,Indonesia tapi  
layananya,layanannya  
mantabss,mantap  
pokokenyaman,pokoknya nyaman  
applicationjempolkeatasjempolkeatasjempolkeatas,suka
huawei,Huawei  
amazon,Amazon  
tanyakan,tanyakan  
aplikasii,aplikasi  
tepatnya,tepatnya  
ngedotin,menghabiskan  
1balasan,satu balasan  
2saat,dua saat  
reload,muat ulang  
3aplikasi,tiga aplikasi  
ligin,login  
47x,empat puluh tujuh kali  
nutasi,mutasi  
canghih,canggih  
canggib,canggih  
idsdh,ID sudah  
emailknp,email kenapa  
bangetharus,banget harus  
bosss,bos  
lumahan,lumayan  
mcommerce,perdagangan  
what,apa  
nicetapi,bagus tapi  
realme,Realme  
figerprint,sidik jari  
aplikasinyatks,aplikasinya terima kasih  
bcaku,BCA ku  
mantabekk,mantap  
mudahtpi,mudah tapi  
bukagmna,buka bagaimana  
lgiagar,lagi agar  
minimalis,minimalis  
epoljempolkeatas,bagus jempol ke atas  
lusa,lusa  
pasw,kata sandi  
catat,catat  
merisetnya,merisetnya  
benerpadahal,benar padahal  
ke2,kedua  
paswaodharus,kata sandi harus  
terdahuluapa,terdahulu apa  
lainmemang,lain memang  
mencegah,mencegah  
detecting,mendeteksi  
minpertahankan,minimal pertahankan  
initrus,ini terus  
berkarya,berkarya  
tercinta2021full,tercinta dua ribu dua puluh satu penuh  
edc,alat pembayaran kartu debit dan kredit
okke,oke  
dirilis,dirilis  
sring,sering  
yahbulan,ya bulan  
kalai,kalau  
56kali,lima puluh enam kali  
blokirheran,blokir heran  
mendarai,mengendarai  
gadgetinwajahgembiradenganmatabahagia,gembira
cradle,cradle  
barcodenya,barcodenya  
bertransaksidan,bertransaksi dan  
registrasinyauntuk,registrasinya untuk  
mangkanya,makanya  
registrasijadi,registrasi jadi  
kombinasi,kombinasi  
hurup,huruf  
berpaedah,berfaedah  
custimize,kustomisasi  
disembunyiin,disembunyikan  
disuntik,disuntik  
tema,tema  
enakin,menyenangkan  
menyertakan,menyertakan  
uninstalllwajahlega,uninstall wajah lega  
sedikit2,sedikit-sedikit  
cerus,terus  
31perak,tiga puluh satu perak  
memborosantlg,memboroskan tolong  
bcakeyword,BCA kata kunci  
msalah,masalah  
salahlah,salah lah  
busy,sibuk  
undah,sudah  
korbannya,korbannya  
asuuu,anjing  
guwa,saya  
wajahmemberikanciumanjauhwajahdenganmataberbentukbintang,bisa saja
berikanlah,berikanlah  
kebebasan,kebebasan  
lemotangel,lemot  
mapun,maupun  
prototype,prototipe  
retina,retina
matawajahtersenyumdenganmatabahagiawajahtersenyumdenganmatabahagia,senang  
menunjukan,menunjukkan  
usernae,username  
benarkok,benar kok  
cardlessharap,tanpa kartu harap  
ditingkatkanterima,ditingkatkan terima  
oks,oke  
lewa,lewat  
mantuljempolkeatas,mantap jempol ke atas  
jayalah,jayalah  
tibaterblokirpadahal,tiba terblokir padahal
salahwajahmenangiskeras,sedih
bcamelipattanganwarnakulitcerah,terima kasih
pulsahari,pulsa hari  
diinfokan,diinfokan  
emailtelpon,email telepon  
dimigrasi,dimigrasi  
diperebaiki,diperbaiki  
terinstall,terinstal  
devloper,pengembang  
mempersingkat,mempersingkat  
kedepnnya,ke depannya
jempolkeatasjempolkeatasjempolkeatasjempolkeatasmelipattanganmelipattanganmelipattangan,suka sekali
riview,review  
memutuskan,memutuskan  
apliasi,aplikasi  
assuuu,anjing  
cptmudah,cepat mudah  
grosir,grosir  
berupa,berupa  
enakbisa,enak bisa  
drastis,drastis  
everokejempolkeatas,selalu oke jempol ke atas  
dendam,dendam  
kabarin,kabarin  
transaksiapakah,transaksi apakah  
kuotapls,kuota tolong  
mudahjelascepat,mudah jelas cepat  
menyalahkan,menyalahkan  
direlease,dirilis  
menyangkut,menyangkut  
mengharapkan,mengharapkan  
payahpadahal,payah padahal  
registrasipas,registrasi pas  
terusgitu,terus gitu  
dedy,Dedy  
rambutnya,rambutnya  
berponi,berponi  
bangetminus,banget minus  
pasangterima,pasang terima  
trauma,trauma  
efisiensi,efisiensi  
nicknamenya,nama panggilan  
feed,umpan baliknya  
backnya,mantap  
manta0,asing  
asing,ih  
ihhh,terus  
trussss,jelas  
jelasssss,jaya melipat tangan  
jayamelipattangan,silakan  
silaw,dadakan  
dadakan,hik  
hikz,SMS-nya hik  
smsnyahikz,oke  
okkk,lima tahun  
5thn,sekali dan  
sekalidan,sekali cuma  
sekalicuman,myBCA mungkin  
mybcamungkin,salah malah  
salahmalah,69888 sudah  
69888sudah,pembaruan  
updatetannya,update
melipattanganmelipattanganwajahmemberikanciumanjauh,terima kasih
akum,akun  
terblockir,terblokir  
hrsnya,harusnya  
features,fitur  
looh,loh  
tasi,tapi  
blokirhmhmhm,blokir  
belumbisa,belum bisa  
identiik,identik  
mantappo,mantap  
okeeeeeedd,oke  
bangetwajahgembirajempolkeatas,banget wajah gembira jempol ke atas  
baik²,baik-baik  
lainutk,lain untuk  
tujaun,tujuan  
tanoa,tanpa  
inginkanbisa,inginkan bisa  
ahssuuudahlah,anjing sudah lah  
dijalan,di jalan  
secepatnyaa,secepatnya  
kasihhhh,kasih  
pkonya,pokoknya  
jooooos,bagus  
int,internet  
wajahmemberikanciumanjauhduahati,wajah memberikan ciuman jauh dua hati  
mantaaaaap,mantap  
aplikasia,aplikasi  
mantaapppp,mantap  
raib,raib  
b5,lima  
asalamualaikum,assalamualaikum  
bersolawatlah,bershalawatlah  
lidahmu,lidahmu  
kpda,kepada  
nabimu,nabimu  
utusan,utusan  
pringerprint,sidik jari  
dipudate,diperbarui  
labih,lebih  
innovation,inovasi  
lainharus,lain harus  
mobilejadi,mobile jadi  
ribetmales,ribet malas  
migrasikan,migrasikan  
monoton,monoton  
backup,cadangan  
passoword,kata sandi  
hubi,hubungi  
smapai,sampai  
setortarik,setor tarik  
deres,deras  
prnah,pernah  
3harian,tiga harian  
akunya,akunya  
mulihin,pulihkan  
ekonomibisnis,ekonomi bisnis  
ina,Indonesia  
disave,disimpan  
trssssssssss,terus  
bujang,bujang  
verifikasiwajib,verifikasi wajib  
nyampah,sampah  
sedodol,sedodol  
dibenahin,dibenahi  
hi,hi  
tabunga,tabungan  
ppkm,operasi covid
bsokny,besoknya  
mnurut,menurut  
2xnya,dua kalinya  
bcamobilemeski,BCA mobile meski  
lengkapsemoga,lengkap semoga  
qrscan,QR scan  
situs,situs  
rp75000,tujuh puluh lima ribu  
mengadopsi,mengadopsi  
fitur2ny,fitur-fiturnya  
jadiin,jadikan  
lainsesimpel,lain sesimpel  
ditinggalkan,ditinggalkan  
mengangkattangan,mengangkat tangan  
memudakan,memudahkan  
poinnya,poinnya  
dipindahin,dipindahkan  
passwordid,kata sandi ID  
keblokirtolong,terblokir tolong  
auth,autentikasi  
pindahain,pindahkan  
stortarik,setor tarik  
focuskan,fokuskan  
imbasnya,imbasnya  
lindungi,lindungi  
mpin,PIN  
jelasmo,jelas  
dliat,dilihat  
downloadkoneks,unduh koneksi  
ajasetelahh,saja setelah  
memfasilitasi,memfasilitasi  
kmudahantrima,kemudahan terima  
instalkemudian,instal kemudian  
daftarwaktu,daftar waktu  
kesalahanandroid,kesalahan Android  
lollipopkira2,Lollipop kira-kira  
lanjutterjadi,lanjut terjadi  
mksud,maksud  
minesnya,minusnya  
pertanyakan,pertanyakan  
menyarankan,menyarankan  
ke4,keempat  
favoritenya,favoritnya  
berubah2,berubah-ubah  
ajim,aji mumpung  
leading,terdepan  
registrasisetelah,registrasi setelah  
registasiconfirm,registrasi konfirmasi  
nohapedan,nomor HP dan  
pesanbeberapa,pesan beberapa  
terkirimsetelah,terkirim setelah  
emailsudah,email sudah  
confirmasipas,konfirmasi pas  
loginminta,login minta  
nohapeber,nomor HP ber  
kaliminta,kali minta  
terussampe,terus sampai  
masihminta,masih minta  
lgini,lagi ini  
kuk,kok  
bcasengaja,BCA sengaja  
pulsasaran,pulsa saran  
blokirtapi,blokir tapi  
lengkapmelipattangan,lengkap melipat tangan  
penggabungan,penggabungan  
bangeut,banget  
hadeuhhwajahkecewanamunlega,aduh wajah kecewa namun lega  
aplikasiwajahberpikir,aplikasi wajah berpikir  
bagusmemudahkan,bagus memudahkan  
wajahmenangiswajahmenangiswajahmenangis,wajah menangis  
resetmasuk,reset masuk  
developper,pengembang  
finansialdi,finansial di  
launchingin,diluncurkan
orangtepukjidatorangtepukjidatorangtepukjidatorangtepukjidat,
gy,saya
sebelahcuma,sebelah cuma  
perkembangkan,perkembangan  
lagibcamobile,lagi BCA mobile  
pulsaga,pulsa ga  
mandirilivin,Mandiri Livin  
besertakan,beserta  
serupa,serupa  
istrianak2,istri anak-anak  
laamaaaaaaaaaaa,lama  
asalkan,asalkan  
mantuuljempolkeatasjempolkeatasjempolkeatas,mantap jempol ke atas  
sebanding,sebanding  
jabattangan,jabat tangan  
nak,anak  
developnya,pengembangan  
three,tiga  
autentifikasi,autentikasi  
thnks,terima kasih  
ngecover,meliputi  
isinyasms,isinya SMS  
fiturenya,fiturnya  
permudakan,permudah  
gunakanmy,gunakan my  
merefresh,menyegarkan  
cumq,cuma  
baqus,bagus  
mantapsimpel,mantap simpel  
welcome,selamat datang  
newer,lebih baru  
merahijo,merah hijau  
ditawarkan,ditawarkan  
busyet,buset  
jengkelnya,jengkelnya  
tampilanmungkin,tampilan mungkin  
sibg,sibuk  
kembalidalam,kembali dalam  
menduplikasi,menduplikasi  
ajasusah,saja susah  
jempolkeataswarnakulitcerahjempolkeataswarnakulitcerahjempolkeataswarnakulitcerahhanya,jempol ke atas warna kulit cerah hanya  
dijaga,dijaga  
benad,benar  
meminimalisir,meminimalisir  
yaplease,ya tolong  
baguslebih,bagus lebih  
tertukar,tertukar  
bermanfaatnya,bermanfaatnya  
bolehlah,bolehlah  
masukpadahal,masuk padahal  
banyaktolong,banyak tolong  
atmabis,ATM habis  
taek,anjing  
muantaabbbb,mantap  
fingerpint,sidik jari  
nicee,bagus  
duluboros,dulu boros  
pulsakalau,pulsa kalau  
nore,nomor  
sblum,sebelum  
installitu,instal itu  
katanyabagi,katanya bagi  
welmadapat,terbaik dapat  
diinginkan,diinginkan  
jempolkeatasjempolkeatasjempolkeatasjempolkeatasjempolkeatasjempolkeataswajahberkedipokeokeoke,jempol ke atas wajah berkedip oke  
digunakannya,digunakannya  
dowlond,unduh  
terllu,terlalu  
nyabagus,nya bagus  
bavus,bagus  
trllu,terlalu  
mantulll,mantap  
superr,super  
gtoo,juga  
bankwajahtersenyumdengan3hatiwajahtersenyumdengan3hatiwajahtersenyumdengan3hatiwajahtersenyumdengan3hati,bank wajah tersenyum dengan hati  
pendamping,pendamping  
bagusrecommended,bagus direkomendasikan  
lengkapmaju,lengkap maju  
qrisinput,QRIS input  
galeri,galeri  
setlh,setelah  
idaneh,ID aneh  
bangeeetsgt,banget  
relevantlg,relevan lagi  
aplikasinyaorangtepukjidat,aplikasinya wajah tepuk jidat  
catdlessnya,tanpa kartu nya  
promo2,promo  
berkmbang,berkembang  
cabutklo,cabut kalau  
betulll,betul  
kereeeeennnnn,keren  
abisssss,habis  
kurs,kurs  
sayawajahmemberikanciumanjauhwajahmemberikanciumanjauh,saya wajah memberikan ciuman jauh  
agus,agus  
suparru,super  
kesahan,kesalahan  
okejempolkeatasjempolkeatasjempolkeatas,oke jempol ke atas  
kuantitas,kuantitas  
transaski,transaksi  
terooosssss,terus  
triman,terima  
administrator,administrator  
since,sejak  
hope,harapan  
dtutup,ditutup  
dtnya,datanya  
trafic,lalu lintas  
jurnal,jurnal  
sklian,sekalian  
blng,bilang  
itumah,itu mah  
syanya,sayangnya  
brmasalah,bermasalah  
mlha,malah  
sna,sana  
qtqsannya,pertanyaan  
ngelihat,melihat  
bknnya,bukannya  
jelekin,jelek  
ujng,ujung  
ujngnya,ujungnya  
hebaaaaatttt,hebat  
lohh,loh  
hebatterimakasih,hebat terima kasih  
bcamelipattanganmelipattangan,BCA melipat tangan  
biasaterimakasih,biasa terima kasih  
inovasimu,inovasimu  
wajahberkacamatahitamwajahgembiradenganmatabahagia,wajah berkacamata hitam wajah gembira dengan mata bahagia  
permatax,permata  
dbs,DBS  
outdan,out dan  
sig,tanda tangan  
paymen,pembayaran  
2f,dua faktor  
mwntap,mantap  
bestttt,terbaik  
tertawaterbahakbahaktertawaterbahakbahaktertawaterbahakbahaktertawaterbahakbahaktertawaterbahakbahaktertawaterbahakbahak,tertawa terbahak-bahak  
wajahgembiradenganmatabahagiawajahgembiradenganmatabahagiawajahgembiradenganmatabahagiawajahgembiradenganmatabahagiawajahgembiradenganmatabahagiawajahgembiradenganmatabahagiawajahgembiradenganmatabahagia,wajah gembira dengan mata bahagia  
efesien,efisien  
bagusmohon,bagus mohon  
dwonlod,unduh  
ntr,nanti  
kebentrok,bentrok  
dipassword,di password  
dibatasin,dibatasi  
passwrd,kata sandi  
meninput,input  
bangetmohon,banget mohon  
mirip2,mirip-mirip  
tinggalkan,tinggalkan  
bardcode,barcode  
wajahtersenyumdenganmatabahagiawajahtersenyumwajahgembiradenganmatabahagia,wajah tersenyum dengan mata bahagia wajah tersenyum wajah gembira dengan mata bahagia  
printscanner,print scanner  
ngetik2,mengetik  
direkening,di rekening  
wajahtersenyumdengan3hatiwajahtersenyumdengan3hatiwajahtersenyumdengan3hatiwajahtersenyumdengan3hatiwajahtersenyumdengan3hatiwajahtersenyumdengan3hatiwajahtersenyumdengan3hatiwajahtersenyumdengan3hatiwajahtersenyumdengan3hatiwajahtersenyumdengan3hatiwajahtersenyumdengan3hatiwajahtersenyumdengan3hatiwajahtersenyumdengan3hatiwajahtersenyumdengan3hatiwajahtersenyumdengan3hatiwajahtersenyumdengan3hatiwajahtersenyumdengan3hatiwajahtersenyumdengan3hatiwajahtersenyumdengan3hatiwajahtersenyumdengan3hatiwajahtersenyumdengan3hatiwajahtersenyumdengan3hati,wajah tersenyum dengan hati  
jobsthanks,pekerjaan terima kasih  
diakalin,diakali  
diimport,diimpor  
menang,menang  
lagilagi,lagi-lagi  
berperan,berperan  
letakkan,letakkan  
qrisnya,QRIS nya  
mobilnya,mobilnya  
dipoles2,dipoles  
jobhatimerahhatimerah,pekerjaan hati merah  
aaya,saya  
fingerprintsetor,sidik jari setor  
katannya,katanya  
datang²,datang-datang  
penyekatan,penyekatan  
abissss,habis  
kasihwajahtersenyumjempolkeataswarnakulitcerahjempolkeataswarnakulitcerahjempolkeataswarnakulitcerahjempolkeataswarnakulitcerah,kasih wajah tersenyum jempol ke atas warna kulit cerah  
alat,alat  
ppob,PPOB  
aplikasi2,aplikasi-aplikasi  
moble,mobile  
nihtolong,nih tolong  
atktivasi,aktivasi  
masukkehalamn,masuk ke halaman  
lgijdi,lagi jadi  
hasilnyaa,hasilnya  
disisi,di sisi  
bangettttttasli,banget asli  
urusnya,urusnya  
inimahal,ini mahal  
verfy,verifikasi  
advance,lanjut  
gass,gas  
standar2,standar-standar  
mantuuul,mantap  
qrbcode,QR code  
jya,ya  
mobilemohon,mobile mohon  
mobileusername,mobile username  
okini,oke ini  
kalom,kalau  
ketik2,ketik-ketik  
mnatap,mantap  
mskin,meskin  
ekspresi,ekspresi  
tanganmelambaiwajahgembiradenganmatabahagia,tangan melambai wajah gembira dengan mata bahagia  
depanjempolkeatas,depan jempol ke atas  
jempolkeatasjempolkeatasjempolkeatassemuanya,jempol ke atas semuanya  
berpungsi,berfungsi  
kerenoke,keren oke  
vidi,video  
berkomunikasi,berkomunikasi  
jempolkeatasjempolkeatasjempolkeatasjempolkeatasjempolkeatasjempolkeatasjempolkeatasjempolkeatas,jempol ke atas  
limitt,limit  
menantikan,menantikan  
mybcawajahgembiradenganmatabahagia,myBCA wajah gembira dengan mata bahagia  
okemirip,oke mirip  
sebelahsaya,sebelah saya  
oris,oris  
ditambahkanfitur,ditambahkan fitur  
biayacardless,biaya tanpa kartu  
perbaikijika,perbaiki jika  
kalimohon,kali mohon  
mbangkingnya,m-bankingnya  
seharibikin,sehari bikin  
bingtang,bintang  
3entar,tiga entar  
tambahitanks,tambahi terima kasih  
diikuti,diikuti  
firur,fitur  
qrcode,QR code  
biometrikagar,biometrik agar  
tambahpembayaran,tambah pembayaran  
nyamelipattangan,nya melipat tangan  
ajatingkatkan,aja tingkatkan  
lagidah,lagi deh  
baguslah,bagus lah  
popup,pop-up  
baii,baik  
adaptasi,adaptasi  
bcamau,BCA mau  
tekaj,tekan  
digabungin,digabungkan  
cuyyyjempolkeatasjempolkeatas,keren jempol ke atas  
mulus,mulus  
diproteksi,diproteksi  
berlapis,berlapis  
superapp,super aplikasi  
bagusnamun,bagus namun  
lengkapharap,lengkap harap  
wiihkeren,wiih keren  
fiturnyajempolkeatas,fiturnya jempol ke atas  
trimksih,terima kasih  
apkasinya,aplikasinya  
mengecewakannn,mengecewakan  
gamasuk2,gak masuk-masuk  
wajahsangatmarahwajahsangatmarahwajahsangatmarah,wajah sangat marah  
hilang²,hilang-hilang  
detailnya,detailnya  
explore,eksplor  
enaakkk,enak  
mengembangan,pengembangan  
seiring,seiring  
berkembangnya,berkembangnya  
yamg,yang  
upgread,upgrade  
sebelumnyauda,sebelumnya sudah  
finasial,finansial  
ealahhhh,alah  
semuanyadibikinsimpell,semuanya dibikin simpel  
goodlifebca,good life BCA  
disiniwajahberpikir,di sini wajah berpikir  
bcawajahberkedip,BCA wajah berkedip  
inovation,inovasi  
pemelaharaan,pemeliharaan  
jobjangan,pekerjaan jangan  
disertakan,disertakan  
minwajahmemelukwajahmemelukwajahmemeluk,min wajah memeluk  
kereeeeeeeeeeen,keren  
beeeeutmantap,mantap  
ash,ash  
emailnyatetapi,emailnya tetapi  
inselalu,ini selalu  
kesalahankenapa,kesalahan kenapa  
yaahhabis,ya habis  
kritik,kritik  
kebetuhan,kebutuhan  
terdebet,terdebet  
terbentuk,terbentuk  
bilyet,bilyet  
bcaselalu,BCA selalu  
updatemakin,update makin  
terusmenu,terus menu  
goodlooking,good looking  
wajahberkeringatwajahberkeringat,wajah berkeringat  
aplikasikarena,aplikasi karena  
adamau,ada mau  
rekeninginvestasi,rekening investasi  
bisayuk,bisa yuk  
kemudahannyawajahberkedip,kemudahannya wajah berkedip  
waoowee,wow  
hatibiru,hati biru  
mantappoo,mantap  
jayaa,jaya
eror,error
tuerus,terus
erol,error
emg,emang
gk,tidak
mmg,memang
rp,ribu
gatidak,
aps,aplikasi
bego,bodoh
ngk,tidak
maks,maksimal
bgt,begitu
dpt,dapat
time,waktu
full,penuh
pls,tolong
smt,sementara
ngiklan,iklan
gin,gini
ttg,tentang
cmiiw,opini
studpen,belajar
kk,kakak
doi,dia
tdx,tidak
sbnrnya,sebenarnya
fak,jelek
blm,belum
tpi,tapi
dri,dari
tbtb,tiba 
ak,aku
mw,mau
web,website
point,poin
like,seperti
other,lain
reply,balas
lg,lagi
org,orang
it,itu
samsek,sama
gpp,tidakkenapa
gua,saya
drpd,daripada
in,dalam
udh,udah
km,kamu
dll,lain
ngga,tidak
nang,ingin
pgn,ingin
kl,kalau
plis,tolong
day,hari
gasmua,semua
spill,bilang
unpopular,buruk
mnding,mending
fun,menyenangkan
abis,selesai
mjb,menjawab
sem,semester
tdk,tidak
nggak,tidak
kmren,kemarin
allah,tuhan
guys,teman
jd,jadi
yg,yang
get,dapat
well,baik
soon,akan datang
keinget,ingat
aja,saja
tungu,tunggu
burin,buruk
startnya,mulai
cm,cuma
at,atau
gt,gitu
tp,tapi
jg,juga
login,masuk
logout,keluar
repeat,ulang
klo,kalau
prefer,memilih
kek,seperti
general,umum
doang,saja
wkwk,lucu
mostly,sebagian besar
netap,tetap
spicles,tidak berkata kata
orangorang,orang orang
gmn,bagaimana
gmna,bagaimana
yah,ya
pas,cocok
enggak,tidak
zoom,aplikasi
pinjem,pinjam
hp,handphone
sertif,sertifikat
sygnya,sayang
iming,membujuk
kepalsuan,palsu
branding,merek
dibagusin,diperbaiki
trims,terima kasih
gen,generasi
zanak,anak
skrg,sekarang
ngejalani,menjalani
bls,balas
group,grup
ngepost,posting
not,tidak
even,terjadi
thank,terima kasih
you,kamu
for,untuk
kdg,kadangg
cuman,cuma
react,reaksi
dr,dari
belom,belum
ud,udah
ginian,gini
may,boleh
ask,bertanya
prepare,menyiapkan
kemaren,kamarin
partnernya,rekan
coach,pelatih
jdi,jadi
tsb,tersebut
wkwkwkwk,lucu
gaseh,ayo
pun,juga
oprek,penerimaan
same,sama
btr,bentar
exchange,perubahan
sm,sama
smpe,sampai
kelar,selesai
opinion,opini
th,tahu
diaturrr,daitur
utk,untuk
reward,hadian
ngasah,mengasah
nnti,nanti
first,pertama
kp,kerja praktek
really,sangat
take,ambil
long,lama
to,ke
that,itu
stafnya,sifat
julid,buruk
friendly,ramah
ngejek,menghina
they,mereka
said,kata
gtw,tidak tau
gaikutan,tidak ikut
jwb,jawab
jadwalnya,jadwal
problemnya,masalah
sdm,sumber daya
ngasi,memberikan
dispen,izin
hezz,hai
sbnernya,sebenarnya
cmn,cuma
manbis,mana bisa
your,kamu
shits,omong kosong
together,bersama
need,membutuhkan
offer,menawarkan
alternatives,pilihan
idk,tidak tahu
what,apa
but,tapi
alternative,alternatif
would,akan
be,menjadi
great,bagus
smtr,semster
academy,pendidikan
skrng,sekarang
dahal,padahal
freepass,gratis lewat
krn,karena
ketumnya,ketua umum
sndiri,sendoro
tolol,bodoh
corporate,pemerintah
diapus,dihapus
difikirfikir,dipikir
pake,menggunakan
tools,alat
lu,kamu
dikti,pemerintah
gawean,bekerja
fmipa,fakultas
slide,layar
egk,tidak
dzolim,kejam
wa,aplikasi
ijo,hijau
klau,kalau
ap,apa
mendingo,mending
kouta,pulsa
sj,saja
kemendikbud,kementrian pendidikan dan kebudayaan
explore,explor
ala,seperti
mnjd,menjadi
pa,apa
help,bantu
indo,indonesia
tuh,itu
bp,bapak
mbkmnya,mbkm
ai,hai
pt,perusahaan
hikmahnya,dampaknya
independen,tetap
give,memberi
me,saya
too,terlalu
much,banyak
credit,kredit
tbh,tabah
have,mempunyai
something,sesuatu
impactnation,dampak
capstone,sederhana
project,tugas
burnout,lelah fisik
syndromes,sindrom
flow,arah
fix,sepakat
guest,tamu
star,bintang
ln,ini
katae,kata
skip,lewat
yuk,ayo
machine,mesin
learning,belajar
bee,menjadi
mutualan,berteman
fast,cepat
track,lacak
piro,berapa
moleh,lagi
with,bersama
agens,agen
makerepost,buat posting
promo,promosi
slot,jumlah
run,lari
klwbc,kalau
tarikh,tarik
ko,kamu
oh,iya
ngejak,ngajak
repost,posting ulang
bag,tas
busy,sibuk
mmps,mampus
mna,mana
yaudah,ya
puyeeeenggg ,pusing
blum,belum
ken,kenapa
deh,sudah
trs,terus
tipsnya,saran
cont,contoh
week,minggu
ngdraft,rancang
mood,rasa
iring,ikut
mac,maka
seenganya,setidaknya
klaim,ambil
smg,semoga
prog,program
lbh,lebih
exch,tukar
server,pusat
down,turun
wkwkkw,lucu
mmbuat,buat
kepo,ingin tahu
enggaklaaah,tidak
slm,salam
agustusseptember,agustus
tera,teratur
anakanak,anak
ttp,tetapi
nongs,nongkrong
trusssss,terus
tremor,takut
imbas,dampak
studiproyek,belajar 
desakkn,desa
ngono,seperti
koloq,manja
ungkit,ingat
talks,ngomong
scroll,putar
mulu,terus
bsa,bisa
qna,tanya
upload,posting
cbt,cabut
acc,terima
nyediain,sedia
kegiatankunya,kegiatan
thanks,terima kasih
trus,terus
real,nyata
hardddd,susah
go,ayo
english,inggris
start,mulai
himasae,hima
company,usaha
kuota,jatah
because,karena
xixi,lucu
as,seperti
one,satu
kating,kakak
quoted,kata
my,saya
of,dari
thn,tahun
hell,neraka
out,keluar
mndpt,mendapat
management,mengatur
content,media
crast,tambrak
relation,relasi
dsb,sebagainya
sender,kirim
value,nilai
why,mengapa
modern,baru
ank,anak
boleeee,bole
speechless,berkata
got,dapat
overview,pengamat
taun,ttahun
kak,kakak
emang,memang
fund,dana
matching,cocok
wfh,kerja
kmmi,kami
dlu,dulu
kait,hubung
event,acara
lap,laporan
kompre,konversi
sminggu,minggu
helplusa,bantu
their,mereka
own,sendiri
merc,merek
asliii,asli
agt,agustus
bye,tinggal
kudu,harus
ajg,anjing
butuh,perlu
huhuhu,lucu
respon,jawab
xixixi,lucu
ngehaluin,halu
monyetttttt,monyet
grgr,karena
blg,bilang
blom,belum
rewatch,ulang
rots,awal
startwars,awal
gel,gelombang
kdalam,dalam
toloooong,tolong
nyambi,sambil
duit,uang
lgsg,langsung
komplen,lapor
lom,belum
maw,mau
fess,festival
nunut,numpang
sambat,ngeluh
bgtttt,begitu
mba,mbak
gacocok,tidak
lelet,lambat
cui,hai
intern,magang
masmba ,kakak
power,kuat
sad,sedih
pleaseeee,tolong
whole,siapa
fahutan,fakultas
timeline,batas
linjurlinfak,pindah
gaes,teman 
bootcamp,latihan
launching,terbaru
akeh,banyak
tenan,tentu
sadness,sedih
gws,semoga
collab,kolaborasi
muak,lelah
ty,terimakasi
wishlist,harapan
moms,ibu
braw,hai
linjur,pindah
ez,gampang
klian,kalian
crita,cerita
skalie,sekali
huhuu,sedih
au,tau
log,catatan
book,buku
sd,sampai
nothing,tidak
talk,bicara
prs,siap
beres,siap
kaga,tidak
cape,lelah
jjr,anjir
fell,merasa
narsum,narasumber
syulitttt,sulit
onboarding,mulai
traffic,jalur
jan,jangan
mutual,teman 
home,rumah
participation,partisipasi
university,universitas
can,bisa
someone,seseorang
explain,jelaskan
cacellation,batal
pioneer,pion
paja,pajak
include,termasuk
dlnya,batas
nangisin,nangis
overdue,terlambat
gue,saya
gw,saya
kbtln,kebetulan
tmn,teman 
urgent,penting
growth,tumbuh
muaq,lelah
bejibun,banyak
gangotak,gila
stric,ketat
musingin,pusing
anjingggggg,anjing
startup,kantor
sy,saya
sma,sama
klub,kelompok
cpt,cepat
amazed,takjub
support,dukung
iyh,iya
mewuujudkan,wujud
ummat,umat
gegara,karena
ama,sama
gasss,ayo
gas,ayo
join,gabung
nonaktif,tidak
sila,silahkan
saiki,ini
sya,saya
bestie,teman 
dadi,jadi
awak,kamu
ready,siap
praying,berdoa
fass,fastival
dkk,kawan
blundernya,blunder
concern,khawatir
bangeeeeeet,sangat
tricks,cara
war,perang
ghosting,pergi
mrah,murah
chat,tanya
dah,sudah
ku,saya
treak,teriak
tolah,liat
toleh,liat
helppp,bantu
especiallyy,spesial
pol,penuh
tll,tolong
regisnya,daftar
lompok,kelompok
ggal,gagal
durung,belum
telyu,beritau
iki,ini
slalu,selalu
moots,rasa
ngeproses,proses
agk,agak
aing,saya
bs,bisa
modol,bodoh
dinotice,diberitahu
experience,pengalaman
location,lokasi
joining,gabung
encok,lelah
mangats,semangat
sia,percuma
telek,jelek
pala,kepala
rekognisi,rekaman
konvert,konversi
gelem,sakit
asiiiik,seru
masi,masih
gede,besar
gaikut,tidak ikut
katane,katanya
udah,sudah
bener,benar
kakk,kakak
nanya,bertanya
alam,alam
lelah,lelah
dosen,dosen
sempet,sempat
dapet,dapat
bingung,bingung
gitu,seperti itu
kali,mungkin
temen,teman
gin,gini
opini,pendapat
alhamdulillah,syukur
sepert,seperti
tidak,tidak
suka,suka
tuju,tujuan
gimana,bagaimana
suruh,suruh
yaa,ya
pilih,pilih
pikir,pikir
tu,itu
budaya,budaya
tri,coba
nyesel,menyesal
gabisa,tidak bisa
terimakasi,terima kasih
prodi,program studi
capek,lelah
ubah,ubah
kaprodi,kepala program studi
gara,karena
kaya,seperti
enak,enak
gajelas,tidak jelas
karna,karena
makasih,terima kasih
selese,selesai
pkl,pukul
surat,surat
lingkung,lingkungan
mikirin,pikir
ngisi,mengisi
skripsi,laporan
ngurus,urus
ituu,itu
aamiin,semoga
jelek,jelek
studi,belajar
bang,kak
congrats,selamat
ngapain,mengapa
mumet,pusing
tagih,menagih
knp,kenapa
terimakasih,terima kasih
ngambil,ambil
kmrn,kemarin
kayak,seperti
hope,harapan
pptnya,presentasi
liat,lihat
kamarin,kemarin
sampe,sampai
kait,hubungan
kasih,kasih
temenku,teman
kaka,kakak
mesti,harus
rakyat,rakyat
baca,baca
fasilitas,fasilitas
kejar,mengejar
tips,cara
pandu,panduan
silah,silahkan
cek,lihat
worth,sesuai
student,siswa
krna,karena
batal,batal
jodoh,jodoh
agreement,setuju
komunikasi,komunikasi
plus,tambah
undang,mengajak
gausah,jangan
gampang,gampang
univ,kampus
bal,balas
infes,investasi
puyeng,pusing
maaf,maaf
tawar,tawar
praktisi,praktisi
punten,silahkan
sulit,sulit
hasil,hasil
anying,anjing
sesal,menyesal
laksana,laksanakan
super,super
debut,penampilan pertama
analisis,analisis
apaa,apa
nyelesain,menyesal
nerapin,menerapkan
kek,seperti
realistis,nyata
bsip,bantuan
asu,anjing
red,merah
tani,kamu
ngulang,mengulang
inget,ingat
praktek,praktik
sepakat,setuju
yaaa,ya
tanyatanya,bertanya
nambah,menambah
hidup,hidup
santai,santai
ntar,nanti
pantau,lihat
ngerti,paham
gais,teman
mampu,dapat
total,total
banding,dibandingkan
gapaham,tidak paham
gaa,tidak
sebenernya,sebenarnya
ajaa,aja
ato,atau
ngerjain,kerja
perihal,hal
nabung,menabung
ttahun,tahun
bole,boleh
guru,guru
ketuk,ketuk
versi,versi
wkwkwk,katawa
upi,kampus
kejam,kejam
romusha,kerja paksa
ngurusin,urus
ngajar,mengajar
sharing,berbagi
gera,kamu
galolos,tidak lolos
nemu,ketemu
sptnya,sepertinya
panitia,panitia
gasiap,tidak siap
betull,betul
heheh,ketawa
wkkw,ketawa
tobat,tobat
goda,tergoda
kterimaaa,terima
upnsby,kampus
gede,besar
almet,almamater
wirausaha,usaha
itungannya,hitung
bangeeet,sangat
konsekuensi,akibat
lumayan,cukup
semangatt,semanagt
berat,berat
mkbm,mbkm
fisika,fisika
rezeki,rezeki
gaada,tidak ada
juliagustus,juli agustus
tengah,tengah
rejekinya,rezeki
meninggoy,meninggal
brpan,berapa
dika,kamu
anggap,menganggap
ribettttt,susah
ketimbang,dibandingkan
good,baik
luck,beruntung
tak,tidak
giur,pengaruh
rekomen,rekomendasi
fee,biaya
dibarengin,bersama
huhuhuhuhuhu,menangis
sentuh,sentuh
webinar,seminar
owke,oke
okeh,oke
wlw,walau
ok,oke
gatau,tidak tahu
makasihh,terima kasih
auto,otomatis
enggaaaa,tidak
mngerti,mengerti
filkom,kampus
genjot,mengayuh
ngab,kak
lur,teman
kontrol,kendali
news,berita
pupr,undang undang
kemen,kemarin
halal,halal
us,kami
jdlah,jadi
please,tolong
akmal,kamu
menang,menang
dips,kamu
woiiii,woi
hailahh,hai
semangattt,semangat
antioksidan,obat
minum,minum
buah,buah
kulit,kulit
pangan,pangan
lldikti,dinas pendidikan
bronze,medali
ngajak,mengajak
winner,menang
implementasi,implementasi
teknologi,teknologi
flagship,unggul
selesaiii,selesai
kalen,kalian
via,dengan
curhat,curhat
banggan,bangga
ktnya,katanya
hahahaha,ketawa
gada,tidak ada
ruwet,susah
mahasiwi,mahasiswi
fyi,informasi
nderrr,teman
pokoknyaaa,harus
maha,kalian
ngundurin,mengundurkan
semangatin,semangat
yok,ayo
positif,posiif
hamdalah,sudah
aka,kak
ongkos,biaya
juni,juni
huhu,menangis
gaje,tidak jelas
kang,kak
teh,kak
guys,teman
neng,kak
ajaaaa,aja
hibah,hibah
omong,ngomong
kontrak,kontrak
ra,rasa
sempurna,sempurna
kala,kalau
rangkai,rangkai
kemari,kemarin
acau,aku
paansi,apa
frik,tidak jelas
gaturun,tidak turun
meresahkannn,resah
ngurusi,urus
garagara,karena
cenah,tengah
beneran,benar
festival,festival
benerrr,benar
pusyinggg,pusing
definisi,definis
promosi,promosi
ngikut,ikut
hororr,seram
chung,chung
new,baru
parno,trauma
convert,konversi
soft,mulus
tetek,jelek
bengek,bengek
sii,sih
kreatifitas,kreatif
gantiin,ganti
metode,metode
alias,alias
ajsgdadjgadakj,tidak jelas
anjg,anjing
tes,tes
bogor,bogor
senang,senang
jancoo,jelek
gabut,bosen
serasa,rasa
harap,harap
sambut,sambut
undiksha,kampus
sihhh,sih
diberitahu,tahu
muluu,terus
lokasi,lokasi
lombok,lombok
wib,waktu indonesia barat
sial,sial
hadeeee,lelah
pbs,pbs
ohh,oh
bukaa,buka
fkip,kampus
embel,tambah
ledak,meledak
nyampe,sampai
iklan,ilkan
kaget,kaget
who,siapa
yaah,ya
sudah,sudah
gusti,tuhan
ribetmah,repot
derita,derita
potensi,potensi
pekan,pekan
akhir,akhir
maju,maju
jaman,zaman
blass,lolos
bat,sangat
ono,itu
tumben,tumben
daerah,daerah
pesut,pesut
lahh,kenapa
eek,jelek
gileee,gila
gamau,tidak mau
dikerjain,dikerjakan
santuyy,santai
lompok,kelompok
mls,males
palu,kepala kamu
stpl,stpl
benua,benua
hhhhhh,hhh
lintas,lintas
annisa,anisa
reksadana,investasi
rangkap,rangkap
mantap,mantap
kpn,kapan
pajak,pajak
repot,repot
dapat,dapat
laa,lah
siskad,aplikasi
rancang,rancang
unpak,unpak
bangsatttttttttttt,bangsat
dikonversiin,dikonversi
lepas,lepas
hadeh,lelah
makas,markas
anjirrrr,anjir
seruuu,seru
gasiii,tidak
say,saya
bkn,bukan
kemanaa,kemana
smngt,semangat
nyerah,nyerah
kli,semoga
allaah,tuhan
kekmana,seperti apa
keluar,keluar
benefit,manfaat
caranyaaaa,cara
tuhan,tuhan
deng,dengan
canda,canda
lebih,lebih
ampun,maaf
beraaatt,berat
tanyaa,bertanya
iyaaa,iya
hahaha,ketawa
duluan,dulu
peluang,peluang
nanyananya,bertanya
diajakin,ajak
ketemu,temu
gakbakal,tidak mungkin
ilangin,hilang
bikin,buat
cerah,cerah
mara,marah
wae,hai
adem,nyaman
bodo,bodoh
saat,saat
kucing,kucing
part,bagian
mager,males
mantapp,mantap
sekip,berhenti
wess,ayo
ngelamar,melamar
selamat,selamat
kgk,tidak
maranatha,perantara
anjrit,jelek
maf,maaf
naro,taruh
ngurusinnya,urus
dah,sudah
finally,akhirnya
presentasi,presentasi
yoalaah,tuhan
merhatiin,perhatian
abdi,abdi
masyarakat,masyarakat
maksud,maksud
sender,mengirim
bobrok,bohong
enas,enas
dengar,dengar
never,tidak pernah
ending,akhir
ngurung,mengurung
berkas,berrkas
unw,kapus
univeristas,universitas
gue,saya
islam,islam
malang,malang
umat,umat
mewujutkan,mewujutkan
regular,regular
bantuin,bantu
again,lagi
eksperimen,pegalaman
inisiasi,isisiasi
ristek,penelitian teknologi
stlh,setelah
yogyakarta,yogyakarta
apadaya,apa
busuk,busuk
ptk,ptk
grade,kelas
syaratin,syarat
sinkronisasi,sinkron
asa,menyerah
dasar,dasar
searching,pencarian
chatgpt,aplikasi
gapernah,tidak pernah
quotes,kutipan
lupa,lupa
endingnya,akhir
kepake,pakai
semacem,jenis
prokernya,program kerja
jalanin,jalan
rada,rada
telat,terlambat
nombok,menambahkan
its,itu
dipake,pakai
step,langkah
template,format
bawa,membawa
cant,tidak bisa
relate,mengaitkan
ngeluh,lelah
ketidakcocokan,tidak sesuai
adl,adalah
batu,batu
ranah,lingkup
struktural,struktur
ngomongin,berbicara
hallo,halo
penuhh,penuh
sangadd,sangat
kuesioner,survei
nila,nilai
juta,juta
rupiah,rupiah
balasa,balas
letih,letih
asah,asah
goto,aplikasi
situ,kamu
bas,sangat
dengki,dengki
sayang,sayang
semua,semua
anjirrr,anjir
kenan,berkenan
tanyain,tanya
jalin,jalin
jugaa,juga
bngtt,sangat
nyuruh,suruh
sby,surabaya
dibatasin,batas
pent,ingin
sedia,tersedia
hahah,ketawa
ke,ke
jdnya,jadi
aga,seperti
messed,kacau
final,final
projectnya,tugas
upah,gaji
tepat,tepat
kurang,kurang
takutin,takut
sobat,teman
informasi,informasi
baru,baru
dapetin,dapat
nyangka,duga
dilaporin,lapor
alumni,alumni
hayukkk,ayo
pulsa,pulsa
istimewa,istimewa
lihat,lihat
explor,jelajah
disiplin,disiplin
seniman,seni
hadehhh,iya
here,disana
hny,hanya
jiwoong,jiwa
ngambis,ambisius
kabarin,kabar
efektif,efektif
life,hidup
lets,ayo
vaksin,vaksin
kwkw,katawa
prnh,pernah
kyk,seperti
lgi,lagi
nugas,tugas
ganti,ganti
manggilnya,memanggil
ky,seperti
dl,dulu
bbrp,berapa
saya,saya
tahu,tahu
sakti,sakti
asik,seru
umur,umur
prpoosal,laporan
hrs,harus
kefirikan,pikir
ortu,orang tua
umrah,berdoa
nikah,menikah
sampah,sampah
upaya,usaha
luas,luas
kompetisi,kompetisi
besar,besar
senjang,senjang
anggar,biaya
gratis,gratis
privilese,hak istimewa
gelintir,gelintir
golong,kelompok
sbm,sbmptn
engga,tidak
tara,tara
permata,permata
ingin,ingin
wkkwkw,ketawa
tambah,menambah
gaiiss,teman
adaa,ada
nanyaa,bertanya
doong,iya
min,kak
bem,organisasi mahasiswa
aktif,aktif
bangeeeet,sangat
boleeh,boleh
bnrn,benar
nikmatin,menikmati
turn,berbelok
better,lebih baik
than,dibandingkan
mine,berpiikir
and,dan
little,kecil
regret,menyesal
possible,mungkin
yeah,ya
gaaa,tidak
survey,survei
ngomong,mengata
lari,lari
entar,sebentar
serang,serang
puja,sembah
riilll,nyata
bro,kak
brp,berapa
gajinye,gaji
ngasih,memberi
timingnya,waktu
huaaaaa,huaaaaa
bgttt,sangat
happen,terjadi
umpat,sembunyi
pov,sudut pandang
spt,seperti
areng,arang
tmnku,teman saya
random,acak
terkadang,kadang
manajemen,mengelola
psdm,psdm
thingy,benda
nal,nal
awardee,awardee
rafael,rafael
arfah,arfah
gpa,indeks prestasi
skor,nilai
ielts,belajar
briefing,mengarahkan
diskursus,kursus
flagnya,bendera
civitasalumni,masyarakat alumni
brand,produk
image,citra
ormawa,organisasi mahasiswa
upgrade,meningkatkan
segi,segi
valuable,berharga
rb,ribu
strata,tingkat
sarjana,sarjana
minim,kurang
bengkalai,terbengkalai
summer,musim panas
fresh,segar
conference,pertemuan
ikutttt,ikut
or,atau
april,april
doswal,dosen wali
pdb,pdb
dibandingin,dibandingkan
mas,kak
opportunity,penghargaan
lingkup,lingkup
international,internasional
relasi,hubungan
lomba,lomba
mayoritasin,mayoritas
graduate,lulus
frustasi,menyerah
eksploitasi,eksploitasi
cust,ayo
survei,survei
panglong,panglong
standing,berdiri
ngeperbaikin,perbaiki
cat,cat
akrilik,akrilik
ngerubah,ubah
marketing,pemasaran
konteennnnn,konten
gform,formulir
tetekbengeknya,jelek
logbook,buku harian
cpmk,lelah
kedok,tuli
chaos,kacau
sedanvkan,sedangkan
seriussssss,serius
bri,bri
formalitas,formal
cetak,cetak
tabung,tabung
conection,koneksi
noh,noh
pinfingerprint,sidik jari
sen,sen
jiwa,jiwa
konfirmasi,konfirmasi
batin,batin
temanteman,teman teman
instagram,instagram
klik,tekan
link,jalur
note,catat
binter,pintar
bpsi,bpsi
ajak,ajak
ramah,ramah
psikologi,psikologi
ngak,tidak
mengakomodir,akomodasi
lebur,lembur
bangun,bangun
libur,libur
karya,karya
bahan,bahan
metodologi,metodologi
kimia,kimia
tanah,tanah
seri,seri
hah,hah
aq,aku
ak,aku
ap,apa
mantep,mantap
user,pengguna
nyaman,nyaman
boomer,terkenal
video,video
send,kirim
kagak,tidak
ngelag,lambat
lag,lambat
proker,program kerja
no,tidak
club,kelompok
sdh,sudah
banget,sangat
transfer,kirim
wong,orang
bgst,bangsat
all,semua
hbs,habis
grgr ,gara gara
gr ,gara
staf,pegawai
guiz,teman
mslah,masalah
iye,iya
bnyak,banyak
deadline,batas waktu
sudahi,sudah
keknya,sepertinya
sbg,sebagai
pen,ingin
gajuga,tidak juga
gakusah,tidak usah
ga,tidak
gak,tidak
otw,ayo
sans,santai
uda,sudah
udah,sudah
terimakasi,terima kasih
minggat,pindah
minggatnya,pindahnya
galama,tidak lama
mhsw,mahasiswa
pengen,ingin
yaallah,tuhan
magangnya,magang
ketolong,bantu
gatau,tidak tahu
smgt,semangat
kayaknya,sepertinya
makasih,terima kasih
makasi,terima kasih
congrats,selamat
nder,teman
senderr,teman
maba,mahasiswa baru
ikutttt,ikut
ugm,universitas
bpsi,pemerintah
irii,iri
mka,maka
bjir,anjir
stress,gila
jir,anjir
jirr,anjir
mlm,malam
dgn,dengan
kt,kita
ngepos,posting
bph,bapak
bphnya,bapak
gabanyak,tidak banyak
berkata,kata
ditunjukkin,tunjuk
ditunjukin,tunjuk
ditunjuk,tunjuk
dpl,dosen pembimbing lapangan
aj,saja
kyknya,sepertinya
kyk,seperti
disni,disini
haduh,waduh
bad,buruk
pdhal,padahal
order,pesan
klu,kalau
ush,usah
bnyak,banyak
moga,semoga
jls,jelas
nyesal,sesal
ksh,kasih
bngt,sangat
nungu,tunggu
mendaptarkan,mendaftarkan
account,akun
acount,akun
klik,pencet
downlod,unduh
msk,masuk
download,unduh
recomended,rekomendasi
kismin,miskin
verivikasi,verifikasi
ngulangin,ulang
verivikasinnya,verifikasi
langsunh,langsung
menunggu,nunggu
nyangkut,sangkut
pinjol,pinjaman online
very,sangat
nyusahin,susah
delay,lambat
jgn,jangan
tny,tanya
knp,kenapa
ad,ada
krna,karena
bug,error
sory,maaf
say,bicara
skali,sekali
lag,lambat
apk,aplikasi
top,tinggi
burik,buruk
slow,lambat
gn,gini
mlh,malah
uptodate,baru
ganguan,gangguan
smpai,sampai
bertransaksi,transaksi
dikembalikan,kembali
ngumpulin,kumpul
ampe,sampai
mingu,minggu
bgini,begini
sat,saat
buy,beli
sel,jual
merugugikan,rugi
semingu,seminggu
ngerti,paham
kgk,tidak
kasi,beri
ntar,nanti
pmula,pemula
moga,semoga
lop,cinta
love,cinta
yu,kamu
invest,investasi
wokey,oke
nice,bagus
update,baru
nemuin,temu
temuin,temu
simple,sederhana
tgl,tinggal
pakek,pakai
overal,keseluruhan
overall,keseluruhan
ui,ui ux
uiux,ui ux
interface,ui ux
klw,kalau
bgs,bagus
mantul,bagus
matul,bagus
inves,investasi
tdi,tadi
stlah,setelah
aktip,aktif
aktifitas,aktivitas
Apotik,Apotek
apotik,Apotek
analisa,analisis
azas,asas
Azas,asas
atlit,Atlet
Atlit,Atlet
Antri,antre 
antri,antre 
Atmosfir,Atmosfer
atmosfir,Atmosfer
Erobik,Aerobic
erobik,Aerobic
ahir,akhir
Ahir,akhir
antar-instansi,antarinstansi
Antar-instansi,antarinstansi
Baud,Baut
baud,Baut
Bis,Bus
bis,Bus
Berfikir,berpikir 
berfikir,berpikir 
Cabe,Cabai
cabe,Cabai
Cinderamata,Cenderamata
cinderamata,Cenderamata
Difinisi,definisi
difinisi,definisi
Disel,Diesel
disel,disel
Dipersilahkan,dipersilakan
dipersilahkan,dipersilakan
Dipindah,dipindahkan
dipindah,dipindahkan
Dollar,Dolar
dollar,Dolar
Daptar,Daftar
daptar,Daftar
Difinisi,Definisi
difinisi,Definisi
Depo,Depot
depo,Depot
Detil,detail
detil,detail
Diagnosa,Diagnosis
diagnosa,diagnosis 
Differensial,diferensial
differensial,diferensial
Dipersilahkan,dipersilakan
dipersilahkan,dipersilakan
Disyahkan,disahkan
disyahkan,disahkan
Eksport,Ekspor
eksport,ekspor
Ekstrim,ekstrem
ekstrim,ekstrem
Ekwivalen,ekuivalen
ekwivalen,ekuivalen
Hembus,embus
hembus,embus
esei,esai
Pebruari,Februari
pebruari,Februari
Phiologi,Fiologi 
phiologi,Fiologi 
Filem,Film
filem,Film
Phisik,fisik
phisik,fisik
Photo,Foto
Photo,Foto
frekwensi,Frekuensi
Frekwensi,Frekuensi
Hapal,hafal
hapal,hafal
Hakekat,Hakikat
hakekat,Hakikat
Hirarki,Hierarki
Hipotesa,Hipotesis
Ijasah,Ijazah
Ihlas,Ikhlas
Himbau,Imbau
Ilmiawan,Ilmuwan
Import,Impor
Insyaf,Insaf
Hisap,Isap
Isteri,Istri
Ijin,Izin
Jadual,Jadwal
Jenasah,Jenazah
Jendral,Jenderal
Kaedah,Kaidah
Karir,Karier
Khutbah,Khotbah
Komplek,Kompleks
Kondite,Konduite
konperensi,Konferesi
Konkrit,Konkret
Konsepsionil,Konsepsional
Koordinir,Koordinasi
Kwalitas,Kualitas
Kwantitas,Kuantitas
Kwitansi,Kuitansi
Lobang,Lubang
Managemen,Manajemen
Manager,Manajer
Memproklamirkan,Memproklamasikan
Menyolok,Mencolok
Mendifinisikan,Mendefinisikan
Menterapkan,Menerapkan
Menterjemahkan,Menerjemahkan
Melola,Mengelola
Mengenyampingkan,Mengesampingkan
Mengeritik,Mengkritik
Mengobah,Mengubah
merubah,Mengubah
Mensukseskan,Menyukseskan
Musti,Mesti
Metoda,Metode
Motip,Motif
Motifasi,Motivasi
nara sumber,Narasumber
Nasehat,Nasihat
Nopember,November
obyek,Objek 
obyektif,Objektif 
On,Ons
Perletakan,Peletakan
Penasehat,Penasihat
Prosentase,Persentase
Pertanggung-jawab,Pertanggungjawaban
Problimatik,Problematic
Produktifitas,Produktivitas
Psikotest,Psikotes
Rejeki,Rezeki
Resiko,Risiko
Rubuh,Roboh
Seksama,Saksama
Sekertaris,Sekretaris
Mumpung,Selagi
Silahkan,Silakan
Sintesa,Sintesis
Sistimatis,Sistematis
Sistim,Sistem
Spesis,Spesies
Spiritual,Spiritual
Standarisasi,Standardisasi
Setasiun,Stasiun
Subyek,Subjek
Subyektip,Subjektif
Survai,Survei
Sutra,Sutera
Sukur,Syukur
Tapsiran,Tafsiran
Tarip,Tarif
Tehnik,Teknik
Terlanjur,Telanjur
Terlantar,Telantar
Terlentang,Telentang
Tilpun,Telepon
Teoritis,Teoretis
Trampil,Terampil
Team,Tim
Tradisionil,Tradisional
Trotoir,Trotoar
Hutang,Utang
Varitas,Varietas
Wasallam,Wasalam
Ujud,Wujud
Jaman,Zaman
Zone,Zona
w,saya
Akyu,saya
Akuwh,saya
Akku,saya
aku,saya
Nax,Anak
Anx,Anak
Naq,Anak
Naggh,Anak
Pa,Apa
Ppa,Apa
Ja,Aja
Ajj,Aja
Lom,Belum
Lum,Belum
Leh,Boleh
Ru,Baru
Wat,Buat
Wad,Buat
Bangedh,Banget
Beud,Banget
Beut,Banget
Bokebb,porno
Cw,Cewek
Cwekz,Cewek
Cwok,Cowok
Cwokz,Cowok
Cuekin,Cuxin
Ckep,Cakep
Ckepp,Cakep
Ckeb,Cakep
C8,Chat
W,saya
Gw,saya
Q,saya
aku,saya
Yupz,Ya
Iy,Ya
Lupz,Ya
Imoeth,Imut
Imoetz,Imut
Mutz,Imut
Inich,Ini
Iniyh,Ini
Nc,Ini
kakagg,Kakak
Kamuh,Kamu
Kamyu,Kamu
Qmu,Kamu
Kamuwh,Kamu
Kammooh,Kamu
qamue,Kamu
Khuzuz,Khusus
Klianz,Kalian
Nal,Kenal
Soalnya,Karena
Coz,Karena
Cz,Karena
Kaluw,Karena
Klw,Karena
Low,Karena
Krenz,Keren
Krent,Keren
Krang,Kurang
Kangedh,Kangen
Kangeunnd,Kangen
Love,Cinta
Luph,Cinta
Luff,Cinta
Loupz,Cinta
Louph,Cinta
Loch,Loh
Lochkz,Loh
Lochx,Loh
Ghiy,Lagi
Ghiey,Lagi
Gi,Lagi
Luthu,Lucu
Uchul,Lucu
Luchuw,Lucu
Lupz,Lupa
Lo,Kamu
Lw,Kamu
lg,Sedang
lgi,Sedang
Gi,Sedang
Nich,Nih
Muuph,Maaf
Muphs,Maaf
Maav,Maaf
Maen,Main
Mumz,Makan
Mamz,Makan
Mums,Makan
Suk ,Masuk
Mzuk,Masuk
Mzug,Masuk
Mzugg,Masuk
Hufft,Mengeluh
Maniezt,Manis
Manies,Manis
Ngak,Tidak
Ga,Tidak
g,Tidak
Niech,Nih
Photo,Foto
Paling,Sangat
P'ling,Sangat
Punya,Milik
Pny,Milik
Pzt,Pasti
Humz,Rumah
Hozz,Rumah
T4,Tempat
Telp,Telepon
Yukz,Yuk
Yuqz,Yuk
Yg,Yang
adlah,adalah
yg,yang
gmana,bagaimana
y,ya
pdhal,padahal
gk,tidak
sdh,sudah
tapi,tetapi
klo,kalau
aq,saya
sy,saya
stiap,setiap
trnsksi,transaksi
ad,ada
bts,batas
pmblian,pembelian
prmo,promo
prmonya,promonya
trs,terus
dlm,dalam
brp,berapa
tq,terima kasih
knp,kenapa
gk,tidak
thanks,terima kasih
gbs,tidak bisa
tapi,tetapi
gitu,begitu
ajah,saja
hrga,harga
sdh,sudah
brp,berapa
kalo,kalau
gak,tidak
gimana,bagaimana
trs,terus
dpet,dapat
ngeliat,melihat
terimakasih,terima kasih
ak,saya
udah,sudah
sy,saya
utk,untuk
trims,terima kasih
mhn,mohon
htl,hotel
bsm,bersama
brkt,berangkat
tgl,tanggal
nan,dan
jd,jadi
sya,saya
tks,terima kasih
ketjup,kecup
smbl,sambil
blm,belum
tsb,tersebut
dg,dengan
ny,nya
diaa,dia
n,dan
nulisssss,menulis
nulis,menulis
kayak,seperti
trus,terus
curi2,Curi-curi
dpt,dapat
teteup,tetap 
plg,paling
dg,dengan
prlu,perlu
bbrp,beberapa
diprhatikan,diperhatikan
ktmu,ketemu
gk,tidak
tempat2,tempat tempat
byk,banyak
drtadi,dari tadi
bagi2,bagi bagi
uda ,sudah
mensyen,mention
brbeda,berbeda
pny,punya
cr,cari
trus,terus
pake,pakai
agr,agar
pmbca,pembaca
trsbt,tersebut
tmpt,tempat 
hrg,harga
prjlanan,perjalanan
lbh,lebih
lgi,lagi
skrng,sekarang
wkt,waktu
hr,hari
org,orang
dg,dengan
td,tadi
sbg,sebagai
msh,masih
trgantung,tergantung
tuket,tiket
mnjadi,menjadi
bwh,bawah
hrs,harus
bgaimana,bagaimana
prjalanan,perjalanan
stelah,setelah
mlelahkan,melelahkan
mngembalikan,mengembalikan
kebnyakan,kebanyakan
dri,dari   
ngirimin,mengirim
enggak,tidak
kecee,kece
itung,hitung
bener,benar
nyumbang,menyumbang
nguntungin,menguntungkan
byr,bayar
nginep,menginap
orgorg,Orang-orang
mnjadi,menjadi
bberapa,beberapa
bln,bulan
uda,sudah
bsa,bisa
mnghsilkan,menghasilkan
jawan,jawab
jawaaab,jawab
bkn,bukan
dg,dengan
apapn,apapun
skedar,sekedar
mncari,mencari
klu,kalau
bs,bisa
bisaaa,bisa
bangeet,banget
gmn,bagaimana
pmbaca,pembaca
prhatikan,perhatikan
komen2,komentar
aja,saja
udah,sudah
engagememt,engagement
jgn,jangan
sblum,sebelum
lbih,lebih
nulis,menulis
mw,mau
ngalir,mengalir
sprti,seperti
hrus,harus
tau,tahu
sprti,seperti
dg,dengan
trus,terus
dlm,dalam
dann,dan
sbnarnya,sebenarnya
sndiri,sendiri
twma,tema
khidupan,kehidupan
teman2,teman
rata2,Rata-rata
sebernanya,sebenarnya
beguna,berguna
pmbcr,pembicara
prtm,pertama
ntah,entah
bg,abang
pngen,ingin
nambah,tambah
kesalahan2,kesalahan
selese,selesai
pnya,punya
sblum,sebelum
sdng,sedang
ttg,tentang
ktmu,ketemu
aksea,akses
mendokkrak,mendongkrak
sering2,sering
lsg,langsung
dmn,dimana
thl,tanggal
dpt,dapat
donk,dong
plmbang,palembang
bndung,bandung
guna,berguna
telfon,telepon
gada,tidak ada
masi,masih
brarti,berarti
tar,nanti
dobel,double
intl,internasional
bs,bisa
say,saya
apalikasi,aplikasi
pd,kepada 
ktiga,ketiga
dn,dan
moga,semoga
karna,karena
untk,untuk
nmr,nomor
kmr,kamar
mskapai,maskapai
memg,memang
traveokanya,travelokanya
melkukan,melakukan
tng,tentang
penjelasanya,penjelasannya
trimakasih,terima kasih
smlm,semalam
dg,dengan
sdh,sudah
saâ€™at,saat
chek,check
krm,kirim
refouds,refounds
mnghubing,menghubungi
ber'arti,berarti
org,orang
pebgaduan,pengaduan
refoudsnya,refounds
apakh,apakah
pemenang,pemenang
skrg,sekarang
statua,status
danayanya,dana
ngantre,mengantri
gak,tidak
haii,hai
dbuka,di buka
dy,dia
sndirinya,sendirinya
ndak,tidak
audah,sudah
kjlsn,kejelasan
ttg,tentang
smp,sampai
nda,tidak
beda2,beda beda
dr,dari   
ga,tidak
makasih,terima kasih
pa,apa 
bs,bisa
d,di  
thn,tahun
Trmn ksh,terima kasih
thks,terima kasih
melakukab,melakukan
tlg,tolong
anak2,anak anak
th,tahun
kmarin,kemarin
diknfirmasike, Dikonfirmasi ke
peswat,pesawat
untk,untuk
bokingnya,bookingnya
mrndapat,mendapat
skitar,sekitar
sblm,sebelum
klo,kalau
beress,beres
bgtu,begitu
tlfn,telepon
kta,kata
tmn,teman
pke,pakai
trf,transfer
bgmana,bagaimana
sdh,sudah
msuk,masuk
mw,mau
nanya,tanya
trus,terus
pemsanan ,pemesanan
masi,masih
ngga,tidak
thx,terima kasih
Tengkyu,terima kasih
telpon,telepon
ktnya,katanya
udh,sudah
slmt,selamat
trm ksh,terima kasih
bmana,bagaimana
min,admin
mmsan,memesan
tapi,tetapi
trus,terus
blm,belum
mendptkan,mendapatkan
tdk,tidak
brngkat,berangkat
tp,tetapi
\n,dan
no,tidak
gt,begitu
mureh,murah
msan,pesan
gue,saya
bgt,banget
krn,karena
gapapa,tidak apa apa
lho,loh
tlp,telepon
sring,sering
srng,sering
srg,sering
x,sangat
mncul,muncul
bgt,sangat
bngt,sangat
listriiik,listrik
woww,wow
aminn,amin
met,selamat
netaas,menetas
keberpa,keberapa
eeeehhhh,eh
kata2nyaaa,kata-katanya
hallo,halo
kaka,kakak
ka,kak
daah,dah
aaaaahhhh,ah
yaa,ya
smga,semoga
slalu,selalu
amiin,amin
kk,kakak
trus,terus
kk,kakak
sii,sih
nyenengin,menyenangkan
bgt,banget
gemess,gemas
akuuu,aku
jgn,jangan
yaa,ya
udah,sudah
gitu,begitu
aja,saja
gemesiin,menggemaskan
menyenangkn,menyenangkan
rb,ribu
akau,aku
saranin,menyarankan
nemuin,menemukan
yah,ya
met,selamat
mnis2nya,manis-manisnya
gtu,begitu
tu,itu
idolaa,idola
bangett,banget
kaakk,kak
baaiikkk,baik
telaatt,telat
kaak,kak
yg,yang
lg,lagi
skarang,sekarang
yg,yang
sempet,sempat
karna,karena
ngga,tidak
karna,karena
mantep,mantap
loohhh,loh
yeee,ya
baguuuuus,bagus
sampe,sampai
ngikutin,mengikuti
gayany,gayanya
ngikutin,mengikuti
lg,lagi
bnk,bang
awaas,awas
siip,sip
abizzzz,habis
kerrrrennnn,keren
sayaa,saya
pengen,pengin
kpan,kapan
bgt,banget
sma,sama
sdkit,sedikit
bngt,banget
lgu,lagu
bener2,benar-benar
kharismanya,karismanya
aq,aku
yg,yang
jdi,jadi
lgi,lagi
gk,tidak
kek,kayak
lgunya,lagunya
kpan,kapan
kereeeeennnn,keren
nyamain,menyamakan
slalu,selalu
lakik,laki
siippp,sip
bkn,bukan
nyangka,menyangka
bangettt,banget
kereeen,keren
wihhhhhh,wih
tp,tapi
inget,ingat
bingitsss,banget
dmn,dimana
bird,biru
kaloo,kalau
gimna,bagaimana
tuuh,tuh
nyebur,mencebur
yng,yang
dbuat,dibuat
kn,kan
org,orang
pingin,pengin
bgt,banget
tu,itu
bangcat,bangsat
yha,ya
waoohhh,wah
pngn,pengin
tmpt,tempat
dhe,deh
indahhh,indah
bgttt,banget
tuhh,tuh
berarto,berarti
ga,tidak
aminn,amin
aamiin,amin
amiiinn,amin
dgn,dengan
aminnnn2,amin-amin
amiin,amin
aamiin,amin
amiiiin,amin
amiin,amin
aminnn,amin
amiend,amien
yaaa,ya
ameen,amin
aminnnn,amin
amiiinnn,amin
kek,kayak
ngomong,mengomong
inget,ingat
mamer,memamerkan
keles,kali
jelase,jelas
liat,lihat
uwakk,uwak
ntar,entar
bs,bisa
gini,begini
jgn,jangan
sampe,sampai
aq,aku
salfok,salah fokus
njir,anjir
piiink,pink
astgfrullah,astagfirullah
ko,kok
cd,celana dalam
gbs,tidak bisa
bhs,bahasa
yaaaaaa,ya
gak,tidak
bangshad,bangsat
yaa,ya
stagahhhh,astaga
kpn,kapan
iooo,lo
dy,dia
d,ada
mslh,masalah
qt,kita
jdi,jadi
plampiasannn,pelampiasan
masalahh,masalah
tohh,toh
inghinn,ingin
dhi,di
mengherthii,mengerti
yanckh,yang
chelalyyu,selalu
therchakitty,tersakiti
mauuuuu,mau
kaliii,kali
bangat,banget
bkin,bikin
dongg,dong
yokkk,yuk
gini,begini
yu,yuk
sweger,segar
kereeen,keren
gantengg,ganteng
bingiit,banget
gak,tidak
kebukaaa,terbuka
tpi,tapi
keliatan,kelihatan
yakk,ya
kayakk,kayak
asliii,asli
kyk,kayak
cntiknya,cantiknya
bat,banget
ga,tidak
ngeliatnya,melihatnya
sll,selalu
bet,banget
njerr,anjir
bingiiittttzzzz,banget
bgt,banget
k,kak
klo,kalau
lg,lagi
dooong,dong
masi,masih
gni,begini
kek,kayak
gini,begini
aja,saja
udah,sudah
hdk,hendak
yg,yang
jugaa,juga
mksud,maksud
aj,saja
tetep,tetap
tp,tapi
mbakx,mbaknya
syantik,cantik
syantik,cantik
kite,kita
pa,apa
mksd,maksud
bejilbbnya,berjilbabnya
masio,masih
yahhh,ya
makasih,terima kasih
leh,boleh
ugaaa,juga
yah,ya
jerewi,jerawat
ilang,hilang
jilbabnyaah,jilbabnya
kek,kayak
yuuuk,yuk
warnaaa,warna
punyaaa,punya
cantiik,cantik
sukaaak,suka
kebayanyaa,kebayanya
mantes,memantas
merekaaaa,mereka
jugaaa,juga
gilaaaa,gila
tiga2nya,tiga-tiganya
lucuu,lucu
emessss,gemas
ucullllll,lucu
jdi,jadi
males,malas
bangeettt,banget
gemesshh,gemas
ngomong,mengomong
apaaa,apa
ampuunn,ampun
pengen,pengin
ciuuuummmm,cium
mbil,sambil
ngmng,mengomong
ngemeng,mengomong
epe,apa
seehh,sih
yank,sayang
ucul,lucu
yahh,ya
kek,kayak
gw,gue
lucuu,lucu
ngakak,mengakak
astagfirrullah,astagfirullah
bkn,bukan
tpi,tapi
suerrr,suer
gk,tidak
mnta,minta
lg,lagi
syg,sayang
ntik,cantik
pny,punya
dapet,dapat
kek,kayak
gini,begini
suru,suruh
lucuuuu,lucu
ketawakkkk,ketawa
kyanya,kayanya
bnget,banget
nakutin,menakutkan
malingg,maling
cocokk,cocok
niihh,nih
imutttttt,imut
satuuuuu,satu
sesekk,sesak
nafass,nafas
bgtt,banget
cintaaaaaaa,cinta
lucuk,lucu
lucuk,lucu
ma,sama
duluu,dulu
megang,memegang
ngakak,mengakak
kawinin,mengawini
liatin,memperlihatkan
ny,nya
d,di
bdan,badan
nyaaa,nya
gemesin,menggemaskan
daah,dah
fotoin,memfoto
ngaku,mengaku
kaaa,kak
ganteng2,ganteng-ganteng
pcarny,pacarnya
kri,kiri
knpa,kenapa
pda,pada
cmn,cuman
gara2,gara-gara
garuk2,garuk-garuk
tembokk,tembok
namax,namanya
kiriii,kiri
kyk,kayak
bungkusin,bungkuskan
atu,satu
dehhhh,deh
dongg,dong
kakk,kak
ngegantiin,menggantikan
alloh,allah
smpe,sampai
msh,masih
trsa,terasa
khadirannya,kehadirannya
fikiran,pikiran
hayalanku,khayalanku
bru,baru
nton,menonton
jdi,jadi
ngapain,mengapai
yaa,ya
surgaa,surga
kangenn,kangen
kgn,kangen
kakkkkk,kak
rinduuuuuuuuu,rindu
ninggalin,meninggalkan
smg,semoga
terangkhn,terangkan
bgtttt,banget
knp,kenapa
tuk,untuk
slama,selama
orng,orang
bngunlah,bangunlah
k,kak
bngun,bangun
ea,ya
qu,ku
hiri,hari
kalo,kalau
"teman""ny",teman-temannya
gtu,begitu
aza,saja
dr,dari
"teman""ny",teman-temannya
ny,nya
alm,almarhum
skrg,sekarang
knpa,kenapa
sie,sih
benet,benar
bangetttt,banget
tuu,tuh
skrang,sekarang
gda,tidak ada
trus,terus
gantiin,menggantikan
sma,sama
jdi,jadi
gak,tidak
kta,kata
kklau,kalau
d,di
acra,acara
gk,tidak
sma,sama
kasian,kasihan
bangett,banget
yaaa ,ya
bnerr,benar
emk,emak
temenn,teman
pngenn,pengin
terkenall,terkenal
ajhh,saja
gk,tidak
sungguh2,sungguh-sungguh
mnjadi,menjadi
shbt,sahabat
k,kak
bner,benar
bgt,banget
ktny,katanya
shbt,sahabat
skrg,sekarang
pda,pada
dimusiumin,dimuseumkan
ga,tidak
bntu,bantu
pda,pada
dlu,dulu
klo,kalau
gda,tidak ada
pda,pada
udh,sudah
pda,pada
kangem,kangen
amiiin,amin
smua,semua
slmt,selamat
jln,jalan
"mudh""an",mudah-mudahan
tenny,tenang
d,di
sdh,sudah
yg,yang
tnya,tanya
blm,belum
td,tadi
sblm,sebelum
yah,ya
bole,boleh
lahhh,lah
tp,tapi
blm,belum
dapet,dapat
maap,maaf
gk,tidak
cm,cuma
syg,sayang
kmrn,kemarin
wkt,waktu
d,di
ama,sama
ak,aku
lht,lihat
biasa2,biasa-biasa
mnrtkuu,menurutku
trs,terus
ikutin,mengikuti
jdwl,jadwal
yaaa,ya
jgn,jangan
wajiiib,wajib
aaaammmiiiinnnn,amin
dtnggu,ditunggu
yah,ya
jan,jangan
kunjungin,kunjungi
lagiiii,lagi
waktunyaaa,waktunya
diluangin,diluangkan
yaa,ya
makasih,terima kasih
jga,juga
mimin,admin
istimewaaa,istimewa
blom,belum
sempet,sempat
nangis,menangis
karna,karena
"ngaku""",mengaku-ngaku
diaa,dia
donkk,dong
gak,tidak
kejawab,terjawab
yaaaa,ya
seru2an,seru-seruan
mohom,mohon
kebalas,terbalas
yaaa,ya
ikutin,ikuti
nyempetin,menyempatkan
wktunya,waktunya
kaaaa,kak
nyempetin,menyempatkan
ngobrol,mengobrol
bangett,banget
namain,menamai
bls,balas
ijap,ijab
kobul,kabul
dgn,dengan
co,cowok
pst,pasti
inggat,ingat
brdua,berdua
masing2,masih
sdh,sudah
pny,punya
brdua,berdua
sanggat,sangat
siipp,sip
laa,lah
dlm,dalam
hdup,hidup
hdp,hidup
trus,terus
kedpan,kedepan
smoga,semoga
mndaptkan,mendapatkan
yng,yang
"nutup""in",menutup-nutupi
liatin,perlihatkan
iyah,iya
sja,saja
kakkk,kak
za,saja
mulut2,mulut-mulut
peengn,pengin
tuch,tuh
muantteepp,mantap
cpt,cepat
mrit,merit
y,ya
ngapasih,mengapa sih
ni,ini
segitunya,sebegitunya
fto,foto
pke,pakai
males,malas
sisain,menyisakan
slamt,selamat
nantiii,nanti
edaaan,edan
emg,memang
bener2,benar-benar
tunggu2,tunggu-tunggu
sehat2,sehat-sehat
ciyeeeeeee,cie
pantes,pantas
lairannya,kelahirannya
jmnya,jamnya
ajha,saja
ama,sama
nyaaaa,nya
nyari,mencari
amiien,amien
smoga,semoga
terbaikkk,terbaik
ayahh,ayah
ntar,entar
ae,saja
ndak,indak
ngerti,mengerti
mrekaaaa,mereka
yaampuuuunnnn,ya ampun
yha,ya
nyanyiin,menyanyikan
ahhh,ah
bnget,banget
pgen,pengin
hdk,hendak
tempt,tempat
ny,nya
kh,kah
hdk,hendak
bgini,begini
aq,aku
brani,berani
gak,tidak
km,kamu
aq,aku
jalan2,jalan-jalan
yaaa,ya
asyikkkkk,asyik
iriiiii,iri
ngajak,mengajak
yakk,ya
naaaaahh,nah
kka,kakak
jgn,jangan
yak,ya
ttep,tetap
sperti,seperti
jrang,jarang
msuk,masuk
gossip2.an,gosip-gosipan
makkk,mak
ngapain,mengapai
guee,gue
pengennn,pengin
ntar,entar
yeee,ya
klo,kalau
udh,sudah
gilzz,gila
nyaru,menyaru
aja,saja
kk,kakak
gilaaa,gila
jd,jadi
kebarat2an,kebarat-baratan
ohh,oh
mantabs,mantab
jgan,jangan
mlu,malu
payahh,payah
ntaf,mantap
beneran,benaran
"mudah""n",mudah-mudahan
trus,terus
gada,tidak ada
yg,yang
gada,tidak ada
yg,yang
milikin,memiliki
kamo,kamu
inih,ini
tuhh,tuh
suru,suruh
syantik,cantik
sukaaaa,suka
sukaaaaaa,suka
kirain,mengira
mehoonggggg,mahal
apikkkk,apik
yach,ya
kereenn,keren
ginii,begini
ayoook,ayo
yoiii,yoi
gituuu,begitu
iyaaa,iya
pgn,pengin
liptsk,lipstik
dr,dari
nyeplak,menjiplak
bgt,banget
kyk,kayak
cw,cewek
cw,cewek
kmarin,kemarin
mengncang,mengencang
tauu,tau
ksh,kasih
skrng,sekarang
mksh,terima kasih
gara2,gara-gara
ank,anak
skitar,sekitar
ktmu,ketemu
sma,sama
tmen,teman
skrg,sekarang
dlu,dulu
skrg,sekarang
ats,atas
donk,dong
heii,hai
yg,yang
diputusin,diputuskan
pcrnya,pacarnya
gara2,gara-gara
mnjual,menjual
ngadain,mengadakan
ga,tidak
nyangka,menyangka
kkak,kakak
rekomendasiin,merekomendasikan
sihhh,sih
cooocok,cocok
mrip,mirip
bgt,banget
sma,sama
mama.nyy,mamanya
wkt,waktu
lht,lihat
gak,tidak
bosenin,membosankan
kmu,kamu
bukn,bukan
sey,sih
yng,yang
cantikkk,cantik
banger,banget
kaa,kak
bngt,banget
eakyu,waktu
cntik,cantik
ama,sama
amiiin,amin
kakanya,kakaknya
doeloe,dulu
kk,kakak
cantikkkk,cantik
bngtt,banget
udh,sudah
iyak,iya
malh,malah
mlah,malah
kk,kakak
ngak,tidak
laki2,laki-laki
gag,tidak
fhotonya,fotonya
bleh,boleh
km,kamu
brp,berapa
tnggl,tanggal
brp,berapa
tanteny,tantenya
ky,kaya
qt,kita
dlu,dulu
sklinyaa,sekalinya
ayoo,ayo
km,kamu
bs,bisa
jd,jadi
kk,kakak
yah,ya
w,gue
dramaa,drama
niiih,nih
bisaa,bisa
lha,lah
dunk,dong
lihaat,lihat
yuwkkk,yuk
nnti,nanti
editannn,editan
mw,mau
thu,tuh
mai,mau
kamuu,kamu
pastii,pasti
bisaaa,bisa
kejuu,keju
kereen,keren
nama.a,namanya
kmauan,kemauan
ayoo,ayo
ahhhh,ah
yuuuuk,yuk
dmana,dimana
disiniii,disini
cobaa,coba
bayangin,bayangkan
yaudh,ya sudah
bayangin,bayangkan
dl,dulu
ajaaa,saja
tuhhh,tuh
amploppp,amplop
mo,mau
kek,kayak
gini,begini
yaaa,ya
sayangg'',sayang-sayang
nantii,nanti
aminnnn,amin
aminnnnn,amin
gakuat,tidak kuat
yukkkk,yuk
nged,banget
nantik,nanti
ksitu,kesitu
yng,yang
bangeett,banget
slalu,selalu
liad,lihat
kluarga,keluarga
biasahhh,biasa
bgt,banget
sma,sama
kluarga,keluarga
ama,sama
tutorialx,tutorialnya
pke,pakai
yg,yang
dpke,dipakai
kk,kakak
dpke,dipakai
donk,dong
yank,sayang
liat,lihat
fhoto,foto
kerenn,keren
binggo,banget
rekomndd,rekomendasi
donk,dong
dmn,dimana
pngn,pengin
bli2n,beli-belikan
bwt,buat
wado,waduh
guaa,gua
yaakkk,ya
bangetttttyt,banget
bangettttt,banget
bangg,bang
kangeeeeeeeeennnnnnnn,kangen
kaliannnnnn,kalian
rinduuuuuuuuuu,rindu
kangennnnnmnnnnnnnnnnnnnnnnn,kangen
kaliannnnnm,kalian
kangeeeeeeeeeeennnnn,kangen
kangennnnnnnnnnnnnnnn,kangen
kangennn,kangen
kaliannnnnnn,kalian
th2,tahun-tahun
smoga,semoga
dl,dulu
smpt,sempat
blg,bilang
trserah,terserah
ad,ada
yg,yang
d,di
cwo,cowok
trus,terus
prnah,pernah
blg,bilang
lg,lagi
wlwpun,walaupun
trpsah,terpisah
klw,kalau
mmg,memang
alloh,allah
prsatukn,persatukan
mmg,memang
sdh,sudah
klw,kalau
g,tidak
slh,salah
ngomng,mengomong
mdh2an,mudah-mudahan
sm,sama
skedar,sekadar
sperti,seperti
kangennn,kangen
kangeeerrn,kangen
pulak,pula
tpi,tapi
terrrrbaik,terbaik
jorookknya,joroknya
ihhhhh,ih
cobaa,coba
padahall,padahal
jorokkkk,jorok
mualll,mual
klow,kalau
muke,muka
yg,yang
bner,benar
ajh,saja
taiiii,tahi
seneeeeeng,senang
yaa,ya
ga,tidak
nyesel,menyesal
besarin,membesarkan
mksh,terima kasih
tanyang,tayang
ber2,berdua
jngan,jangan
trus,terus
ngelarang,melarang
kerreeen,keren
udh,sudah
pantess,pantas
bngettt,banget
sampe,sampai
baperr,bawa perasaan
sudh,sudah
ga,tidak
sbr,sabar
pngen,pengin
nntn,menonton
ht,hati
pemainy,pemainnya
aq,aku
jga,juga
bnget,banget
ama,sama
aq,aku
jg,juga
aqu,aku
ngeliat,melihat
sampe,sampai
baper,bawa perasaan
smoga,semoga
gk,tidak
akn,akan
bnget,banget
nyampe,sampai
kbawa,terbawa
bradegan,beradegan
sm,sama
baper,bawa perasaan
bnget,banget
smga,semoga
amiiinnnn,amin
mlm,malam
nikahin,menikahi
hadeuh,aduh
bener2,benar-benar
nyambung,menyambung
aq,aku
liyat,lihat
krn,karena
sk,suka
bgt,banget
sm,sama
kluarga,keluarga
adengan,adegan
yaaa,ya
adengan,adegan
engga,tidak
bngtt,banget
bingit,banget
dapetin,mendapati
krn,karena
model2,model-model
sitayngin,ditayangkan
cocokkk,cocok
bgt,banget
mahhhh,mah
bangett,banget
cocokny,cocoknya
smoga,semoga
kaka,kakak
iniw,ini
sma,sama
jga,juga
q,ku
setju,setuju
bngt,banget
sma,sama
bnern,benaran
pcrn,pacaran
klian,kalian
cocokkkk,cocok
bngett,banget
abes,habis
pngen,pengin
kyk,kayak
gtu,begitu
ntar,entar
kek,kayak
gini,begini
br,baru
mksdny,maksudnya
tu,itu
knp,kenapa
kmu,kamu
brpa,berapa
tu,itu
ihh,ih
bgt,banget
sma,sama
aamiin,amin
dlu,dulu
kesampean,kesampaian
beginiiii,begini
ntr,entar
ak,aku
beliin,membelikan
kya,kaya
gini,begini
keq,kek
ngeliat,melihat
ngerasa,merasa
km,kamu
sygkuu,sayangku
lucuuuu,lucu
ngeselin,mengesalkan
bkin,bikin
masi,masih
baju'a,bajunya
fto,foto
gtu,begitu
jg,juga
bgt,banget
gara'',gara-gara
teruss,terus
pokok'a,pokoknya
bg,bang
ubur2,ubur-ubur
kuyy,yuk
bentarr,bentar
kuyy,yuk
klw,kalau
dureen,duren
ajibb,ajib
mahall,mahal
yukk,yuk
niiihh,nih
ubur2,ubur-ubur
donk,dong
imuuttt,imut
imuttzz,imut
nha,nya
asliii,asli
konten2,konten-konten
rasain,rasai
daaaah,deh
asliiii,asli
cantiknnnnyaaaaaaa,cantiknya
yuuk,yuk
ngelihatnya,melihatnya
aqu,aku
bdn,badan
na,nya
ibu2,ibu-ibu
bgt,banget
lau,kau
yaaa,ya
cantikkk,cantik
kakkk,kak
cantikk,cantik
sexxi,seksi
bgt,banget
bulet,bulat
ituu,itu
ngocok,mengocok
ni,ini
yg,yang
mw,mau
nyoba,mencoba
ikutin,mengikuti
gn,begini
yaahhh,ya
kencqng,kencang
ak,aku
kra,kira
kra,kira
msh,masih
diginikan,dibeginikan
"coret""",coret-coret
lahh,lah
gw,gue
gambarin,gambarkan
ntr,entar
klo,kalau
gw,gue
qt,kita
ky,kaya
gini,begini
y,ya
bener2,benar-benar
ngerii,ngeri
digambarin,digambarkan
klen,kalian
kek,kayak
bangke,bangkai
tp,tapi
gw,gue
kog,kok
jd,jadi
yha,ya
liatnya,lihatnya
bedanyaaa,bedanya
sm,sama
negri,negeri
mbk,mbak
pgin,pengin
fto,foto
krudungan,kerudungan
kakk,kak
ajaa,saja
maksutku,maksudku
kerennnnn,keren
njirr,anjir
ngerasa,merasa
bgt,banget
jd'y,jadinya
tp,tapi
manisnyaaaa,manisnya
thun,tahun
brp,berapa
bgt,banget
mbg,mbak
cantikk,cantik
bangeet,banget
sm,sama
km,kamu
jgn,jangan
ngaco,mengaco
ngomen,mengomentari
msh,masih
kaaakk,kak
gituh,begitu
tenggah,tengah
lucuuuu,lucu
yaa,ya
tpi,tapi
akuuu,aku
uuuuuaaaaaaaaaappppppppppiiiiiiiiiiiiiiiiiikkkkkkkkkkkkkkkk,apik
kocakkkkkkkkkkkkkk,kocak
ksukaanmuuu,kesukaanmu
bagiii,bagi
ayooo,ayo
nontonx,menontonnya
yach,ya
dpn,depan
pi,tapi
tu,itu
penasarannnn,penasaran
gilakkkkkk,gila
mauuu,mau
nontoonnn,menonton
cepet2,cepat-cepat
kepingin,pengin
nontonnnn,menonton
deeek,dek
ntappp,mantap
deg2an,deg-degan
liatnya,lihatnya
cyiiin,cinta
iyha,iya
kureeeen,keren
muantaap,mantap
nontonx,menontonnya
ga,tidak
pake,pakai
ngantri,mengantri
bli,beli
org,orang
nraktir,mentraktir
nonton,menonton
sbnyak,sebanyak
penasaraaann,penasaran
ga,tidak
kyk,kayak
ayoooo,ayo
nii,ini
nontonya,menontonnya
k,ke
kl,kalau
nunggu,menunggu
dpt,dapat
qta,kita
gw,gue
peen,pengin
lw,lu
gga,tidak
nunggu,menunggu
yaah,ya
asikkk,asik
gilak,gila
mcm,macam
ceritax,ceritanya
yoooiii,yoi
daah,deh
kuy,yuk
udahh,sudah
tauuuuu,tau
ngga,tidak
sabarrrrr,sabar
kqmu,kamu
banggain,banggakan
ngadain,mengadakan
ngak,tidak
ngadain,mengadakan
thn,tahun
knp,kenapa
pengan,pengin
ngadain,mengadakan
gk,tidak
sendeng,senang
simpen,simpan
gakk,tidak
bagiin,bagikan
nangis,menangis
nanggepin,menanggapi
pingin,pengin
gk,tidak
sma,sama
kapn,kapan
barang2,barang-barang
sma,sama
kirimin,mengirimi
tpi,tapi
gk,tidak
senengin,senangi
ngasih,mengasih
asikkk,asik
udh,sudah
ama,sama
ampunnnn,ampun
bln,bulan
senengg,senang
teruzzz,terus
gtu,begitu
mantabb,mantab
sumpahh,sumpah
yaa,ya
smua,semua
diluarann,diluaran
trbaik,terbaik
dlam,dalam
smua,semua
anjirrrr,anjir
jendess,janda
dh,deh
sichh,sih
jgn,jangan
pgn,pengin
namnya,namanya
kaka,kakak
gk,tidak
ninggalin,meninggalkan
orng,orang
geh,gih
ma,sama
nggak,tidak
sma,sama
kk,kakak
ber2,berdua
22nya,dua-duanya
aduuhhh,aduh
miripp,mirip
silauuu,silau
waww,wow
kerenn,keren
uga,juga
njiirr,anjir
bgs,bagus
bgt,banget
kesinii,kesini
gemay,gemas
dstu,disitu
tmpt,tempat
wiiiihhhh,wih
samoga,semoga
aamiin,amin
kereennn,keren
cobaa,coba
tuhh,tuh
wahh,wah
gk,tidak
nyangkaa,menyangka
hasilnyaaa,hasilnya
bangetttt,banget
dahhhh,dah
cmn,cuman
mudah2,mudah-mudah
bisaa,bisa
jugaakk,juga
prnh,pernah
diapa2in,diapa-apai
yaak,ya
lhoo,loh
mnta,minta
donx,dong
kyk,kayak
gthu,begitu
nda,indak
maauuu,mau
pacarrr,pacar
idamann,idaman
naturalllll,natural
bnyak,banyak
berntung,beruntung
merka,mereka
jln2,jalan-jalan
romntis,romantis
slamat,selamat
ulan,ulang
th,tahun
mngkin,mungkin
klau,kalau
diksi,dikasih
bgini,begini
sipp,sip
masi,masih
taun,tahun
jugak,juga
nungguin,menunggu
ngeluarin,mengeluarkan
keciill,kecil
ughaa,juga
"tante""",tante-tante
thn,tahun
ngerasa,merasa
gw,gue
banged,banget
abeees,habis
kapan2,kapan-kapan
adain,mengadakan
bsa,bisa
gk,tidak
bosen2,bosan-bosan
sempurnaaaaa,sempurna
kaan,kan
kece2,kece-kece
badaaiii,badai
beneraan,benaran
cantiiik,cantik
bgtt,banget
kuatttt,kuat
cantiiiiiiik,cantik
cantiknyaaa,cantiknya
pgn,pengin
bae2,baik-baik
lg,lagi
cantikkk,cantik
bgd,banget
mb,mbak
catiiiiik,cantik
bangeet,banget
subahanallah,subhanallah
cantikkk,cantik
bgt,banget
jaman2nya,jaman-jamannya
dapetin,mendapati
padet,padat
ga,tidak
buktiin,buktikan
km,kamu
yg,yang
cantiq,cantik
ak,aku
km,kamu
smua,semua
"pasien""nya",pasien-pasiennya
ngantri,mengantri
lohh,loh
bgt,banget
mngkin,mungkin
utk,untuk
ngasih,mengasih
keeeerrrreeeennnnnnnnn,keren
woow,wow
choker2,choker-choker
skarang,sekarang
skrang,sekarang
kaka,kakak
lohh,loh
gara2,gara-gara
buktiin,membuktikan
bangettttt,banget
hadirrr,hadir
hadirr,hadir
jelashh,jelas
sekali2,sekali-kali
mbaaa,mbak
temen,teman
kerenn,keren
hadirrr,hadir
ngomong,mengomong
hidupppp,hidup
nyebelin,menyebalkan
tp,tapi
diliatnya,dilihatnya
ga,tidak
abis2,habis-habis
gpp,tidak apa-apa
para2,parah-parah
bangeeet,banget
allahhhhhhh,allah
gemesnya,gemasnya
ilang2,hilang-hilang
mslh,masalah
kmi,kami
ngilangin,menghilangkan
tbuh,tubuh
itungan,hitungan
keliatan,kelihatan
ledekin,ledeki
tmn2,teman-teman
diputusin,diputuskan
gara2,gara-gara
km,kamu
gara2,gara-gara
repot2,repot-repot
oles2,oles-oles
ckup,cukup
dptkan,dapatkan
artis2,artis-artis
bener2,benar-benar
nyesel,menyesal
ayooo,ayo
saranin,menyarankan
kalii,kali
ajaa,saja
ninggiin,meninggikan
ledekin,ledeki
tmn2,teman-teman
baget,banget
dri,dari
bngt,banget
kl,kalau
lht,lihat
mnta,minta
kira2,kira-kira
lgsg,langsung
mngkin,mungkin
ngk,tidak
ahh,ah
pas2an,pas-pasan
balesin,membalas
gausah,tidak usah
kyk,kayak
sukaaa,suka
lutuna,lucunya
ciapa,siapa
gemesss,gemas
duhh,duh
terharuuu,terharu
ihh,ih
sumpahh,sumpah
alamii,alami
sampek,sampai
ckrng,sekarang
ngegemesin,menggemaskan
imoet,imut
bgt,banget
imut2,imut-imut
gtu,begitu
jagain,jaga
yahbh,ya
msih,masih
macem2,macam-macam
neko2,neko-neko
ngeliat,melihat
sktika,seketika
dr,dari
td,tadi
lutu,lucu
yg,yang
yaa,ya
yha,ya
wowwww,wow
massss,mas
kesiniii,kesini
bnget,banget
"keren""",keren-keren
"jalan""nya",jalan-jalannya
masyaallahhh,masyaallah
kerennn,keren
ksni,kesini
begok,bego
bkan,bukan
jgk,juga
gda,tidak ada
tmpt,tempat
mksd,maksud
aqu,aku
bawak,bawa
jdi,jadi
it,itu
bkan,bukan
nti,nanti
pgi,pagi
yahh,ya
keeeeeren,keren
bnget,banget
baguusss,bagus
mna,mana
liat,lihat
lg,lagi
bnget,banget
nahannnn,tahan
lucuu,lucu
bagaatt,banget
gayannxa,gayanya
kereeeen,keren
uda,sudah
ngekeh,kekeh
bg,bang
xlian,kalian
b3,bertiga
bnget,banget
lg,lagi
ihhh,ih
nyebelin,menyebalkan
bnget,banget
lcu,lucu
pait,pahit
pait,pahit
pait,pahit
koplakkk,koplak
kerass,keras
yachhh,ya
gokil,gila
bgt,banget
kmu,kamu
yg,yang
ngelihat,melihat
pngn,pengin
ngelawak,melawak
iiihhhhh,ih
gokil,gila
nyolotinnnn,menyolot
beratttttttt,berat
lucuu,lucu
cantiikkkk,cantik
kaa,kak
hijaabbb,hijab
sekalii,sekali
smnagatin,menyemangati
kk,kakak
pakek,pakai
kanapa,kenapa
ngk,tidak
pakek,pakai
cans,cantik
pke,pakai
aja,saja
subahanallah,subhanallah
banhet,banget
ahhhh,ah
bgttttttt,banget
mcm,macam
blng,bilang
jgn,jangan
mngasi,mengasih
kmbang,kembang
pg,pagi
tp,tapi
pulak,pula
nie,ini
nda,indak
pla,pula
kh,kah
tpi,tapi
cm,cuma
kw,kau
mcm,macam
kw,kau
pla,pula
yg,yang
blakon,berlakon
sy,saya
nmpk,nampak
sma,sama
lucuu,lucu
lcu,lucu
bngtzt,banget
lucukkkkk,lucu
inget,ingat
sbelah,sebelah
baek,baik
ciusss,serius
palinf,paling
fav,favorit
ndak,indak
maak,mak
ngakaaaakkk,mengakak
yank,sayang
bangett,banget
gokill,gila
kocakkkkkk,kocak
ngekek,mengekek
jgn,jangan
skrg,sekarang
udah,sudah
gak,tidak
capee,cape
pegangin,memegang
nyender,menyandar
bener,benar
manjain,memanjakan
bgt,banget
peleotin,meleot
bng,bang
ko,kok
gda,tidak ada
yahh,ya
termurahhhh,termurah
pengen,pengin
nyatakan,menyatakan
graaatiiiis,gratis
nyatakan,menyatakan
meriahh,meriah
cantikkkm,cantik
bangett,banget
parahh,parah
yuuk,yuk
mantabs,mantab
bingits,banget
yuppss,ya
nyindir,menyindir
bgt,banget
onoh,sono
bnyk,banyak
anakny,anaknya
staf2nya,staf-stafnya
gara2,gara-gara
ajaa,saja
ngilangin,menghilangkan
begete,banget
nyindir,menyindir
bgt,banget
aduhh,aduh
yg,yang
manteppp,mantap
hati2,hati-hati
jangan2,jangan-jangan
anakny,anaknya
kata2nya,kata-katanya
ynk,sayang
"nangis""",menangis-nangis
"hati""",hati-hati
"jangan""",jangan-jangan
emank,memang
klo,kalau
jagain,menjaga
dgn,dengan
cr,cara
emank,memang
diemin,diamkan
cm,cuma
aja,saja
trs,terus
uda,sudah
hancurin,menghancurkan
ga,tidak
ckp,cukup
cm,cuma
klo,kalau
mgkn,mungkin
ato,atau
diapain,diapakan
gtu,begitu
bgs,bagus
ms,masih
bs,bisa
krn,karena
mgkn,mungkin
haragain,menghargai
cb,coba
klo,kalau
g,tidak
uda,sudah
g,tidak
nyakitin,menyakiti
ht,hati
gw,gue
jgn2,jangan-jangan
org,orang
lg,lagi
kyk,kayak
sbaiknya,sebaiknya
mngerti,mengerti
blajar,belajar
dlu,dulu
dr,dari
fakta2,fakta-fakta
yg,yang
slama,selama
spt,seperti
udh,sudah
ckup,cukup
kyk,kayak
msh,masih
mnding,mending
cm,cuma
klo,kalau
gw,gue
lgsg,langsung
gw,gue
nilai2,nilai-nilai
lg,lagi
buka2,buka-buka
nyinyirin,nyinyir
pdhl,padahal
pd,pada
nyerang,menyerang
hrs,harus
mrk,mereka
trima,terima
mrk,mereka
hrs,harus
bs,bisa
ksh,kasih
ngomomg,mengomong
mang,memang
udh,sudah
klo,kalau
kbetulan,kebetulan
orgtuanya,orang tuanya
lg,lagi
sbelum,sebelum
ngamatin,mengamati
ngintip,mengintip
stelah,setelah
sm,sama
orng,orang
sndiri,sendiri
yg,yang
ksh,kasih
ngintilin,mengintil
trus,terus
smnjak,semenjak
trbukti,terbukti
nyambet,menyambat
msk,masuk
krmh,ke rumah
aja,saja
sm,sama
pdhl,padahal
rmh,rumah
gk,tidak
cm,cuma
yg,yang
skrg,sekarang
bo'ong,bohong
dri,dari
dlu,dulu
lg,lagi
klo,kalau
bkn,bukan
eloo,lo
apa2nya,apa-apanya
goblokkk,goblok
sesatt,sesat
ibliss,iblis
elo,lo
utk,untuk
smua,semua
hrs,harus
kbiasaan,kebiasaan
hdpnya,hidupnya
lbh,lebih
gk,tidak
byk,banyak
ngomong,mengomong
pake,pakai
pny,punya
anknya,anaknya
rmh,rumah
jalan2,jalan-jalan
gk,tidak
prnh,pernah
tdr,tidur
org,orang
sbuah,sebuah
spt,seperti
anak2nya,anak-anaknya
yg,yang
tdnya,tadinya
bkin,bikin
dr,dari
ank2nya,anak-anaknya
tp,tapi
ank2nya,anak-anaknya
yg,yang
milih,memilih
sndiri,sendiri
kn,kan
stelah,setelah
mrk,mereka
branjak,beranjak
ank2,anak-anak
gk,tidak
bs,bisa
masyarakay,masyarakat
yg,yang
lht,lihat
jg,juga
bs,bisa
mudah2an,mudah-mudahan
nyampe,sampai
utk,untuk
menegerti,mengerti
bkin,bikin
hdpnya,hidupnya
apa2,apa-apa
sok2,sok-sok
nasehatin,menasihati
ngaca,mengaca
dlu,dulu
jgn2,jangan-jangan
pantes,pantas
ajah,saja
kakk,kak
kakkkk,kak
slamet,selamat
ampe,sampai
nari,menari
ngapain,mengapai
ehh,eh
mf,maaf
bru,baru
ngcpin,mengucapkan
pgn,pengin
woowwww,wow
iaa,ya
trus,terus
yaaaa,ya
kakk,kak
kdg,kadang
nyesel,menyesal
knp,kenapa
skrg,sekarang
ngerasa,merasa
skrg,sekarang
kebagi,terbagi
nerusin,meneruskan
indo,indonesia
aja,saja
univ,universitas
kk,kakak
kk,kakak
nyesel,menyesal
kmu,kamu
maen,main
"ngaku""",mengaku-ngaku
wihh,wih
tetapppp,tetap
gantenggg,ganteng
aq,aku
donk,dong
jakety,jaketnya
lucuu,lucu
nggk,tidak
skli,sekali
kli,kali
yg,yang
km,kamu
ttp,tetap
pala,kepala
pusingggg,pusing
ttp,tetap
bng,bang
ttp,tetap
qu,ku
pucing,pusing
pala,kepala
ihhhh,ih
maho,manusia homo
gpp,tidak apa-apa
gantng,ganteng
pucing,pusing
alak,kepala
ga,tidak
akn,akan
hilangv,hilang
bungggg,bung
bangg,bang
gapap,tidak apa-apa
klo,kalau
keliatan,kelihatan
kyak,kayak
yg,yang
pling,paling
byk,banyak
gokiiill,gila
ngak,tidak
apa2,apa-apa
jdi,jadi
kya,kaya
org,orang
busedh,buset
gokilnya,gilanya
sma,sama
duluuu,dulu
keceee,kece
nyaa,nya
klu,kalau
gilaa,gila
gak,tidak
ahhhh,ah
w,gue
duuhhh,duh
tetep,tetap
aq,aku
amiiiiinnnnn,amin
dg,dengan
tullus,tulus
tw,tau
pluk,peluk
durhaka2,durhaka-durhaka
y,ya
gk,tidak
ngomong,mengomong
kmu,kamu
udh,sudah
ttp,tetap
kpada,kepada
"seburuk""",seburuk-buruk
ortu,orang tua
kta,kata
dy,dia
ktaa,kita
dy,dia
yup,ya
tdk,tidak
mb,mbak
tetaplaah,tetaplah
q,aku
baek,baik
ajja,saja
dech,deh
baek,baik
oprasi,operasi
aj,saja
gya,gaya
sm,sama
ny,nya
kndung,kandung
ehh,eh
sbg,sebagai
klo,kalau
bkn,bukan
u,untuk
smua,semua
ksenangan,kesenangan
yg,yang
ddpt,didapat
skrang,sekarang
jwab,jawab
sbg,sebagai
km,kamu
sk,suka
mmbodohkan,membodohkan
orlaen,orang lain
bgtu,begitu
sbg,sebagai
jgn,jangan
bgtu,begitu
skrg,sekarang
drpd,daripada
spt,seperti
elo,lo
malem,malam
gk,tidak
ngerti,mengerti
aplikasiin,mengaplikasikan
bgtu,begitu
berangat,berangkat
praktekin,mempraktikkan
dahh,dah
ntar,entar
gmn,bagaimana
omdo,omong doang
bgini,begini
kate,kata
gada,tidak ada
cabe2,cabe-cabe
klo,kalau
prjuangan,perjuangan
dg,dengan
kmewahan,kemewahan
stimpal,setimpal
dg,dengan
kmewahan,kemewahan
yg,yang
ddpat,didapat
klo,kalau
bkn,bukan
sprt,seperti
skrang,sekarang
km,kamu
jgn,jangan
aj,saja
bc,baca
mnilai,menilai
km,kamu
kata2,kata-kata
za,saja
gak,tidak
pake,pakai
pake,pakai
w,gue
gak,tidak
udahh,sudah
gak,tidak
usahh,usah
omdo,omong doang
za,saja
segala2nya,segala-galanya
sekarng,sekarang
skrg,sekarang
sprti,seperti
skrg,sekarang
sampe,sampai
masing2,masing-masing
jgn,jangan
sampe,sampai
mkanya,makanya
jgn,jangan
dlu,dulu
sblm,sebelum
hay,hai
mreka,mereka
bhagia,bahagia
km,kamu
aja,saja
yg,yang
korek2,korek-korek
org,orang
pngen,pengin
ngebales,membalas
krna,karena
w,gue
sihh,sih
gak,tidak
ngomong,mengomong
udahh,sudah
males,malas
w,gue
sasama,sesama
ga,tidak
klo,kalau
dahh,sudah
elo,lo
dehh,deh
cabe2an,cabe-cabean
terong2an,terong-terongan
seklian,sekalian
kluar,keluar
tuuu,itu
jgn,jangan
ngurusan,mengurusi
org,orang
ngaca,mengaca
donk,dong
campurin,mencampuri
emnknya,memangnya
py,punya
kaka,kakak
unyuu,unyu
dy,dia
bkn,bukan
tp,tapi
kndung,kandung
klo,kalau
mrangkul,merangkul
adlh,adalah
knpa,kenapa
klo,kalau
g,tidak
wlo,walau
bnyak,banyak
yg,yang
sperti,seperti
lh,lah
manusiy,manusia
tx,tak
dr,dari
samara,sakinah mawadah rahman
aamiin,amin
klw,kalau
liat,lihat
teringt,teringat
trmsuk,termasuk
ank,anak
yg,yang
dn,dan
pilihnmu,pilihanmu
swmntara,sementara
trmasuk,termasuk
gak,tidak
dlm,dalam
orang2,orang-orang
yg,yang
sgt,sangat
liht,lihat
aj,saja
y,ya
klo,kalau
suaminy,suaminya
skrg,sekarang
msh,masih
kn,kan
sm,sama
jadulnya,jaman dulunya
mantaff,mantap
klo,kalau
yg,yang
ngata2in,mengata-ngatai
g,tidak
jgn,jangan
bagaimna,bagaimana
tpi,tapi
mulusssss,mulus
bgus,bagus
bkn,bukan
gmana,bagaimana
kpleset,kepleset
yawlah,ya allah
bgt,banget
ntr,entar
lgsg,langsung
kepeleset,kepleset
engga,tidak
kayanye,kayanya
amiinnnn,amin
klo,kalau
gn,begini
ngakak,mengakak
komen2an,komen-komenan
wewww,wow
dumsss,dong
tar,entar
keq,kayak
gini,begini
amiin,amin
perbaikin,memperbaiki
trus,terus
permasalhkan,permasalahkan
bener2,benar-benar
ga,tidak
ngomong,mengomong
betul2,betul-betul
jauhin,jauhi
dateng,datang
ngomong,mengomong
adiik,adik
manisss,manis
ngerti,mengerti
"besar""",besar-besar
"masing""",masing-masing
aja,saja
"masing""",masing-masing
yaaa,ya
nyoba,mencoba
wihh,wih
beneran,benaran
yg,yang
ddlm,di dalam
smua,semua
kmbali,kembali
pd,pada
d,di
kmu,kamu
gk,tidak
kmu,kamu
gk,tidak
dkuburnya,dikuburnya
fi,di
indo,indonesia
sm,sama
ttg,tentang
masing2,masing-masing
kyk,kayak
kl,kalau
rata2,rata-rata
lbih,lebih
byk,banyak
critamu,ceritamu
kw,kau
ja,saja
dl,dulu
tu,itu
kl,kalau
dh,sudah
bres,beres
cmkn,camkan
tu,itu
gk,tidak
diurusin,diurusi
keles,kali
yg,yang
biarin,biarkan
aja,saja
ntar,entar
utk,untuk
utk,untuk
gk,tidak
gk,tidak
kk,kakak
kale,kali
klo,kalau
ngomong,mengomong
elo,lo
ngerasa,merasa
bener,benar
ga,tidak
donks,dong
ga,tidak
kn,kan
keles,kali
smoga,semoga
kmu,kamu
jngan,jangan
"membanding""",membanding-banding
gk,tidak
kmi,kami
mengperbolehkan,memperbolehkan
gk,tidak
krena,karena
ngri,negeri
"dingin""",dingin-dingin
kn,kan
lma,lama
dibangga'in,dibangga-banggakan
ngajak,mengajak
ngebolehin,membolehkan
dapet,dapat
gak,tidak
denger,dengar
dlu,dulu
"jelek""in",menjelek-jelekkan
stiap,setiap
org,orang
gausa,tidak usah
maksain,memaksakan
klo,kalau
km,kamu
buktiin,buktikan
smog,semoga
mnerima,menerima
baikxa,baiknya
aaamin,amin
ma,sama
ma,sama
sdh,sudah
gk,tidak
amienn,amien
sekangen2,sekangen-kangen
sm,sama
met,selamat
jln,jalan
amiin,amin
aamiin,amin
kt,kita
kmu,kamu
sdh,sudah
gak,tidak
tpi,tapi
aminnnn,amin
amiiiiiiiiiinnnnnnn,amin
nolongin,menolong
amiiiiiiiiiiin,amin
seluru,seluruh
aminn,amin
alloh,allah
amiennn,amien
amiiiin,amin
amiiiin,amin
gak,tidak
ngk,tidak
ngak,tidak
ngak,tidak
gak,tidak
bnget,banget
klow,kalau
tebir,ribet
doangam,doang
"tebir""",ribet-ribet
amad,amat
mkst,maksud
jgn,jangan
sm,sama
ae,saja
wong2,wong-wong
lau,kau
rempong,repot
ngurusin,mengurusi
kerjaan,pekerjaan
bingittzz,banget
dgn,dengan
bangets,banget
ajaa,saja
jg,juga
bngt,banget
ikh,ih
kk,kakak
aq,aku
dwh,deh
pulak,pula
nengok,menengok
bante,bantai
la,lah
ngomong,mengomong
komenannya,komentarnya
hadapin,menghadapi
dengarin,mendengarkan
bru,baru
gk,tidak
ush,usah
sma,sama
gpp,tidak apa-apa
cock,cocok
widihh,waduh
bner,benar
mantepp,mantap
dehh,deh
itungan,hitungan
cita2,cita-cita
temen-temen,teman-teman
stu,satu
syratnya,syaratnya
klo,kalau
skrg,sekarang
skrg,sekarang
mksh,terima kasih
bgt,banget
smoga,semoga
pnjang,panjang
shat,sehat
slalu,selalu
inginkn,inginkan
ank,anak
belanjaa,belanja
disiniii,disini
buktiin,buktikan
burem,buram
tlp,telepon
dngan,dengan
dg,dengan
ga,tidak
nyangka,menyangka
nunggu,menunggu
ngerasain,merasai
ngerasain,merasai
gmn,bagaimana
yaaa,ya
kancang,kencang
tmbh,tambah
cntik,cantik
bnyk,banyak
knp,kenapa
mansyoallah,masyaallah
skali,sekali
canttttikkk,cantik
dapetin,mendapati
subhanalloh,subhanallah
dlm,dalam
slmt,selamat
utk,untuk
pke,pakai
lbh,lebih
keliatan,kelihatan
mksh,terima kasih
udah,sudah
ksh,kasih
saranin,sarankan
dapetin,mendapati
stiap,setiap
lkuin,lakukan
ttep,tetap
langgenh,langgeng
foto2nya,foto-fotonya
tanggung2,tanggung-tanggung
salluutt,salut
pkai,pakai
lht,lihat
kmu,kamu
skrg,sekarang
pake,pakai
sm,sama
kmu,kamu
pd,pada
org2,orang-orang
yg,yang
smua,semua
mkn,makin
pake,pakai
seneng,senang
liat,lihat
pdng,padang
syantik,cantik
warbiyasah,luar biasa
skrg,sekarang
pk,pakai
kk,kakak
mbk,mbak
keedaannya,keadaannya
lagu2,lagu-lagu
saya2,saya-saya
tunggu2,tunggu-tunggu
sekrng,sekarang
mngkin,mungkin
ga,tidak
lg,lagi
tp,tapi
lagu2nya,lagu-lagunya
ttap,tetap
bsa,bisa
spertinya,sepertinya
ma,sama
kyk,kayak
cm,cuma
kmrn,kemarin
ad,ada
mrah,marah
gra2,gara-gara
skrg,sekarang
dy,dia
sngaja,sengaja
kyk,kayak
jlek,jelek
bs,bisa
jd,jadi
udah2,sudah-sudah
smua,semua
udh,sudah
ungkit2,ungkit-ungkit
udh,sudah
pura2,pura-pura
gatau,tidak tau
curhat2,curhat-curhat
matany,matanya
klo,kalau
kyk,kayak
gni,begini
byk,banyak
bner,benar
klo,kalau
dteng,datang
k,ke
mata'y,matanya
baju2,baju-baju
ayoooo,ayo
buruannn,buruan
emng,memang
perubut,perebut
sumai,suami
hdp,hidup
tk,tak
tdk,tidak
sprti,seperti
mb,mbak
elo,lo
urusin,mengurusi
apah,apa
sm,sama
bagus2,bagus-bagus
say,sayang
sekarng,sekarang
mb,mbak
ma,sama
mbk,mbak
jd,jadi
bgt,banget
ma,sama
sbg,sebagai
mmbela,membela
mb,mbak
mslhnya,masalahnya
hnya,hanya
sndri,sendiri
sy,saya
sj,saja
gpp,tidak apa-apa
krn,karena
msh,masih
bnyk,banyak
llki,lelaki
dluar,diluar
sna,sana
yg,yang
mw,mau
sm,sama
km,kamu
boleh2,boleh-boleh
dg,dengan
dya,dia
pantes,pantas
maluuuu,malu
beda2,beda-beda
mksh,terima kasih
udh,sudah
nyaranin,menyarankan
pake,pakai
skrng,sekarang
ja,saja
x,kali
dgn,dengan
masing2,masing-masing
lagu2nya,lagu-lagunya
tongolin,menongol
sm,sama
ahhh,ah
cabol,cabul
ngomong,mengomong
ape,apa
nyet,monyet
muna,munafik
jing,anjing
tot,entot
nihh,nih
sm,sama
ttg,tentang
tuhh,tuh
kmu,kamu
smoga,semoga
dpt,dapat
hidiyah,hidayah
jgn,jangan
percya,percaya
bgi,bagi
tlg,tolong
sya,saya
sdri,sendiri
sdh,sudah
tdi,tadi
mgkin,mungkin
bkn,bukan
sya,saya
blg,bilang
bhwa,bahwa
mimin,admin
indo,indonesia
dr,dari
br,baru
denger,dengar
skaligus,sekaligus
dr,dari
bkin,bikin
jg,juga
y,saya
bkn,bukan
jd,jadi
br,baru
cek2,cek-cek
kl,kalau
spti,seperti
dl,dulu
smakin,semakin
qta,kita
dg,dengan
gtu,begitu
sbgai,sebagai
mgk,mungkin
bs,bisa
bgmn,bagaimana
kl,kalau
spti,seperti
sapa2,sapa-sapa
tp,tapi
mmg,memang
sama2,sama-sama
kyknya,kayaknya
dgn,dengan
mgkn,mungkin
bhwa,bahwa
pnya,punya
dng,dengan
km,kamu
termurahhh,termurah
bbrp,beberapa
bhw,bahwa
dgn,dengan
banyaaaaaak,banyak
yg,yang
org2,orang-orang
ga,tidak
baik2nya,baik-baiknya
klo,kalau
mmg,memang
knp,kenapa
hrs,harus
tunjukan,tunjukkan
bhwa,bahwa
dr,dari
mgkn,mungkin
dg,dengan
anak2mu,anak-anakmu
bs,bisa
mgkn,mungkin
anak2,anak-anak
bagus2,bagus-bagus
anak2,anak-anak
ngasih2,mengasih-ngasih
berfikir,berpikir
ni,nih
amit2,amit-amit
mba,mbak
kasian,kasihan
elu,lu
d,di
kyk,kayak
gw,gue
ngajuin,mengajukan
tiba2,tiba-tiba
jkt,jakarta
kyk,kayak
ni,ini
yaaa,ya
lg,lagi
thn,tahun
laki2,laki-laki
terbaeq,terbaik
utk,untuk
namany,namanya
gk,tidak
jels,jelas
bgt,banget
tdk,tidak
dn,dan
diakibtkn,diakibatkan
gk,tidak
ad,ada
kerjaan,pekerjaan
emng,memang
suk,suka
jelek2,jelek-jelek
emng,memang
dsrny,dasarnya
ny,nya
sy,saya
jkrta,jakarta
mna,mana
dn,dan
mantaap,mantap
benar2,benar-benar
sperti,seperti
main2,main-main
lanjutkaaaaan,lanjutkan
hiduppp,hidup
ncek,encek
majuuu,maju
teruuss,terus
kdg2,kadang-kadang
looohh,loh
yg,yang
udah,sudah
sebelumbya,sebelumnya
tp,tapi
yg,yang
bener2,benar-benar
dg,dengan
ajah,saja
keles,kali
dr,dari
tp,tapi
tunjukin,tunjukkan
kya,kaya
"tahun""",tahun-tahun
jkt,jakarta
koment,komentar
ksh,kasih
k,ke
koment,komentar
sya,saya
nyampein,menyampaikan
sya,saya
nyampein,menyampaikan
bkn,bukan
jgn,jangan
nyari,mencari
msh,masih
dlm,dalam
hokiii,hoki
y,ya
gk,tidak
naksir,menaksir
iyah,iya
naksir,menaksir
"bangt""",banget-banget
cntik,cantik
bgt,banget
kk,kakak
k,kak
liat,lihat
liat,lihat
ntar,entar
naksir,menaksir
tw,tau
nafkahin,menafkahi
km,kamu
dlu,dulu
ngitem,menghitam
banyaaaak,banyak
"sama""",sama-sama
gx,tidak
lhat,lihat
ja,saja
naksir,menaksir
cantika,cantik
bgt,banget
klau,kalau
naksir,menaksir
kmu,kamu
cwek,cewek
ak,aku
laki2,laki-laki
udh,sudah
duhh,duh
kngen,kangen
fillm,film
dr,dari
emg,memang
udh,sudah
lbh,lebih
sinet,sinetron
jendral,jenderal
nanya,tanya
maenya,mainnya
sinet,sinetron
cantiks,cantik
wktu,waktu
pilm,film
yaa,ya
taon,tahun
klau,kalau
nd,indak
slah,salah
"nangis""",menangis-nangis
ortu,orang tua
beliin,belikan
ituu,itu
donk,dong
dr,dari
bgtt,banget
lgsg,langsung
aja,saja
cini,sini
jaaangan,jangan
uda,sudah
nambah,bertambah
naek,naik
terimaksih,terima kasih
saranin,menyarankan
pake,pakai
inii,ini
kaannnn,kan
tidakkkk,tidak
kemuh,kamu
da,sudah
keren2,keren-keren
gak,tidak
nyangka,menyangka
sempet,sempat
sby,surabaya
aq,aku
ga,tidak
y,ya
aq,aku
nonton,menonton
tgl,tanggal
pinginnn,pengin
buanget,banget
ketemuuu,ketemu
ampe,sampai
kebawa,terbawa
mimpiii,mimpi
pengen,pengin
ketemuuu,ketemu
wanjerrr,anjir
satupunn,satupun
motret,memotret
kapan2,kapan-kapan
temen2,teman-teman
msh,masih
donk,dong
lapakk,lapak
nyeniii,menyeni
bget,banget
ngeselin,mengesalkan
ad,ada
yg,yang
ga,tidak
seeh,sih
ttg,tentang
abis,habis
deuhh,duh
b2an,berduaan
dihargain,dihargai
"engga""",tidak-tidak
pdhl,padahal
udh,sudah
pcrn,pacaran
tahun2,tahun-tahun
tp,tapi
gk,tidak
yha,ya
lebayy,lebay
kya,kaya
gilsss,gila
baek,baik
baper,bawa perasaan
dech,deh
udh,sudah
bgt,banget
nganbek,mengambek
sukaa,suka
enk,enak
njir,anjir
kek,kayak
gini,begini
tp,tapi
mendam,memendam
gpp,tidak apa-apa
la,lah
dr,dari
maen,main
manta,mantan
gituuu,begitu
yaaa,ya
ihh,ih
ga,tidak
relaaaa,rela
kmrn,kemarin
gtu,begitu
kyak,kayak
gni,begini
bgun,bangun
cntik,cantik
lg,lagi
tdur,tidur
cntk,cantik
kt,kita
pengen,pengin
bgt,banget
knl,kenal
anugrah,anugerah
slm,salam
knl,kenal
pakek,pakai
uda,sudah
kliatan,kelihatan
km,kamu
yg,yang
gak,tidak
lbih,lebih
klu,kalau
awoohhh,allah
cantiikk,cantik
bngett,banget
kli,kali
kya,kaya
gt,begitu
kk,kakak
sbbyak,sebanyak
apun,apapun
indo,indonesia
tetep,tetap
nyangkutnya,menyangkutnya
yg,yang
untk,untuk
kk,kakak
sihh,sih
kk,kakak
gk,tidak
kliatan,kelihatan
org,orang
ampunnnnn,ampun
bgt,banget
kmu,kamu
hy,hai
hy,hai
hy,hai
cantikkk,cantik
wadaaw,waduh
paraah,parah
org,orang
aj,saja
cntk,cantik
kk,kakak
donk,dong
sampw,sampai
pengen,pengin
ngeliat,melihat
dijelekin,dijelekkan
dlu,dulu
napa,kenapa
ttp,tetap
bntu,bantu
azeeeek,asik
kalii,kali
ntikk,cantik
uhh,uh
mayan,lumayan
mnisss,manis
gtu,begitu
tambahim,tambahkan
tambahin,tambahkan
bngt,banget
bgt,banget
klo,kalau
pake,pakai
"bener""",benar-benar
klo,kalau
make,memakai
klo,kalau
dg,dengan
org,orang
yg,yang
gilaaaa,gila
canttikkk,cantik
baanggeettt,banget
ap,apa
siiihh,sih
krpoooo,kepo
pengn,pengin
gni,begini
nyusul,menyusul
nyok,yuk
kk,kakak
gni,begini
dekkk,dek
g,tidak
da,ada
yg,yang
mw,mau
kk,kakak
baper,bawa perasaan
bgt,banget
ngiri,mengiri
mmang,memang
ga,tidak
nentuin,menentukan
smoga,semoga
mnjmput,menjemput
yg,yang
kk,kakak
ygs,sayang
bgt,banget
liat,lihat
dahh,sudah
jan,jangan
mblooo,jomblo
pengen,pengin
bs,bisa
ber'expresi,berekspresi
bgtu,begitu
tw,tau
ni,ini
jdulnya,judulnya
ap,apa
ciumman,ciuman
aurot,aurat
laginy,laginya
ga,tidak
yg,yang
nyaaaaaaaaaaaaa,nya
alkhamdulilah,alhamdulillah
ktnya,katanya
selaluu,selalu
anjirrr,anjir
ngeh,engah
amen,amin
bs,bisa
kliatan,kelihatan
mngkin,mungkin
qm,kamu
aamiin,amin
udh,sudah
ngomong,mengomong
kmrn,kemarin
klo,kalau
liatnya,lihatnya
udh,sudah
sm,sama
indo,indonesia
nahhh,nah
bener,benar
gak,tidak
yah,ya
ngmngnya,mengomongnya
trs,terus
yg,yang
benar2,benar-benar
orang2,orang-orang
yg,yang
sampai2,sampai-sampai
hal2,hal-hal
krn,karena
komunitas2,komunitas-komunitas
utk,untuk
mw,mau
gak,tidak
gak,tidak
fotony,fotonya
halllo,halo
sma,sama
ngiritya,mengiritnya
hematt,hemat
cocokk,cocok
dr,dari
gw,gue
lg,lagi
ciyeeee,cie
ni,nih
yeeee,ya
kk,kakak
gak,tidak
aq,aku
nget,banget
kususnya,khususnya
krm,kirim
sam,sama
ajaaahhhhh,saja
syediiihhh,sedih
akuuu,aku
gx,tidak
ngerti,mengerti
malangg,malang
belooomm,belum
blm,belum
kn,kan
blom,belum
bingit,banget
d,di
donk,dong
donk,dong
yaakk,ya
yaaa,ya
nggk,tidak
kebukti,terbukti
anak2e,anak-anaknya
pgn,pengin
tuwanya,tuanya
gmn,bagaimana
comen2nya,komen-komennya
pedesssss,pedas
anak2mu,anak-anakmu
yg,yang
krn,karena
jelas2,jelas-jelas
skg,sekarang
sdh,sudah
kl,kalau
yg,yang
utk,untuk
anak2nya,anak-anaknya
nyebut2,menyebut-nyebut
anak2mu,anak-anakmu
yg,yang
plg,pulang
smbil,sambil
hellooooooo,halo
ngrebut,merebut
dri,dari
org,orang
mnjdi,menjadi
sprti,seperti
skg,sekarang
krna,karena
ngomong,mengomong
taek,tahi
gak,tidak
km,kamu
smga,semoga
bget,banget
hancurin,menghancurkan
rmh,rumah
lupain,melupakan
bangkret,bangkrut
ngmng,mengomong
taekk,tahi
lahhhhhh,lah
muna,munafik
kedokk,kedok
"mati""an",mati-matian
pda,pada
ga,tidak
bsa,bisa
aq,aku
nyimak,menyimak
komenx,komennya
serem2,seram-seram
"ngumpet""",mengumpet-ngumpet
bgt,banget
klo,kalau
km,kamu
lg,lagi
blim,belum
km,kamu
sekrang,sekarang
smpe,sampai
ngerebut,merebut
mnjijikaaaaaan,menjijikkan
astgfrlh,astagfirullah
knpa,kenapa
mba,mbak
bngt,banget
sahabatt,sahabat
bngt,banget
gnyngka,tidak menyangka
yaa,ya
yg,yang
kya,kaya
gtu,begitu
sendirir,sendiri
brengsekk,brengsek
gk,tidak
da,ada
g,tidak
prnh,pernah
tetep,tetap
mbg,mbak
gk,tidak
ngomentnya,mengomentarinya
ga,tidak
nusuk,menusuk
dr,dari
blg,bilang
dr,dari
skr,sekarang
dpotong,dipotong
helo,halo
blm,belum
dpotong,dipotong
kmrin,kemarin
krn,karena
ngmgin,mengomongkan
kw,kau
bilangg,bilang
yah,ya
kw,kau
dri,dari
dy,dia
ga,tidak
ngerebut,merebut
temen,teman
gkhianati,mengkhianati
kpd,kepada
hdup,hidup
krn,karena
sdh,sudah
hdup,hidup
dg,dengan
skr,sekarang
hr,hari
sp,siapa
pljaran,pelajaran
utk,untuk
org,orang
spy,supaya
tdk,tidak
mngikuti,mengikuti
klkuan,kelakuan
spy,supaya
tdk,tidak
anak2nya,anak-anaknya
tdk,tidak
dibikin2,dibikin-bikin
trus,terus
gimana,bagaimana
nnt,nanti
ngurusin,mengurusi
cew,cewek
cow,cowok
sm,sama
aja,saja
kasiannn,kasihan
bgt,banget
bnyak,banyak
mgkin,mungkin
dr,dari
cocokkkk,cocok
syekaliii,sekali
ngelihat,melihat
smoga,semoga
hgga,hingga
ngiri,mengiri
makasih,terima kasih
makasih,terima kasih
ayoo,ayo
seneng,senang
kaka,kakak
jd,jadi
pengen,pengin
namain,menamai
ank,anak
bangett,banget
yaaa,ya
cieeeee,cie
bgt,banget
sholihah,salihah
bangett,banget
adeuh,aduh
bgt,banget
nantiii,nanti
aamiin,amin
halahh,alah
luu,lu
leh,boleh
uga,juga
yuuks,yuk
ayooo,ayo
ka,kak
yoo,ayo
ginian,beginian
judulnyaa,judulnya
ape,apa
nihh,nih
ko,kok
ngikutin,mengikuti
gk,tidak
klo,kalau
mauuu,mau
inii,ini
bnyak,banyak
ato,atau
ayoookkkkkk,ayo
bgt,banget
y,ya
yaaa,ya
pengen,pengin
yg,yang
mb,mbak
klo,kalau
cwek,cewek
namax,namanya
klo,kalau
cwo,cowok
artix,artinya
klo,kalau
cwek,cewek
namax,namanya
klo,kalau
cwo,cowok
namax,namanya
cewe,cewek
cowo,cowok
klo,kalau
lt,lantai
cewe,cewek
tambahin,tambahkan
"nama""",nama-nama
mba,mbak
smg,semoga
sll,selalu
cowo,cowok
cewe,cewek
aja,saja
klo,kalau
cwe,cewek
serem,seram
serem,seram
bgt,banget
yg,yang
masing2,masing-masing
elu,lu
udah,sudah
aja,saja
ngapain,mengapai
kepoin,mengepoi
keluarin,mengeluarkan
gajelas,tidak jelas
yg,yang
mbak2,mbak-mbak
yg,yang
pedes,pedas
smua,semua
komentnya,komentarnya
gk,tidak
uda,sudah
ny,nya
omongin,mengomongkan
gk,tidak
anak2nya,anak-anaknya
ngalirrrrr,mengalir
krn,karena
udh,sudah
sbr,sabar
yg,yang
g,tidak
gmn,bagaimana
g,tidak
ad,ada
idup,hidup
sma,sama
mrk,mereka
tp,tapi
nmbah,bertambah
terossss,terus
gpp,tidak apa-apa
ngehujat,menghujat
dosaa,dosa
ngebela,membela
mmg,memang
seindonesiyah,seindonesia
tp,tapi
ank,anak
tdk,tidak
orgtuanya,orang tuanya
jd,jadi
jgn,jangan
anknya,anaknya
kmu,kamu
seh,sih
kyk,kayak
yg,yang
ksh,kasih
aja,saja
udh,sudah
senyumin,senyumi
gw,gue
mh,mah
liat,lihat
slalu,selalu
cpt,cepat
dapet,dapat
yg,yang
segala2nya,segala-galanya
ngalir,mengalir
yaa,ya
ngrusak,merusak
anak2nya,anak-anaknya
aja,saja
ngalir,mengalir
org,orang
px,punya
kslhn,kesalahan
skrngnya,sekarangnya
udh,sudah
lbh,lebih
knp,kenapa
engga,tidak
emang,memang
g,tidak
ga,tidak
kalik,kali
ak,aku
mba,mbak
yg,yang
lbh,lebih
yah,ya
g,tidak
bilangin,bilang
yg,yang
g,tidak
nyambungin,menyambung
yg,yang
d,di
uda,sudah
yg,yang
sllu,selalu
org,orang
tu,itu
scra,secara
g,tidak
nggali,menggali
org,orang
yg,yang
g,tidak
g,tidak
yg,yang
cmpur,campur
y,ya
gk,tidak
elo,lo
utk,untuk
jg,juga
dgr,dengar
elo,lo
gk,tidak
y,ya
gak,tidak
gitu,begitu
aja,saja
kurng,kurang
kepoin,mengepoi
sampe,sampai
nangis,menangis
bnget,banget
nangiiiiis,menangis
nangiiis,menangis
kasian,kasihan
ngomentarin,mengomentari
org,orang
aja,saja
org,orang
udh,sudah
idupnya,hidupnya
ortunya,orang tuanya
gk,tidak
woey,woy
bloghhh,goblok
org2,orang-orang
yg,yang
ngomongin,mengomongkan
nyimak,menyimak
doank,doang
lbh,lebih
orang2,orang-orang
orang2,orang-orang
nangis,menangis
"abal""",abal-abal
kasian,kasihan
dikata2in,dikata-katai
bnyk,banyak
yg,yang
ngehina,menghina
gmna,bagaimana
smoga,semoga
jd,jadi
yg,yang
bs,bisa
jd,jadi
kebanggan,kebanggaan
udah,sudah
ngaca,mengaca
donk,dong
jg,juga
dah,sudah
jngn,jangan
klo,kalau
gimana,bagaimana
mnjawab,menjawab
woooiiiiiiii,woy
dosaaaaaaaaaa,dosa
ingt,ingat
karmaaa,karma
woooiiiii,woy
yg,yang
yg,yang
ngkkkkkk,mengakak
yg,yang
ad,ada
makny,maknya
orng,orang
wdooohhh,waduh
ank,anak
ap,apa
y,ya
kasihn,kasihan
bru,baru
lhirr,lahir
dpt,dapat
hujatann,hujatan
palgi,apalagi
kl,kalau
dh,dah
yaa,ya
wihhh,wih
kakakkk,kakak
bgt,banget
bagusss,bagus
bangat,banget
yah,ya
yuuk,yuk
yaa,ya
bgt,banget
jt,juta
ngets,banget
stp,setiap
penbelian,pembelian
cuaantik,cantik
sukakkk,suka
bgt,banget
m,sama
pingin,pengin
yg,yang
jgn,jangan
yak,ya
yaa,ya
cucokkk,cocok
bngettt,banget
bkin,bikin
lyt,lihat
expresi,ekspresi
natap,menatap
gilaaa,gila
bgt,banget
gk,tidak
ccok,cocok
helloo,halo
yg,yang
emang,memang
mh,mah
udah,sudah
dripada,daripada
sama2,sama-sama
difotoin,difoto
mreka,mereka
psangan,pasangan
yg,yang
skali,sekali
knp,kenapa
bgttt,banget
cakepp,cakep
ngiriii,mengiri
coxok,cocok
bgt,banget
buatin,buatkan
lg,lagi
napa,kenapa
yahhh,ya
binggo,banget
yng,yang
udah,sudah
liat,lihat
nihhh,nih
statusx,statusnya
cem,macam
yee,ya
klo,kalau
cntik,cantik
bgt,banget
bgt,banget
kaka,kakak
y,ya
ngikutin,mengikuti
ngikutin,mengikuti
cewe,cewek
aja,saja
sm,sama
sunggu,sungguh
udh,sudah
lagiii,lagi
denger,dengar
ammiiin,amin
haddeh,aduh
km,kamu
maaasss,mas
klo,kalau
ngomong,mengomong
nggak,tidak
bgt,banget
segerrrr,segar
ilang,hilang
kemn,kemana
y,ya
g,tidak
suipit,sipit
y,ya
ngomong,mengomong
aj,saja
gk,tidak
"sama""",sama-sama
sipiit,sipit
ga,tidak
kedengeran,kedengaran
akn,akan
slalu,selalu
smua,semua
yg,yang
kaka,kakak
semangaatt,semangat
trus,terus
yaah,ya
promil,program hamil
krn,karena
tdk,tidak
lancr,lancar
keputihn,keputihan
gratisss,gratis
km,kami
aamiin,amin
yaa,ya
kebayang,terbayang
dr,dari
aamiin,amin
"mdh""",mudah-mudah
qt,kita
bz,bisa
amiinn,amin
liatnya,lihatnya
kk,kakak
aamiin,amin
amiennn,amien
aamiin,amin
aminnn,amin
amiin,amin
amiin,amin
ammin,amin
amiin,amin
amiin,amin
amiin,amin
smg,semoga
mendapatkn,mendapatkan
yg,yang
aminn,amin
aamiin,amin
yaa,ya
yg,yang
laki2,laki-laki
yg,yang
nihh,nih
nonton,menonton
sampe,sampai
lucuuuk,lucu
jg,juga
yaaa,ya
yaa,ya
gw,gue
amaattt,amat
namain,menamai
aje,saja
yaoloh,yaallah
guee,gue
emang,memang
nambah,bertambah
klo,kalau
ngerayain,merayakan
nambah,bertambah
nambah,bertambah
sotoy,sok tau
yaoloh,yaallah
njir,anjir
liat,lihat
ny,nya
yok,yuk
buatin,membuat
gini,begini
kpn,kapan
d.bikinin,dibikin
kya,kaya
gini,begini
yah,ya
mmz,mas
bikinin,bikin
bapeeeer,bawa perasaan
ngiri,mengiri
yg,yang
lahh,lah
bs,bisa
bikinin,membikin
yah,ya
baperr,bawa perasaan
keliatannya,kelihatannya
udah,sudah
keliatannya,kelihatannya
ilang,hilang
tetep,tetap
siih,sih
udah,sudah
gak,tidak
duluuu,dulu
diginiin,dibeginikan
nnti,nanti
yaa,ya
hadeehh,aduh
org,orang
pu,punya
suamiiiii,suami
sj,saja
tp,tapi
kliatan,kelihatan
krenn,keren
yg,yang
gw,gue
blg,bilang
kebykan,kebanyakan
pake,pakai
aja,saja
keles,kali
bnyak,banyak
aja,saja
tingal,tinggal
pernikahn,pernikahan
ga,tidak
ngtain,mengatai
da,ada
macem,macam
orang2,orang-orang
nggak,tidak
bgt,banget
klo,kalau
bagusnyeee,bagusnya
bgtt,banget
kemaren,kemarin
yg,yang
yg,yang
yank,sayang
hmpir,hampir
kyak,kayak
ama,sama
dehh,deh
liatnyaaa,lihatnya
waw,wow
mbuh,embuh
bsk,besok
nyari,mencari
yg,yang
aja,saja
yg,yang
jdi,jadi
udh,sudah
sya,saya
baper,bawa perasaan
yaah,ya
waaa,wah
kereenn,keren
berbiiiiiihhh,barbie
canteek,cantik
yahh,ya
gini,begini
aminnnn,amin
aja,saja
udah,sudah
engga,tidak
kebayang,terbayang
gmna,bagaimana
teru,terus
nyatok,mencatok
nyampenya,sampainya
yg,yang
goncengin,boncengkan
blm,belum
kasi,kasih
mba,mbak
mba,mbak
bgt,banget
dianterin,diantar
gebleg,geblek
gw,gue
dianterin,diantarkan
udh,sudah
bosen,bosan
anterin,antar
ama,sama
gw,gue
pengen,pengin
engga,tidak
aja,saja
yg,yang
ngantar,mengantar
nganterin,mengantarkan
nangis,menangis
mz,mas
emg,memang
nerima,menerima
ati2,hati-hati
ntar,entar
diapa2in,diapa-apai
lgi,lagi
beneran,benaran
gak,tidak
yeuh,ya
ga,tidak
dianterin,diantar
kmn,kemana
anterin,antarkan
gak,tidak
kmu,kamu
dianter,diantar
disupirin,disopiri
anterin,antarkan
yg,yang
yg,yang
yg,yang
yg,yang
klo,kalau
bgt,banget
aj,saja
lbh,lebih
trs,terus
jidad,jidat
lbh,lebih
yg,yang
lbh,lebih
yg,yang
lbh,lebih
jangan2,jangan-jangan
yg,yang
yg,yang
yg,yang
yg,yang
ga,tidak
yg,yang
ciee,cie
yg,yang
bln,bulan
novembr,november
yaa,ya
ka,kak
smga,semoga
smpe,sampai
hri,hari
yg,yang
donk,dong
bedain,membedakan
yg,yang
genduut,gendut
ka,kak
yg,yang
yg,yang
ehhh,eh
smua,semua
gak,tidak
yaa,ya
kl,kalau
yg,yang
g,tidak
bertatto,bertato
brrt,berarti
ak,aku
yg,yang
yg,yang
kana,kanan
yg,yang
yg,yang
dtg,datang
doong,dong
yg,yang
bedain,membedakan
yg,yang
yg,yang
yg,yang
sbelah,sebelah
cew,cewek
it,itu
yg,yang
sblah,sebelah
yg,yang
keliatan,kelihatan
yg,yang
tauuu,tau
yg,yang
yg,yang
yg,yang
tengaj,tengah
yg,yang
yg,yang
ka,kak
org,orang
kn,kan
ps,pas
jg,juga
liat,lihat
kk,kakak
dri,dari
k,kak
kn,kan
yg,yang
ad,ada
yg,yang
pke,pakai
kk,kakak
y,ya
yg,yang
gmpg,gampang
bgt,banget
yg,yang
yg,yang
engk,tidak
br,baru
yg,yang
gk,tidak
dr,dari
ak,aku
apal,hapal
dak,indak
ni,ini
rupa2nya,rupa-rupanya
kembaq,kembar
yg,yang
yg,yang
yg,yang
yg,yang
bngt,banget
yg,yang
tngh,tengah
yg,yang
klw,kalau
mknya,makanya
sdkit,sedikit
kyk,kayak
prmpuan,perempuan
yg,yang
pcarny,pacarnya
yg,yang
ketuker,tertukar
gmana,bagaimana
udah,sudah
yg,yang
tu,itu
yg,yang
yg,yang
drimnanya,darimananya
bgt,banget
cntikan,cantikan
gak,tidak
edaaaan,edan
mw,mau
dgn,dengan
dgn,dengan
yg,yang
bngt,banget
syp,siapa
yg,yang
bcnda,bercanda
cantiiik,cantik
ahhh,ah
uhhh,uh
bazengg,bajingan
haiii,hai
bangat,banget
bosaan,bosan
gitu2,begitu-gitu
udah,sudah
pake,pakai
kmana2,kemana-mana
gak,tidak
yuuk,yuk
miripp,mirip
kk,kakak
kyk,kayak
bnget,banget
lg,lagi
kl,kalau
adlh,adalah
dlm,dalam
hrsnya,harusnya
sdh,sudah
krn,karena
bhw,bahwa
yg,yang
bkn,bukan
yg,yang
sdg,sedang
org,orang
yg,yang
yg,yang
jd,jadi
tdk,tidak
krn,karena
gmn,bagaimana
kl,kalau
dgn,dengan
sdh,sudah
ksh,kasih
utk,untuk
kl,kalau
pdhl,padahal
lg,lagi
jd,jadi
dgn,dengan
komentar2,komentar-komentar
yg,yang
kenyataan2,kenyataan-kenyataan
yg,yang
silahkan,silakan
yg,yang
sbg,sebagai
dtg,datang
lwt,lewat
yg,yang
krn,karena
yg,yang
yg,yang
yg,yang
sy,saya
dlm,dalam
sdh,sudah
jd,jadi
sy,saya
spt,seperti
yg,yang
mba,mbak
yg,yang
sy,saya
yg,yang
jd,jadi
sy,saya
tp,tapi
sj,saja
tdk,tidak
sy,saya
krn,karena
sy,saya
sdh,sudah
yg,yang
utk,untuk
jg,juga
sdh,sudah
blg,bilang
org2,orang-orang
dr,dari
gw,gue
blg,bilang
sukur2,sukur-sukur
yg,yang
dpt,dapat
dr,dari
tp,tapi
bener,benar
yg,yang
mba,mbak
dlm,dalam
mba,mbak
aamiin,amin
lg,lagi
gw,gue
ksh,kasih
yg,yang
jg,juga
baek2,baik-baik
hati2,hati-hati
sma,sama
yg,yang
smua,semua
sma,sama
cma,cuma
yg,yang
gak,tidak
nasehatin,menasihati
blm,belum
jg,juga
dgn,dengan
jgn,jangan
krna,karena
hnya,hanya
km,kamu
yg,yang
bener,benar
yaa,ya
jgn,jangan
sama2,sama-sama
dgn,dengan
yg,yang
yg,yang
kl,kalau
utk,untuk
beda2,beda-beda
jgn,jangan
km,kamu
dgn,dengan
berbeda2,berbeda-beda
skrg,sekarang
yg,yang
bkn,bukan
yg,yang
silahkan,silakan
lg,lagi
dgn,dengan
dgn,dengan
yg,yang
dibkatakan,dikatakan
yg,yang
bhw,bahwa
mrk,mereka
yg,yang
doonk,dong
yg,yang
yg,yang
dgn,dengan
ngaku,mengaku
pengikuy,pengikut
tp,tapi
ngmngin,mengomongkan
dr,dari
yg,yang
dmn,dimana
tuch,tuh
u,untuk
org,orang
yg,yang
ngmngin,mengomongkan
gak,tidak
dr,dari
gak,tidak
jgn,jangan
dapet,dapat
sblmnya,sebelumnya
mba,mbak
maksd,maksud
bner,benar
tp,tapi
dr,dari
yg,yang
masing2,masing-masing
adkah,adakah
yg,yang
menbelah,membelah
yg,yang
karna,karena
mba,mbak
ayuk,ayo
yg,yang
mngira,mengira
bertolernsi,bertoleransi
slahkan,salahkan
krna,karena
tolernsi,toleransi
aminn,amin
yg,yang
tdk,tidak
tu,itu
tdk,tidak
yg,yang
dgn,dengan
dgn,dengan
yg,yang
yg,yang
tdk,tidak
yg,yang
skrang,sekarang
sbnarnya,sebenarnya
ingi,ingin
dlm,dalam
dah,deh
oalaaaa,walah
menjelekan,menjelekkan
hadeuuh,aduh
ngomong,mengomong
aja,saja
dikemanain,dikemanakan
pake,pakai
aja,saja
gk,tidak
yg,yang
aneh2,aneh-aneh
km,kamu
gmn,bagaimana
ngak,tidak
yg,yang
ato,atau
yg,yang
jg,juga
trus,terus
jg,juga
bpknya,bapaknya
yg,yang
dgn,dengan
jd,jadi
yg,yang
yg,yang
yg,yang
yg,yang
yg,yang
adlh,adalah
dlm,dalam
tdk,tidak
baca2,baca-baca
ga,tidak
yg,yang
dgn,dengan
lbh,lebih
hrsnya,harusnya
jwb,jawab
sy,saya
dgn,dengan
bkn,bukan
tp,tapi
tdk,tidak
sy,saya
yg,yang
mrk,mereka
yg,yang
gk,tidak
mrk,mereka
adlh,adalah
bkn,bukan
cm,cuma
tp,tapi
jg,juga
org,orang
bs,bisa
kl,kalau
tdk,tidak
tdk,tidak
lbh,lebih
dgn,dengan
tdk,tidak
yg,yang
mba,mbak
tp,tapi
komen2,komen-komen
yg,yang
dgn,dengan
berbeda2,berbeda-beda
pdhl,padahal
dlm,dalam
yg,yang
adlh,adalah
adlh,adalah
yg,yang
kpd,kepada
tdk,tidak
sbg,sebagai
utk,untuk
dr,dari
ga,tidak
yg,yang
sebelum2nya,sebelum-sebelumnya
sbagai,sebagai
masing2,masing-masing
amiin,amin
sedihh,sedih
ka,kak
kangennnn,kangen
smga,semoga
d,di
gndakan,gandakan
kk,kakak
kangeeeeeeeenya,kangen
sm,sama
k,kak
bgt,banget
yg,yang
kngen,kangen
bgtt,banget
sma,sama
gaa,tidak
akn,akan
yg,yang
ganti'kn,menggantikan
smg,semoga
tnang,tenang
amiiiiiiiiiiiiiiiiin,amin
sma,sama
kangennnn,kangen
kgeeeen,kangen
kangeenn,kangen
kangennn,kangen
bangeeeet,banget
smoga,semoga
tnang,tenang
kgn,kangen
hdup,hidup
g,tidak
bsok,besok
hbis,habis
mti,mati
g,tidak
bngetttt,banget
kangeen,kangen
bgect,banget
bangat,banget
dgn,dengan
ama,sama
yah,ya
ajah,saja
aja,saja
ajah,saja
fto,foto
ni,ini
"kebaikan""y",kebaikannya
d,di
trima,terima
smoga,semoga
jg,juga
d,di
dssi,disisi
kngenn,kangen
bngett,banget
kebayang,terbayang
yg,yang
yg,yang
kangeeeeennn,kangen
pengen,pengin
dgr,dengar
lagii,lagi
dasyat,dahsyat
ngak,tidak
karna,karena
ngak,tidak
ni,nih
aer,air
bgni,begini
kk,kakak
sya,saya
pake,pakai
skalii,sekali
kngen,kangen
kk,kakak
ama,sama
org,orang
yg,yang
spt,seperti
alm,almarhum
gg,tidak
dtinggl,ditinggal
kk,kakak
terbaiiikkkkk,terbaik
murahhh,murah
pecahhg,pecah
ihh,ih
skrang,sekarang
yahh,ya
gini,begini
kaka,kakak
kakakgh,kakak
terbaeeeek,terbaik
bet,banget
pngen,pengin
emg,memang
prempuan,perempuan
pengen,pengin
udah,sudah
manteep,mantap
wihh,wih
gk,tidak
yg,yang
ngerii,ngeri
bangettt,banget
dehh,deh
makasih,terima kasih
yg,yang
nggeh,engah
indonesiaaa,indonesia
makasih,terima kasih
beneran,benaran
inia,ini
ap,apa
maluu,malu
sempet,sempat
karna,karena
gk,tidak
cobaaaa,coba
ngerii,ngeri
bangett,banget
dehhh,deh
gak,tidak
akn,akan
nyesel,menyesal
cepetan,cepatan
ga,tidak
nyesel,menyesal
udah,sudah
buktiin,membuktikan
yg,yang
ntapsss,mantap
njir,anjir
kamiiii,kami
yg,yang
bgttt,banget
sll,selalu
smangat,semangat
mb,mbak
bc,baca
makasih,terima kasih
byk,banyak
temen2,teman-teman
yg,yang
yaa,ya
byk,banyak
yg,yang
syg,sayang
aq,aku
qmu,kamu
aq,aku
jdi,jadi
tw,tau
gimana,bagaimana
sdkit2,sedikit-sedikit
tntg,tentang
penyakitny,penyakitnya
gak,tidak
da,ada
yg,yang
gak,tidak
mgkin,mungkin
yg,yang
qmu,kamu
slalu,selalu
slalu,selalu
ngajarin,mengajari
tntg,tentang
pa,apa
krn,karena
smakin,semakin
qmu,kamu
dy,dia
spt,seperti
laenny,lainnya
jga,juga
dri,dari
laenny,lainnya
jga,juga
jga,juga
yach,ya
smoga,semoga
bsa,bisa
dapet,dapat
amiinnn,amin
scpatny,secepatnya
trus,terus
yach,ya
bwt,buat
sampein,sampaikan
bwt,buat
yach,ya
smoga,semoga
slalu,selalu
jdi,jadi
yg,yang
bwt,buat
tuany,tuanya
jdi,jadi
yg,yang
amiiinn,amin
bgt,banget
byk,banyak
amiin,amin
iyaaa,iya
gpp,tidak apa-apa
amiinn,amin
ttp,tetap
slalu,selalu
jdi,jadi
yach,ya
amiiinnn,amin
mudah2an,mudah-mudahan
doa2,doa-doa
yg,yang
utk,untuk
amiiinn,amin
bgttt,banget
pjg,panjang
yahhh,ya
syg,sayang
adeeek,adek
jd,jadi
dr,dari
aminnn,amin
amiin,amin
q,ku
bca,baca
ampe,sampai
netes,menetes
mataq,mataku
q,ku
byangin,membayangkan
trjadi,terjadi
ma,sama
q,aku
skrg,sekarang
pnya,punya
bln,bulan
q,aku
dposisi,diposisi
mgkn,mungkin
q,aku
g,tidak
utk,untuk
q,ku
mba,mbak
spt,seperti
tanda2nya,tanda-tandanya
spt,seperti
dijwb,dijawab
smoga,semoga
yg,yang
orgtuanya,orang tuanya
org,orang
aamiin,amin
smoga,semoga
slalu,selalu
aamiin,amin
mudah2an,mudah-mudahan
amiin,amin
byk,banyak
dr,dari
ga,tidak
tmpt,tempat
anak2,anak-anak
tp,tapi
anak2,anak-anak
dgn,dengan
anak2,anak-anak
yg,yang
dgn,dengan
utk,untuk
tmn2nya,teman-temannya
amiinn,amin
makasih,terima kasih
sayy,sayang
bgt,banget
byk,banyak
dr,dari
q,ku
pgen,pengin
jd,jadi
kyk,kayak
km,kamu
benar2,benar-benar
pgn,pengin
salaam,salam
y,ya
kakk,kak
mba,mbak
nangis,menangis
mba,mbak
yg,yang
jg,juga
sampek,sampai
aq,aku
ngerasain,merasai
yg,yang
rasain,rasai
na,nya
aq,aku
ngajar,mengajar
gmn,bagaimana
dri,dari
yg,yang
yg,yang
yaa,ya
dri,dari
liad,lihat
fto2,foto-foto
ngerasa,merasa
yg,yang
laen,lain
yg,yang
bgt,banget
yaa,ya
yg,yang
dlu,dulu
karna,karena
dallam,dalam
tp,tapi
yg,yang
yg,yang
sudh,sudah
dgn,dengan
orang2,orang-orang
tentanh,tentang
amiin,amin
dasyat,dahsyat
pingin,pengin
nangiss,menangis
bgt,banget
yg,yang
jd,jadi
bgt,banget
karna,karena
nnton,menonton
kejadianny,kejadiannya
tp,tapi
ga,tidak
main2,main-main
yg,yang
kk,kakak
smua,semua
slalu,selalu
yg,yang
slalu,selalu
kk,kakak
klg,keluarga
jd,jadi
yg,yang
kk,kakak
sayaang,sayang
smoga,semoga
slalu,selalu
jd,jadi
kebanggan,kebanggaan
klg,keluarga
jd,jadi
yg,yang
yg,yang
slalu,selalu
org,orang
jd,jadi
jd,jadi
yg,yang
sayaang,sayang
klg,keluarga
pd,pada
msg2,masing-masing
yg,yang
smg,semoga
yg,yang
yg,yang
org,orang
bgt,banget
pd,pada
yg,yang
tp,tapi
hrs,harus
bgt,banget
dr,dari
nyesel,menyesal
bgt,banget
ga,tidak
sblm,sebelum
pdhl,padahal
ngerasa,merasa
ga,tidak
byk,banyak
pgnnya,penginnya
meluk,memeluk
tp,tapi
ga,tidak
mudah2an,mudah-mudahan
kata2nya,kata-katanya
gak,tidak
lg,lagi
duhh,duh
bangeet,banget
siiihhh,sih
mupeng,muka pengin
baper,bawa perasaan
trus,terus
gini,begini
gitu,begitu
caya,percaya
pingin,pengin
kpn,kapan
km,kamu
mna,mana
ny,nya
d,di
yg,yang
bgt,banget
yg,yang
kek,kayak
gini,begini
gak,tidak
liat,lihat
aduhhhhhhhhh,aduh
bangettt,banget
buseett,buset
gitu,begitu
mblo,jomblo
nyari,mencari
yg,yang
bgini,begini
km,kamu
kek,kayak
gini,begini
gini,begini
bkin,bikin
ga,tidak
bgt,banget
yaa,ya
males,malas
njir,anjir
lucuuu,lucu
gagahx,gagahnya
miriiiip,mirip
kaliiii,kali
miriiiip,mirip
bgt,banget
ky,kaya
wahh,wah
bgt,banget
yakk,ya
ga,tidak
niru,meniru
bpknya,bapaknya
mudah2an,mudah-mudahan
bpkmu,bapakmu
aje,saja
aq,aku
sangt,sangat
kmn,kemana
dgn,dengan
slm,salam
gak,tidak
baang,bang
gasih,tidak sih
kasian,kasihan
gak,tidak
pake,pakai
mba,mbak
bgt,banget
yuu,yuk
yg,yang
aqu,aku
yuuu,yuk
cantiik,cantik
yukk,yuk
rb,ribu
aja,saja
cantikk,cantik
gantengg,ganteng
kt,kita
bgt,banget
seneng,senang
liat,lihat
samaa,sama
seneng,senang
liatnya,lihatnya
ngademin,mengademkan
aahh,ah
ngiri,mengiri
pengen,pengin
gini,begini
kakkk,kak
ayuk,ayo
yukk,yuk
kakk,kak
makasi,terima kasih
looo,loh
gak,tidak
Semua ada disini tuk keperluan Fashion,"tas & Sepatu.."""
pake,pakai
Semua ada disini tuk keperluan Fashion,"tas & Sepatu.."""
utk,untuk
yg,yang
yg,yang
ga,tidak
nyesel,menyesal
uda,sudah
keluarin,keluarkan
yokk,yuk
ayoook,ayo
gini,begini
gils,gila
kek,kayak
aja,saja
ono,sono
ama,sama
pke,pakai
kpn,kapan
kek,kayak
gni,begini
nggak,tidak
trs,terus
trus,terus
gini,begini
weeeh,wih
bagiin,membagikan
suksea,sukses
kaa,kak
temenan,berteman
yah,ya
temenan,berteman
bsa,bisa
sehh,sih
deket,dekat
bgt,banget
temen,teman
dekt,dekat
ihh,ih
bgtt,banget
genggg,geng
bsok,besok
gtu,begitu
yawloh,ya allah
gimana,bagaimana
gak,tidak
gak,tidak
gini,begini
njirr,anjir
bhnya,bahannya
km,kamu
dlu,dulu
anjirrrr,anjir
cucokkk,cocok
loo,loh
samaaaa,sama
gak,tidak
nyangka,menyangka
dlm,dalam
yaaa,ya
abanggku,abangku
sayanggg,sayang
lagii,lagi
dsni,disini
ajaa,saja
silahkan,silakan
ciieeeeeee,cie
kokohh,engkoh
cieeeee,cie
sukaaa,suka
pdhal,padahal
takuttt,takut
yuks,yuk
yah,ya
yng,yang
kmrn,kemarin
bg,bang
kmrn,kemarin
bg,bang
pnjual,penjual
yh,ya
gak,tidak
ahhh,ah
sma,sama
ga,tidak
dung,dong
latian,latihan
yaaaa,ya
bgt,banget
ampe,sampai
lgsg,langsung
aaaaaaakkk,ah
mauuuu,mau
yg,yang
ga,tidak
soga,moga
kmu,kamu
gak,tidak
yg,yang
gitu,begitu
kngen,kangen
pngen,pengin
tteh,teteh
sintron,sinetron
pake,pakai
astagaa,astaga
w,gue
ancurrr,hancur
ap,apa
td,tadi
iaa,iya
liat,lihat
dblkang,dibelakang
yayang,sayang
y,ya
yah,ya
ginian,beginian
gimna,bagaimana
bingit,banget
kmu,kamu
gokillllll,gila
yg,yang
gokillllll,gila
kk,kakak
cntik,cantik
bgtt,banget
aplks,aplikasi
pengen,pengin
nyoba,mencoba
yg,yang
dongg,dong
makasi,terima kasih
pling,paling
ska,suka
denger,dengar
ktawa,ketawa
amiin,amin
hrs,harus
aamiin,amin
yaa,ya
gini,begini
aamiin,amin
amiin,amin
pengen,pengin
baguuus,bagus
aamiin,amin
ntar,entar
ayoook,ayo
udah,sudah
kaaan,kan
ihhh,ih
banged,banget
yok,yuk
pgn,pengin
gini,begini
mauuuuu,mau
ngepoin,mengepoi
uuhh,uh
ngakak,mengakak
gitu,begitu
bgt,banget
bgt,banget
dah,sudah
pengen,pengin
beut,banget
baper,bawa perasaan
gw,gue
gw,gue
skrg,sekarang
sampe,sampai
duhh,duh
njirrr,anjir
duhh,duh
baper,bawa perasaan
ngiri,mengiri
pengeeenn,pengin
bgt,banget
yak,ya
g,tidak
bosen,bosan
liat,lihat
dongggg,dong
gini,begini
trs,terus
trs,terus
nyampe,sampai
g,tidak
bosen,bosan
liatnya,lihatnya
qu,ku
qu,ku
gak,tidak
pengen,pengin
hatii,hati
aja,saja
laa,lah
besook,besok
ahh,ah
aq,aku
mauu,mau
gtuu,begitu
gara2,gara-gara
maen,main
yg,yang
njayyy,anjay
ngakak,mengakak
elu,lu
maacih,terima kasih
tokayyy,tahi
yg,yang
taun,tahun
to,tapi
mksdku,maksudku
knp,kenapa
gw,gue
gituin,begitukan
lgsung,langsung
cba,coba
gk,tidak
nh,nih
bgt,banget
klo,kalau
lg,lagi
gituin,begitukan
gak,tidak
yah,ya
gak,tidak
"ilang""",hilang-hilang
giniin,beginikan
aja,saja
ksini,kesini
kaaa,kak
kubarikan,kuberikan
aq,aku
giniin,beginikan
ayank,sayang
anyeng,anjing
skali,sekali
bng,bang
njirrr,anjir
lgi,lagi
ngapain,mengapai
kya,kaya
gx,tidak
yankkk,sayang
aja,saja
d,di
cukurrr,cukur
gilaaaaaa,gila
aja,saja
yah,ya
ga,tidak
tu,itu
pala,kepala
klau,kalau
bgt,banget
kaka,kakak
yhaaa,ya
qaqaaaa,kakak
sayangkuuuuu,sayangku
kakakuuu,kakakku
dh,deh
orng,orang
kk,kakak
rb,ribu
klau,kalau
rb,ribu
yah,ya
bangett,banget
bgt,banget
gini,begini
naksir,menaksir
pake,pakai
pake,pakai
rekomendasiin,merekomendasikan
gak,tidak
banx,bang
utk,untuk
edannn,edan
pake,pakai
udah,sudah
nggk,tidak
thn,tahun
Pin. 5E8CA768 / Wa. 081322083838 ? produknya aman banget ? ga ada efek samping dan ketergantungan? ,"  Udah dapat sertifikat ? BPOM dan ? Halal MUI juga (y)"""
thn,tahun
Pin. 5E8CA768 / Wa. 081322083838 ? produknya aman banget ? ga ada efek samping dan ketergantungan? ,"  Udah dapat sertifikat ? BPOM dan ? Halal MUI juga (y)"""
makasih,terima kasih
udh,sudah
ksh,kasih
bangett,banget
ga,tidak
lg,lagi
liat,lihat
bs,bisa
bape,bawa perasaan
skrg,sekarang
yg,yang
"artis""",artis-artis
naksir,menaksir
ngelahirin,melahirkan
paksain,memaksa
biasaa,biasa
pengen,pengin
besarin,membesarkan
hub,hubungi
aja,saja
makasih,terima kasih
saranin,menyarankan
ga,tidak
udah,sudah
saranin,menyarankan
bangett,banget
saranin,menyarankan
skrg,sekarang
ga,tidak
nyesel,menyesal
aja,saja
makasih,terima kasih
yaa,ya
hubunggi,hubungi
gak,tidak
loooh,loh
kek,kayak
telimakacih,terima kasih
telimakacih,terima kasih
bngt,banget
keliatan,kelihatan
yuuk,yuk
nerawang,menerawang
alloh,allah
cantiiiik,cantik
ga,tidak
didapet,didapat
tanya2,tanya-tanya
dapetin,mendapati
gak,tidak
pede,percaya diri
gara2,gara-gara
ga,tidak
utk,untuk
smoga,semoga
ttp,tetap
aminn,amin
kuningggg,kuning
kk,kakak
mz,mas
mb,mbak
emg,memang
keliatan,kelihatan
nyolot,menyolot
donk,dong
kk,kakak
udah,sudah
aja,saja
sihhh,sih
tu,itu
cantikkk,cantik
kakk,kakak
ska,suka
ko,kok
gak,tidak
yah,ya
org,orang
indo,indonesia
lgsg,langsung
kyk,kayak
gini,begini
ga,tidak
ga,tidak
yg,yang
liat,lihat
ad,ada
d,di
bangat,banget
aja,saja
ni,ini
elahh,alah
ngaca,mengaca
gk,tidak
pd,pada
ga,tidak
pnting,penting
pnya,punya
dlm,dalam
ga,tidak
ga,tidak
bela2in,membela-bela
smpe,sampai
marah2an,marah-marahan
prnh,pernah
wlaupun,walaupun
syantiiiiikkkkkkkkkkkk,cantik
punyaaa,punya
aja,saja
gk,tidak
yg,yang
nd,indak
ush,usah
"bwa""",bawa-bawa
agma,agama
subahanallah,subhanallah
cantikk,cantik
bgt,banget
pke,pakai
hijabb,hijab
engga,tidak
bangettttt,banget
kerrennn,keren
ga,tidak
makasih,terima kasih
udah,sudah
rekomendasiin,merekomendasikan
jd,jadi
lbih,lebih
dr,dari
ngetik,mengetik
ntr,entar
ntah,entah
pan,kapan
aja,saja
mateeeek,mati
mba,mbak
yah,ya
sma,sama
kl,kalau
gimana,bagaimana
geetoo,begitu
ginian,beginian
ga,tidak
diginiin,dibeginikan
ntr,entar
sewain,menyewa
kokkk,kok
muluuu,melulu
kaka,kakak
yaaang,yang
iyaa,iya
ntar,entar
dbuat,dibuat
gituu,begitu
yappp,ya
msih,masih
thn,tahun
lg,lagi
uwahhhhh,wah
g,tidak
bs,bisa
lbh,lebih
lg,lagi
bnr2,benar-benar
psgn,pasangan
yg,yang
cocokkk,cocok
dr,dari
ujg,ujung
rmbut,rambut
smp,sampai
kki,kaki
kgn,kangen
liat,lihat
liat,lihat
kgn,kangen
mreka,mereka
yg,yang
dlu,dulu
yg,yang
pengen,pengin
y,ya
hayukk,hayo
gini,begini
segitunya,sebegitunya
pngn,pengin
ntab,mantab
mauu,mau
atuhhh,atuh
yukss,yuk
lihaatttt,lihat
yg,yang
ayoo,ayo
niiiihh,nih
liattt,lihat
cuyyy,cuy
dr,dari
gapernah,tidak pernah
bosen,bosan
liatiii,lihat
jombsss,jomblo
emesshhh,gemas
gemeessss,gemas
poollll,pol
gemesyak,gemas ya
pengen,pengin
gini,begini
bgtttt,banget
ko,kok
klo,kalau
kyk,kayak
gini,begini
yaaa,ya
cntiknya,cantiknya
yaaa,ya
lucuuu,lucu
bngttt,banget
ngegmesin,menggemaskan
hndak,hendak
kh,kah
hndk,hendak
iiih,ih
lutunaa,lucunya
lucuuu,lucu
abiz,habis
bkin,bikin
gemes,gemas
ngga,tidak
ngareppppp,mengharap
aamiinin,amin
aja,saja
aq,aku
lht,lihat
fhoto,foto
yg,yang
imuutt,imut
abizzz,habis
jgn,jangan
tay,tahi
nyaaa,nya
bgt,banget
yg,yang
toketnya,teteknya
sampe,sampai
tumpe2,tumpah-tumpah
lenje,lenjeh
tuuuuh,tuh
cantinya,cantiknya
bgt,banget
gw,gue
kl,kalau
krn,karena
yg,yang
gw,gue
ga,tidak
aneh2,aneh-aneh
ga,tidak
macam2,macam-macam
ga,tidak
yg,yang
"mbak""",mbak-mbak
ngatain,mengatai
lucuu,lucu
bgt,banget
mbaknyaahh,mbaknya
pyudara,payudara
gak,tidak
gk,tidak
ky,kaya
yg,yang
lenje,lenjeh
ap,apa
ajah,saja
bgt,banget
tu,itu
yg,yang
tu,itu
cewe,cewek
lenje,lenjeh
ngatain,mengatai
lenje,lenjeh
lenje,lenjeh
lenje,lenjeh
gak,tidak
gak,tidak
ditutupin,ditutupi
tp,tapi
gk,tidak
pake,pakai
tp,tapi
gak,tidak
bgitu,begitu
yaa,ya
ngomongnya,mengomongnya
gak,tidak
km,kamu
bgt,banget
pengen,pengin
sich,sih
cntik,cantik
bgt,banget
bgt,banget
bnget,banget
cantiik2,cantik-cantik
dech,deh
hati.a,hatinya
blm,belum
mk.a,makanya
gt,begitu
mlt.a,mulutnya
nyerocooooos,mencerocos
trus,terus
blg,bilang
tuk,untuk
org,orang
kyk.a,kayaknya
wkt,waktu
sklh,sekolah
dl,dulu
pljrn,pelajaran
srng,sering
ga,tidak
msk,masuk
yaaa,ya
org,orang
ngilang,menghilang
dikatain,dikatai
maluuu,malu
yaaaa,ya
yg,yang
ngalahin,mengalahkan
tu,itu
ap,apa
kk,kakak
brisi,berisi
tp,tapi
ttp,tetap
kk,kakak
cntik,cantik
ap,apa
ga,tidak
pake,pakai
aja,saja
loo,loh
kk,kakak
laa,lah
pkoknya,pokoknya
kk,kakak
slm,salam
knl,kenal
canti,cantik
y,ya
q,aku
kk,kakak
kk,kakak
astagfirullh,astagfirullah
nutupin,menutupi
amiin,amin
cntik,cantik
liat,lihat
hub,menghubungi
kmn,kemana
klo,kalau
bs,bisa
indo,indonesia
ni,ini
dung,dong
ori,orisinal
yu,yuk
bgt,banget
kakakaaaaaaaaaaaaaa,kakak
kaka,kakak
cantikkkkkkkk,cantik
cantiq,cantik
batwc,banget
kamyuhhh,kamu
yukk,yuk
dbwh,dibawah
rb,ribu
cantikk,cantik
sampe,sampai
pake,pakai
ga,tidak
yuuuk,yuk
yaa,ya
seneng,senang
yg,yang
padet,padat
gara2,gara-gara
makasih,terima kasih
yaa,ya
bukti2,bukti-bukti
bener,benar
say,sayang
gak,tidak
senenggg,senang
yg,yang
yukk,yuk
dr,dari
ngga,tidak
makasih,terima kasih
yaaa,ya
gak,tidak
pede,percaya diri
pengen,pengin
dapetin,mendapati
kepoin,mengepoi
ajaa,saja
belanjaa,belanja
disiniii,disini
hay,hai
"FOLLOW? MY IG: @algaeslovania_premiumskincare1  WA:081210238087""",homofon
temen2,teman-teman
"FOLLOW? MY IG: @algaeslovania_premiumskincare1  WA:081210238087""",reduplikasi
mao,mau
"FOLLOW? MY IG: @algaeslovania_premiumskincare1  WA:081210238087""",modifikasi vokal
tp,tapi
"FOLLOW? MY IG: @algaeslovania_premiumskincare1  WA:081210238087""",abreviasi
yg,yang
"FOLLOW? MY IG: @algaeslovania_premiumskincare1  WA:081210238087""",abreviasi
gak,tidak
"FOLLOW? MY IG: @algaeslovania_premiumskincare1  WA:081210238087""",zeroisasi
murhan,murahan
"FOLLOW? MY IG: @algaeslovania_premiumskincare1  WA:081210238087""",abreviasi
yah,ya
"FOLLOW? MY IG: @algaeslovania_premiumskincare1  WA:081210238087""",anaptiksis
prwtn,perawatan
"FOLLOW? MY IG: @algaeslovania_premiumskincare1  WA:081210238087""",abreviasi
wjh,wajah
"FOLLOW? MY IG: @algaeslovania_premiumskincare1  WA:081210238087""",abreviasi
yg,yang
"FOLLOW? MY IG: @algaeslovania_premiumskincare1  WA:081210238087""",abreviasi
bgettt,banget
"FOLLOW? MY IG: @algaeslovania_premiumskincare1  WA:081210238087""",abreviasi
dr,dari
"FOLLOW? MY IG: @algaeslovania_premiumskincare1  WA:081210238087""",abreviasi
negri,negeri
"FOLLOW? MY IG: @algaeslovania_premiumskincare1  WA:081210238087""",zeroisasi
yg,yang
"FOLLOW? MY IG: @algaeslovania_premiumskincare1  WA:081210238087""",abreviasi
utk,untuk
"FOLLOW? MY IG: @algaeslovania_premiumskincare1  WA:081210238087""",abreviasi
bs,bisa
"FOLLOW? MY IG: @algaeslovania_premiumskincare1  WA:081210238087""",abreviasi
prwtn,perawatan
"FOLLOW? MY IG: @algaeslovania_premiumskincare1  WA:081210238087""",abreviasi
utk,untuk
"FOLLOW? MY IG: @algaeslovania_premiumskincare1  WA:081210238087""",abreviasi
mereka2,mereka-mereka
"FOLLOW? MY IG: @algaeslovania_premiumskincare1  WA:081210238087""",reduplikasi
yg,yang
"FOLLOW? MY IG: @algaeslovania_premiumskincare1  WA:081210238087""",abreviasi
jg,juga
"FOLLOW? MY IG: @algaeslovania_premiumskincare1  WA:081210238087""",abreviasi
pakke,pakai
"FOLLOW? MY IG: @algaeslovania_premiumskincare1  WA:081210238087""",monoftongisasi
uda,sudah
"FOLLOW? MY IG: @algaeslovania_premiumskincare1  WA:081210238087""",zeroisasi
pd,pada
"FOLLOW? MY IG: @algaeslovania_premiumskincare1  WA:081210238087""",abreviasi
pake,pakai
"FOLLOW? MY IG: @algaeslovania_premiumskincare1  WA:081210238087""",monoftongisasi
byk,banyak
prwtn,perawatan
yg,yang
utk,untuk
jgn,jangan
yah,ya
yg,yang
utk,untuk
dipake,dipakai
ga,tidak
bkin,bikin
ktergantungan,ketergantungan
dapet,dapat
tp,tapi
yg,yang
pake,pakai
utk,untuk
prwatn,perawatan
wjh,wajah
dr,dari
org,orang
jg,juga
uda,sudah
pake,pakai
ngebuktiin,membuktikan
hslnya,hasilnya
dr,dari
mrk,mereka
yg,yang
uda,sudah
pake,pakai
utk,untuk
awal2,awal-awal
ga,tidak
setabil,stabil
temen2,teman-teman
nyoba,mencoba
ihh,ih
beneran,benaran
ga,tidak
temen2,teman-teman
maksih,terima kasih
yah,ya
ga,tidak
gratiss,gratis
gak,tidak
ka,kak
kaka,kakak
gak,tidak
udah,sudah
rekomendasiin,merekomendasikan
tetep,tetap
bbrpa,beberapa
"gara""",gara-gara
yg,yang
"benar""",benar-benar
buktiin,membuktikan
ajaibb,ajaib
aja,saja
ga,tidak
nyangka,menyangka
seneng,senang
pokonya,pokoknya
mksh,terima kasih
setujuuu,setuju
klo,kalau
digituin,dibegitukan
klw,kalau
ank,anak
gak,tidak
mw,mau
sekolahin,sekolahkan
ajarin,ajarkan
sendirii,sendiri
sendirii,sendiri
akn,akan
mrnghadapi,menghadapi
yg,yang
dr,dari
yg,yang
dr,dari
tp,tapi
bgmn,bagaimana
apalg,apalagi
naka,nakal
tdk,tidak
jd,jadi
sdkt,sedikit
aja,saja
besar2in,besar-besarkan
cb,coba
dech,deh
mbk,mbak
bgmana,bagaimana
s*inetr*n,sinetron
yg,yang
yg,yang
bs,bisa
mrusak,merusak
yg,yang
cm,cuma
ttg,tentang
gak,tidak
sm,sama
yg,yang
d,di
sbg,sebagai
tdk,tidak
ka,kak
sy,saya
jd,jadi
jd,jadi
sy,saya
mndpt,mendapat
dr,dari
pst,pasti
sy,saya
skt,sakit
tp,tapi
tdk,tidak
jgn,jangan
yg,yang
sebnyak,sebanyak
dpn,depan
org,orang
yg,yang
yg,yang
terburu2,terburu-buru
baik2,baik-baik
nanya,bertanya
sampe,sampai
udah,sudah
udah,sudah
ngumpat2,mengumpat-ngumpat
nantangin,menantang
aja,saja
gtu,begitu
ngegampar,menggampar
anak2,anak-anak
gitu,begitu
wktu,waktu
d,di
pake,pakai
pake,pakai
trs,terus
d,di
gada,tidak ada
org,orang
yg,yang
sampe,sampai
ngelaporin,melaporkan
yg,yang
d,di
salahin,salahkan
krna,karena
yg,yang
gabisa,tidak bisa
gada,tidak ada
yg,yang
ni,ini
jd,jadi
yg,yang
hnya,hanya
orng,orang
yg,yang
konsekwensi,konsekuensi
muliany,mulianya
bkn,bukan
kl,kalau
mungki,mungkin
tp,tapi
kl,kalau
bs,bisa
jgn,jangan
lngsung,langsung
tp,tapi
sj,saja
tsb,tersebut
u,untuk
jg,juga
ad,ada
sbg,sebagai
t4,tempat
bacahalah,bacalah
yaak,ya
dikerasin,dikerasi
trus,terus
lgsg,langsung
gtu,begitu
skrg,sekarang
udh,sudah
dikerasin,dikerasi
gk,tidak
skrg,sekarang
gkkan,tidak akan
ngulangin,mengulangi
lebayy,lebay
bgt,banget
lgsg,langsung
org,orang
yg,yang
jgn,jangan
gk,tidak
sendirii,sendiri
ajaa,saja
bedaa,beda
skrg,sekarang
sm,sama
pnyaa,punya
gk,tidak
sendirii,sendiri
yaa,ya
gk,tidak
bol3h,boleh
pake,pakai
gak,tidak
org,orang
ngadu,mengadu
ketauan,ketahuan
ma,sama
org,orang
dimarahin,dimarahi
manjain,memanjakan
org,orang
manjain,memanjakan
gt,begitu
aja,saja
ma,sama
skrng,sekarang
sdh,sudah
krn,karena
manjain,memanjakan
gini,begini
krn,karena
yg,yang
gak,tidak
sm,sama
yg,yang
dgn,dengan
jg,juga
org,orang
yg,yang
yg,yang
utk,untuk
yg,yang
bs,bisa
bs,bisa
sm,sama
gk,tidak
utk,untuk
boleh2,boleh-boleh
dgn,dengan
yg,yang
hallo,halo
gak,tidak
nyelesain,menyelesaikan
troma,trauma
kerasin,kerasi
jdi,jadi
jgn2,jangan-jangan
mcm,macam
bgni,begini
ngomong,mengomong
sj,saja
ga,tidak
emg,memang
sm,sama
sy,saya
kamu2,kamu-kamu
cewer,jewer
bilanh,bilang
gak,tidak
kasi,kasih
gak,tidak
tdk,tidak
ngapain,mengapa
sy,saya
org,orang
yg,yang
sdh,sudah
yg,yang
jwban,jawaban
org2,orang-orang
mmg,memang
yg,yang
skg,sekarang
gak,tidak
gak,tidak
nuduh,menuduh
gak,tidak
nuduh,menuduh
suk,suka
emang,memang
emang,memang
ngatur,mengatur
yg,yang
gmna,bagaimana
msih,masih
sampe,sampai
skrg,sekarang
org,orang
rajin2,rajin-rajin
sy,saya
tpi,tapi
sy,saya
sy,saya
sm,sama
ga,tidak
bacaaaa,baca
gw,gue
kekk,kayak
jungkiir,jungkir
kekk,kayak
ga,tidak
gunaa,guna
bales2in,balas-membalas
orangg,orang
ga,tidak
kerjaan,pekerjaan
laen,lain
ajaa,saja
yg,yang
yaaaa,ya
dr,dari
tauuuu,tau
bls,balas
skg,sekarang
ga,tidak
yaa,ya
ni,nih
koment,komentar
emang,memang
yg,yang
tdk,tidak
km,kamu
untk,untuk
tp,tapi
tdk,tidak
ank,anak
byak,banyak
kepad,kepada
ank,anak
bantuanny,bantuannya
bkn,bukan
ttinggi,tinggi
dg,dengan
yg,yang
bgt,banget
jgn,jangan
smpe,sampai
yg,yang
d,di
ajah,saja
gara2,gara-gara
perna,pernah
d,di
cmn,cuman
grgr,gara-gara
g,tidak
jari2,jari-jari
d,di
pukulin,pukuli
pake,pakai
yg,yang
smpe,sampai
jd,jadi
bengkak2,bengkak-bengkak
bgs,bagus
jgn,jangan
smpe,sampai
ank,anak
sm,sama
sperti,seperti
kasian,kasihan
klo,kalau
g,tidak
d,di
komentarin,komentari
jgn,jangan
d,di
jd,jadi
bijak2,bijak-bijak
dlm,dalam
ga,tidak
ga,tidak
yg,yang
lama2,lama-lama
yg,yang
ga,tidak
menurur,menurut
tipe2,tipe-tipe
anak2,anak-anak
anak2,anak-anak
diliat,dilihat
liatlah,lihatlah
teguran2,teguran-teguran
yg,yang
gr2,gara-gara
d,di
skrg,sekarang
gamau,tidak mau
skolah,sekolah
pdahal,padahal
msh,masih
klas,kelas
krena,karena
tkut,takut
grunya,gurunya
skrg,sekarang
pndah,pindah
tdk,tidak
bs,bisa
hrs,harus
ortu,orang tua
dlm,dalam
udh,sudah
ngerasain,merasai
tp,tapi
dlm,dalam
org,orang
yg,yang
bs,bisa
bs,bisa
liat2,lihat-lihat
tp,tapi
ga,tidak
masukin,memasukkan
org,orang
dilindungin,dilindungi
yg,yang
trs,terus
jagain,menjaga
org,orang
kasiaannn,kasihan
kmu,kamu
yg,yang
miring2,miring-miring
jd,jadi
dech,deh
baek,baik
ajja,saja
yg,yang
tinggalin,tinggalkan
ga,tidak
gini,begini
klo,kalau
dri,dari
ttg,tentang
yg,yang
kmu,kamu
ga,tidak
klo,kalau
ksh,kasih
dlm,dalam
kaitannha,kaitannya
ama,sama
yg,yang
pd,pada
sud,sudah
silahkan,silakan
yg,yang
pinter,pintar
dgn,dengan
yg,yang
rana,ranah
sampw,sampai
rana,ranah
thdp,terhadap
knp,kenapa
tsb,tersebut
yg,yang
krn,karena
scr,secara
yg,yang
tdk,tidak
utk,untuk
tsb,tersebut
yg,yang
mrk,mereka
pdhl,padahal
yg,yang
bhkn,bahkan
utk,untuk
spy,supaya
tdk,tidak
mrk,mereka
yg,yang
jgn,jangan
kpd,kepada
mrk,mereka
mrk,mereka
knp,kenapa
mrk,mereka
justeru,justru
sbg,sebagai
utk,untuk
yg,yang
klo,kalau
apah,apa
dak,indak
ngatai,mengatai
kln,kalian
sukak,suka
ahh,ah
alloh,allah
ihh,ih
ngajar,mengajar
termuraaahhhh,termurah
udh,sudah
brkunjun,berkunjung
d,di
bgt,banget
bgt,banget
yg,yang
suarranya,suaranya
dri,dari
sihh,sih
bgt,banget
klo,kalau
"bner""",benar-benar
suarranya,suaranya
iu,itu
bgussss,bagus
kmaren,kemarin
ambilin,mengambil
yg,yang
syg,sayang
dgn,dengan
yg,yang
sy,saya
ttg,tentang
mdh2an,mudah-mudahan
anak2,anak-anak
mmg,memang
anak2,anak-anak
dgn,dengan
biasaaaa,biasa
luuuaar,luar
yg,yang
ortu,orang tua
dg,dengan
bngt,banget
sma,sama
yaa,ya
seneng,senang
kereenn,keren
bgt,banget
bgtt,banget
ma,sama
km,kamu
yg,yang
redho,ridho
rezki,rezeki
yg,yang
kepd,kepada
org,orang
luaarrr,luar
biasaaa,biasa
kaka,kakak
jadilh,jadilah
org,orang
yg,yang
org,orang
na,nya
kata2nya,kata-katanya
bnr,benar
terhaaru,terharu
slalu,selalu
kaka,kakak
ttg,tentang
orrunya,orang tuanya
udah,sudah
bnyak,banyak
aj,saja
ortu,orang tua
ga,tidak
org,orang
kyak,kayak
gmn,bagaimana
pke,pakai
klo,kalau
koment,komentar
it,itu
koment,komentar
bnget,banget
ama,sama
bgt,banget
ma,sama
bgt,banget
bgt,banget
ama,sama
kka,kakak
dri,dari
flm,film
ampe,sampai
skrang,sekarang
pake,pakai
mb,mbak
kalok,kalau
adek2,adek-adek
jd,jadi
sndri,sendiri
dr,dari
km,kamu
km,kamu
rb,ribu
kk,kakak
tteh,teteh
knpa,kenapa
gak,tidak
loncatt,loncat
aja,saja
hampasss,hempas
lagiii,lagi
cantiiik,cantik
dlu,dulu
kt,kita
kyk,kayak
gini,begini
aja,saja
yaa,ya
cantikk,cantik
tehh,teh
bunga2,bunga-bunga
apaaan,apaan
lagiii,lagi
ampuuunn,ampun
daaah,dah
skali,sekali
yg,yang
sma,sama
gini,begini
bangetttttt,banget
ituh,itu
cantikk,cantik
cantikk,cantik
cantiiikk,cantik
udh,sudah
msh,masih
bgt,banget
bgt,banget
gak,tidak
gak,tidak
diliat,dilihat
km,kamu
liat,lihat
kereen,keren
suaranyaaaaaa,suaranya
bener2,benar-benar
idoolaaa,idola
ga,tidak
ga,tidak
udah,sudah
bgt,banget
pake,pakai
bangettt,banget
pulaa,pula
penyanyi2,penyanyi-penyanyi
beneran,benaran
yg,yang
wiih,wih
iyaa,iya
apaa,apa
miriip,mirip
tp,tapi
lbh,lebih
jd,jadi
aja,saja
bs,bisa
jd,jadi
emang,memang
blm,belum
dr,dari
yah,ya
uhhh,uh
bet,banget
kaaaa,kak
kaa,kak
sayanggg,sayang
kaa,kak
liat,lihat
allaahh,allah
ajahhh,saja
ajaaa,saja
trims,terima kasih
yah,ya
dehat,sehat
aminnnnn,amin
bgt,banget
bgt,banget
salammmm,salam
hari2,hari-hari
yg,yang
sihat,sehat
aminnn,amin
yg,yang
aja,saja
pengen,pengin
yg,yang
ayoo,ayo
buruann,buruan
d,di
makasih,terima kasih
udh,sudah
saranin,menyarankan
pake,pakai
jd,jadi
gak,tidak
lg,lagi
jd,jadi
pede,percaya diri
skrng,sekarang
mksh,terima kasih
silahkan,silakan
yg,yang
yg,yang
rekomendain,rekomendasikan
kaka,kakak
makasih,terima kasih
cntik,cantik
bngt,banget
trussss,terus
yah,ya
tp,tapi
blm,belum
tdk,tidak
yukk,yuk
cpt,cepat
kmi,kami
kakakuuu,kakakku
aamiin,amin
bgt,banget
yukk,yuk
ngalir,mengalir
teruss,terus
lohh,loh
bangt,banget
ga,tidak
ga,tidak
karna,karena
cepet,cepat
pesen,pesan
bgt,banget
pengen,pengin
gak,tidak
beneran,benaran
ga,tidak
nyesel,menyesal
rekomendasiin,merekomendasikan
kaka,kakak
kaka,kakak
gak,tidak
nyesel,menyesal
udah,sudah
rekomendasiin,merekomendasikan
ga,tidak
pede,percaya diri
makasih,terima kasih
boong,bohong
ktmu,ketemu
ga,tidak
nyangka,menyangka
pake,pakai
hub,hubungi
makasih,terima kasih
ksh,kasih
jd,jadi
gak,tidak
lg,lagi
pake,pakai
mksh,terima kasih
utk,untuk
ak,aku
silahkan,silakan
kaka,kakak
yuuk,yuk
kasiatnya,khasiatnya
iyah,iya
nyaranin,menyarankan
rekomendasiin,merekomendasikan
udah,sudah
"minyak""an",minyak-minyakan
gitu,begitu
ga,tidak
pake,pakai
bgt,banget
gak,tidak
suksess,sukses
slalu,selalu
ka,kak
jg,juga
gak,tidak
seneng,senang
ka,kak
makasih,terima kasih
udh,sudah
rekomendasiin,merekomendasikan
pede,percaya diri
ga,tidak
nyangka,menyangka
prodak,produk
prodak,produk
ga,tidak
nyesel,menyesal
ga,tidak
trasa,terasa
minpi,mimpi
bner2,benar-benar
gak,tidak
nyangka,menyangka
gak,tidak
mutihin,memutihkan
ak,aku
gak,tidak
ka,kak
gak,tidak
makasih,terima kasih
gak,tidak
th,tahun
udh,sudah
jd,jadi
th,tahun
msh,masih
smster,semester
sdh,sudah
th,tahun
udah,sudah
woww,wow
ntar,entar
thn,tahun
emang,memang
th,tahun
uga,juga
kmren,kemarin
lucuu,lucu
ucull,lucu
aamiin,amin
"ngomong""",ngomong-ngomong
thn,tahun
udehh,sudah
sampe,sampai
skrang,sekarang
ucul,lucu
bnr,benar
lucuk,lucu
smg,semoga
lucuu,lucu
lucuuu,lucu
bgt,banget
bkn,bukan
yaaa,ya
jan,jangan
jd,jadi
yaa,ya
thn,tahun
masi,masih
pakek,pakai
pake,pakai
kk,kakak
pakek,pakai
orng,orang
orng,orang
pakek,pakai
yah,ya
kk,kakak
ka,kak
klo,kalau
pke,pakai
cntik,cantik
syngnya,sayangnya
klo,kalau
bnr,benar
pake,pakai
tauu,tau
dipermainin,dipermainkan
bngt,banget
kl,kalau
kasiatnya,khasiatnya
kocakkk,kocak
pake,pakai
hijabb,hijab
dasarrr,dasar
ajaaa,saja
tp,tapi
jgn,jangan
waaaaw,wow
bngt,banget
kk,kakak
klau,kalau
cannnnntikkkkkkk,cantik
bangettt,banget
mukax,mukanya
gitu,begitu
cantikx,cantiknya
fatanik,fanatik
bngt,banget
mba,mbak
jgn,jangan
pake,pakai
protestin,protestan
bkn,bukan
protestin,protestan
kakau,kalau
yg,yang
kk,kakak
slh,salah
marh,marah
kk,kakak
bener,benar
ka,kak
pk,pakai
ka,kak
emngnya,memangnya
pakek,pakai
cantiknyaa,cantiknya
klo,kalau
pke,pakai
darpada,daripada
bgt,banget
cooooooocok,cocok
klw,kalau
pkk,pakai
jgn,jangan
ka,kak
kaka,kakak
kaka,kakak
sling,saling
pake,pakai
ga,tidak
kk,kakak
pake,pakai
agama'ny,agamanya
yg,yang
bilng,bilang
tp,tapi
aq,aku
gk,tidak
prcy,percaya
klw,kalau
kk,kakak
kk,kakak
org,orang
pantes,pantas
emang,memang
tetep,tetap
lurusin,meluruskan
kk,kakak
pake,pakai
gak,tidak
gimana,bagaimana
gak,tidak
aja,saja
aja,saja
tp,tapi
bgt,banget
d,di
pake,pakai
aja,saja
biri,biru
bgt,banget
d,di
pake,pakai
jd,jadi
yg,yang
nti,nanti
aamiin,amin
kaa,kak
gmn,bagaimana
blm,belum
prnh,pernah
yg,yang
pake,pakai
luco,lucu
woow,wow
aq,aku
jg,juga
ultha,ultah
aja,saja
yuuu,yuk
batikk,batik
alloh,allah
q,ku
jdi,jadi
gemes,gemas
yg,yang
aja,saja
pake,pakai
arab2,arab-arab
sm,sama
yg,yang
arab2,arab-arab
gitu,begitu
kl,kalau
udah,sudah
yg,yang
pake,pakai
aja,saja
makasi,terima kasih
donk,dong
aja,saja
jd,jadi
yg,yang
blm,belum
dipake,dipakai
ama,sama
anak2,anak-anak
yg,yang
aja,saja
syg,sayang
udh,sudah
ga,tidak
lg,lagi
udh,sudah
luchu,lucu
pake,pakai
baguss,bagus
lucuuuu,lucu
bgt,banget
jd,jadi
aja,saja
ajah,saja
aja,saja
abes,habis
duhh,duh
liat,lihat
sedihhh,sedih
yeee,ya
syang,sayang
pinter,pintar
ngasi,mengasih
liat,lihat
gasih,tidak sih
qta,kita
mo,mau
nda,indak
sm,sama
cb,coba
anak2,anak-anak
pengen,pengin
naaaak,nak
jgn,jangan
astagaa,astaga
ngakak,mengakak
akuuu,aku
astafirullah,astagfirullah
msuk,masuk
peragain,peragakan
shayyy,say
anjaayy,anjay
shay,say
ga,tidak
ngilerrrr,mengiler
trus,terus
d,di
jgn,jangan
shay,say
bayangin,bayangkan
gak,tidak
woyyy,woy
ga,tidak
jg,juga
skrg,sekarang
ga,tidak
shaaaay,say
hempaass,hempas
dtg,datang
sayyy,say
bener,benar
tar,entar
kek,kayak
gini,begini
jgan,jangan
shayy,say
syantiek,cantik
njay,anjay
hehh,eh
temen,teman
qt,kita
cantik2,cantik-cantik
kam,kamu
liat,lihat
baguss,bagus
bngt,banget
gw,gue
elu,lu
yg,yang
nggak,tidak
inget,ingat
ingeet,ingat
inget,ingat
ga,tidak
sblh,sebelah
gw,gue
sblh,sebelah
nyaa,nya
gag,tidak
nawarin,menawari
ni,ini
amiiiiin,amin
tetep,tetap
jauhhh,jauh
udh,sudah
bgtttt,banget
baguss,bagus
waaahhh,wah
gini,begini
yah,ya
ajakin,mengajak
ntar,entar
gak,tidak
mntn,mantan
dlm,dalam
yaa,ya
ade,adek
liatnya,lihatnya
pd,pada
ngakak,mengakak
ngakak,mengakak
ihhh,ih
aje,saja
luhhh,lu
nyet,monyet
yooookkk,yuk
yg,yang
gw,gue
mksd,maksud
yg,yang
d,di
kyk,kayak
jrnk,jarang
"jelas""",jelas-jelas
cow,cowok
kayax,kayak
km,kamu
yg,yang
dblkng,dibelakang
mksd,maksud
gw,gue
ngapain,mengapai
anjirr,anjir
mirippp,mirip
sangattt,sangat
iyap,iya
mayann,lumayan
indo,indonesia
ngikutin,mengikuti
bener,benar
autuhh,tau tuh
ga,tidak
seneng,senang
ae,saja
atutt,takut
ga,tidak
ama,sama
kyk,kayak
bgt,banget
mirippp,mirip
bgtttt,banget
kek,kayak
gini,begini
ketara,tertara
bgt,banget
yg,yang
blg,bilang
kek,kayak
giniii,begini
looo,loh
bgt,banget
sma,sama
g,tidak
liat,lihat
bnget,banget
ma,sama
cntik,cantik
pingin,pengin
lgsung,langsung
bgt,banget
mbaaass,mbak
bund,bunda
g,tidak
tetep,tetap
bangeeettt,banget
almh,almarhumah
temenkuuh,temanku
mmg,memang
suami'y,suaminya
alm,almarhum
ori,orisinal
bgt,banget
bgt,banget
bngeeeetttt,banget
tp,tapi
emg,memang
y,ya
dr,dari
sm,sama
yg,yang
y,ya
entr,entar
kyax,kayak
ap,apa
ea,ya
cuantikkk,cantik
mksdnya,maksudnya
yg,yang
cwe,cewek
aja,saja
klo,kalau
yg,yang
cwo,cowok
aja,saja
gak,tidak
namain,namai
ga,tidak
aja,saja
ato,atau
ato,atau
ato,atau
ato,atau
ato,atau
ato,atau
ato,atau
ato,atau
kaaaaaaaaaakkkkkkkkkkk,kak
ato,atau
aja,saja
aja,saja
kasi,kasih
aj,saja
klo,kalau
kucing'y,kucingnya
nama'in,namai
panggilan'ya,panggilannya
klo,kalau
kucing'y,kucingnya
nama'in,namai
panggilan'y,panggilannya
kereen,keren
gak,tidak
ka,kak
utk,untuk
yg,yang
cwo,cowok
klo,kalau
cwe,cewek
z,saja
aja,saja
aja,saja
kalw,kalau
beneran,benaran
gt,begitu
gimana,bagaimana
yg,yang
tips2,tips-tips
serem,seram
serem,seram
tp,tapi
ttp,tetap
ka,kak
alu,aku
bgt,banget
pake,pakai
aja,saja
ngerrrriiii,ngeri
tetep,tetap
saranin,sarankan
pake,pakai
udah,sudah
keliatan,kelihatan
aja,saja
karna,karena
ngga,tidak
bener2,benar-benar
gak,tidak
nyesel,menyesal
ayooo,ayo
aja,saja
gw,gue
gini,begini
model2,model-model
dgn,dengan
utk,untuk
bener,benar
ngriii,mengiri
amatt,amat
tetep,tetap
smpai,sampai
orang2,orang-orang
cantikkkk,cantik
ngelahirin,melahirkan
paksain,memaksakan
biasaa,biasa
pengen,pengin
besarin,membesarkan
hub,hubungi
aja,saja
bgt,banget
pake,pakai
kox,kok
gak,tidak
pake,pakai
kaka,kakak
bener,benar
yg,yang
kaka,kakak
saranin,sarankan
gak,tidak
ka,kak
bner,benar
kaka,kakak
saranin,sarankan
bner,benar
makasih,terima kasih
yah,ya
ka,kak
wihhh,wih
tetep,tetap
ga,tidak
th,teh
tmbah,tambah
cntikk,cantik
pkee,pakai
pake,pakai
ka,kak
aamiin,amin
gini,begini
pake,pakai
sllu,selalu
biasaa,biasa
yaa,ya
cantiikkkk,cantik
bgttt,banget
klo,kalau
smga,semoga
smkin,semakin
bnyk,banyak
amiiiiinnn,amin
ndak,indak
bgmna,bagaimana
ssorg,seseorang
d,di
hdpn,hadapan
yg,yang
tsb,tersebut
dg,dengan
smua,semua
liat,lihat
foto2,foto-foto
yg,yang
yg,yang
aminn,amin
dg,dengan
smakin,semakin
mnambh,menambah
ktaatan,ketaatan
pd,pada
dr,dari
dg,dengan
kemaren,kemarin
liat,lihat
mba,mbak
yaa,ya
ka,kak
ka,kak
ga,tidak
stju,setuju
krna,karena
karna,karena
ka,kak
cantikkkkkk,cantik
ga,tidak
dilepas2,dilepas-lepas
yaa,ya
tehhh,teh
istiqomahhh,istikamah
tehhhh,teh
udah,sudah
engga,tidak
pokonya,pokoknya
prodaknya,produknya
bgt,banget
ga,tidak
krn,karena
udah,sudah
dlm,dalam
gak,tidak
emang,memang
ga,tidak
kaka,kakak
y,ya
emng,memang
yah,ya
pke,pakai
gk,tidak
yg,yang
ngerii,ngeri
bangett,banget
dahh,dah
ngiri,mengiri
aja,saja
liat,lihat
ga,tidak
tdk,tidak
yg,yang
bngt,banget
kaka,kakak
kk,kakak
kk,kakak
kk,kakak
imutt,imut
amu,kamu
nahh,nah
cntikk,cantik
mauuuuuuu,mau
kaka,kakak
jilbb,jilbab
d,di
g,tidak
pake,pakai
mw,mau
liat,lihat
aj,saja
tmn,teman
ndut,gendut
udh,sudah
ngecek,mengecek
blom,belum
yah,ya
gada,tidak ada
kerjaan,pekerjaan
bgt,banget
ngecek,mengecek
ndut,gendut
psti,pasti
penasarn,penasaran
jg,juga
cuyy,cuy
astauviruloh,astagfirullah
binggo,banget
kaakk,kak
donk,dong
bnget,banget
udah,sudah
nyaa,nya
gk,tidak
bnyk,banyak
bgt,banget
kka,kakak
paaak,pak
diajarin,diajari
yg,yang
ngikutin,mengikuti
aja,saja
gawl,gaul
kecr,kece
gilaaa,gila
iih,ih
lucuuu,lucu
org,orang
yg,yang
ngajak,mengajak
dgn,dengan
trs,terus
org2,orang-orang
gemay,gemas
laaaah,lah
ka,kak
kmu,kamu
ko,kok
aq,aku
yah,ya
donk,dong
aned,banget
bgt,banget
gingsungny,gingsulnya
sma,sama
kyk,kayak
blh,boleh
ga,tidak
bgt,banget
cariin,carikan
gini,begini
bgt,banget
yg,yang
gak,tidak
kenceng,kencang
yg,yang
cuanti,cantik
kyk,kayak
q,aku
kmu,kamu
mbanya,mbaknya
hy,hai
ka,kak
q,ku
lh,boleh
knlan,kenalan
g,tidak
bgt,banget
donk,dong
udh,sudah
aja,saja
jngn,jangan
indo,indonesia
indo,indonesia
jg,juga
ga,tidak
gw,gue
liat,lihat
ky,kaya
mbaakk,mbak
emg,memang
yg,yang
pnting,penting
mrka,mereka
gk,tidak
nyusahhin,menyusahkan
kmu,kamu
gk,tidak
mnta,minta
byaran,bayaran
mrka,mereka
pnya,punya
wlawpun,walaupun
bnyak,banyak
yg,yang
sedangkn,sedangkan
hnya,hanya
tnpa,tanpa
kmu,kamu
pnya,punya
yg,yang
d,di
bnggain,banggakan
smpe,sampai
sperti,seperti
emng,memang
kmu,kamu
yg,yang
mrka,mereka
yg,yang
kmu,kamu
omongin,omongkan
nyusahin,menyusahkan
emg,memang
yg,yang
nyusahin,menyusahkan
cmn,cuman
malu2in,malu-malui
indo,indonesia
aja,saja
emg,memang
gak,tidak
blm,belum
dibanggain,dibanggakan
tpi,tapi
sma,sama
wlau,walau
tpi,tapi
emg,memang
komenan,komentar
yg,yang
kmu,kamu
"bangga""in",membangga-banggakan
tpi,tapi
krya,karya
kmu,kamu
"bilang""",bilang-bilang
tinggall,tinggal
dmna,dimana
bgt,banget
ngebales,membalas
dripda,daripada
emg,memang
gk,tidak
bangga2in,membangga-banggakan
emg,memang
klo,kalau
yg,yang
dibnggain,dibanggakan
cmn,cuman
kyk,kayak
gitu,begitu
aja,saja
wlaupun,walaupun
dgn,dengan
yg,yang
kyk,kayak
ank,anak
jgn,jangan
krn,karena
org,orang
tpi,tapi
sma,sama
karya2,karya-karya
yg,yang
gk,tidak
ank,anak
gk,tidak
dgn,dengan
karya2,karya-karya
emg,memang
gk,tidak
sma,sama
sma,sama
gimana,bagaimana
kyk,kayak
yg,yang
trs,terus
drimana,darimana
udh,sudah
yg,yang
dehh,deh
jgn,jangan
yaa,ya
udh,sudah
klo,kalau
yg,yang
tpi,tapi
ngapain,mengapai
udh,sudah
gni,begini
gk,tidak
ank,anak
dri,dari
gk,tidak
slh,salah
trs,terus
mreka,mereka
jdi,jadi
ngepake',memakai
gksalah,tidak salah
gak,tidak
gk,tidak
nuntut,menuntut
ngebiarin,membiarkan
org,orang
yg,yang
krn,karena
spy,supaya
mreka,mereka
yg,yang
lgi,lagi
bhas,bahas
tdi,tadi
dri,dari
ngeluarin,mengeluarkan
kasian,kasihan
elo,lo
komenan,komentar
elo,lo
komenan,komentar
ngatain,mengatai
komenan,komentar
org,orang
tpi,tapi
gk,tidak
komenan,komentar
kyk,kayak
gimana,bagaimana
jg,juga
lagu'y,lagunya
yak,ya
lagu2nya,lagu-lagunya
kakk,kak
ka,kak
jadiin,jadikan
bgt,banget
yak,ya
guaa,gua
bgt,banget
kaa,kak
omongin,omongkan
gak,tidak
diem,diam
ajah,saja
gausah,tidak usah
nyampah,menyampah
klo,kalau
gw,gue
"mba""",mbak-mbak
donk,dong
gausah,tidak usah
ajah,saja
jgn,jangan
dh,deh
bukan'a,bukannya
mba,mbak
tappi,tapi
mang,memang
dahh,dah
cantikk,cantik
kalli,kali
mba,mbak
jngn,jangan
ka,kak
aja,saja
sm,sama
gk,tidak
pacara,pacaran
jga,juga
kalli,kali
maen,main
nuduh,menuduh
"ngerebut""",merebut-rebut
aja,saja
lluu,lu
mbaa,mbak
gk,tidak
ngerussak,merusak
mreka,mereka
"bela""in",membela-bela
bellain,membela
aja,saja
jngn,jangan
pke,pakai
ka,kak
donk,dong
kallo,kalau
coment,komen
yg,yang
dewassa,dewasa
mba,mbak
jngn,jangan
aja,saja
kallo,kalau
comnet,komen
gk,tidak
"pikir""",pikir-pikir
dlu,dulu
pke,pakai
bangetttt,banget
kaya'a,kayanya
aja,saja
kuyyy,yuk
kitaa,kita
ap,apa
makasih,terima kasih
yh,ya
uda,sudah
ngaca,mengaca
jg,juga
ga,tidak
gitu2,begitu-gitu
org,orang
gimana,bagaimana
aja,saja
knpa,kenapa
mba,mbak
mba,mbak
d,di
d,di
smpe,sampai
sgtu'y,sebegitunya
ngebelain,membela
tpii,tapi
"karya""",karya-karya
do,di
cali,caci
kya,kaya
mba,mbak
penghrgaan,penghargaan
ajjh,saja
sihh,sih
buktiin,buktikan
mba,mbak
klau,kalau
mba,mbak
lbihh,lebih
baikk,baik
drii,dari
"artist""",artis-artis
yg,yang
mba,mbak
"maki""",maki-maki
jngn,jangan
komentarin,mengomentari
orng,orang
sendirinnya,sendirinya
gk,tidak
stidaknya,setidaknya
mrka,mereka
may,mau
yg,yang
trbaikk,terbaik
bkan,bukan
kmauan,kemauan
mrka,mereka
tpi,tapi
mrka,mereka
punn,pun
mengikutii,mengikuti
atassan,atasan
mrka,mereka
klauu,kalau
jngnn,jangan
so,sok
orng,orang
kya,kaya
gtu,begitu
kya,kaya
sendirinyya,sendirinya
frestasiii,prestasi
ajjh,saja
knp,kenapa
mst,mesti
add,ada
see,sih
sibukx,sibuknya
in,ini
yaa,ya
katanyaa,katanya
lawaaaas,lawas
ngakak,mengakak
ni,ini
beneran,benaran
ni,nih
yg,yang
nonton,menonton
emg,memang
ngapain,mengapa
d,di
lucuuu,lucu
g,tidak
ad,ada
kocaaaak,kocak
kek,kayak
smg,semoga
slalu,selalu
tmbh,tambah
syng,sayang
sm,sama
sm,sama
jagain,jaga
adenya,adeknya
pkoknyaa,pokoknya
bwt,buat
yg,yang
smoga,semoga
yaa,ya
dateng,datang
donk,dong
smoga,semoga
dsana,disana
yaaa,ya
yg,yang
suksess,sukses
slalu,selalu
ortu,orang tua
yg,yang
amiin,amin
ortu,orang tua
smoga,semoga
cita2,cita-cita
dua2nya,dua-duanya
bangett,banget
sichhhhhhhhhh,sih
diapain,diapakan
gk,tidak
yh,ya
nampak,menampak
yak,ya
ndak,indak
tetehh,teteh
tehhh,teh
tehhhh,teh
gak,tidak
udah,sudah
pake,pakai
sampe,sampai
udah,sudah
gak,tidak
dapetin,mendapati
padet,padat
ga,tidak
buktiin,buktikan
bener,benar
bener,benar
gak,tidak
nyangka,menyangka
bgt,banget
nambah,menambah
makasih,terima kasih
ga,tidak
nyangka,menyangka
gak,tidak
aja,saja
yuuk,yuk
dgn,dengan
yg,yang
dgn,dengan
makasih,terima kasih
buktiin,membuktikan
bener2,benar-benar
kepoin,kepoi
aja,saja
wooowww,wow
wooowww,wow
saranin,sarankan
ga,tidak
pake,pakai
ilang,hilang
ga,tidak
cobain,coba
pake,pakai
ngerasain,merasai
emng,memang
bener,benar
pake,pakai
makasih,terima kasih
kpn,kapan
yach,ya
bs,bisa
ma,sama
mbk,mbak
muga,moga
sllu,selalu
dpt,dapat
yg,yang
slm,salam
aj,saja
dr,dari
aq,aku
mbk,mbak
yach,ya
makasih,terima kasih
udh,sudah
kenalin,mengenalkan
jd,jadi
gak,tidak
jd,jadi
pede,percaya diri
skrng,sekarang
mksh,terima kasih
yg,yang
bener2,benar-benar
udah,sudah
rekomendasiin,merekomendasikan
ga,tidak
pengen,pengin
janka,jangka
kepoin,mengepoi
ajaa,saja
belanjaa,belanja
disiniii,disini
ko,kok
skrg,sekarang
wawwwww,wow
waaaww,wow
waaawwww,wow
mantapp,mantap
bangetttt,banget
cobaaa,coba
gak,tidak
nyesel,menyesal
dehhh,deh
pake,pakai
model2,model-model
makasih,terima kasih
udah,sudah
seneng,senang
udah,sudah
seneng,senang
udah,sudah
udah,sudah
kenceng,kencang
gak,tidak
nyangka,menyangka
kageet,kaget
makasi,terima kasih
say,sayang
awal2,awal-awal
ga,tidak
setabil,stabil
temen2,teman-teman
nyoba,mencoba
ihh,ih
beneran,benaran
setabil,stabil
ga,tidak
temen2,teman-teman
makasih,terima kasih
yah,ya
ga,tidak
yg,yang
pake,pakai
bgt,banget
gak,tidak
bangettttttt,banget
seneng,senang
liat,lihat
mauu,mau
ngtain,mengatai
org,orang
kya,kaya
g,tidak
aja,saja
gak,tidak
oplas,operasi plastik
gak,tidak
keliatan,kelihatan
nambahh,bertambah
paripurnahh,paripurna
wanitah,wanita
indonesiaah,indonesia
bet,banget
udh,sudah
iyaa,iya
cumn,cuman
kasi,kasih
aja,saja
sm,sama
klo,kalau
liat,lihat
gegra,gegara
kmrin,kemarin
brita,berita
klo,kalau
diliat,dilihat
wihhh,wih
pengen,pengin
bgt,banget
klo,kalau
ktmu,ketemu
sma,sama
org,orang
yg,yang
ka,kak
baper,bawa perasaan
fotbar,foto bareng
aja,saja
gapernah,tidak pernah
fotbar,foto bareng
ama,sama
jg,juga
ngatain,mengatai
wajarrr,wajar
dikata2in,dikata-katai
sampek,sampai
gak,tidak
yg,yang
liat,lihat
liat,lihat
ny,nya
aja,saja
liat,lihat
skg,sekarang
sngt,sangat
tdk,tidak
pdhl,padahal
dl,dulu
wk,waktu
sm,sama
skg,sekarang
ky,kaya
bingiittt,banget
sm,sama
dr,dari
aja,saja
sudh,sudah
tp,tapi
klu,kalau
dr,dari
nampar,menampar
tukan,tukang
jatoh,jatuh
gk,tidak
dr,dari
ko,kok
gtu,begitu
ga,tidak
org,orang
gk,tidak
"muka""",muka-muka
dr,dari
dh,dah
jlek,jelek
sma,sama
ky,kaya
ga,tidak
ga,tidak
cantik2nya,cantik-cantiknya
ngk,tidak
pda,pada
sdgkn,sedangkan
jgk,juga
ngk,tidak
"apa""",apa-apa
kn,kan
mancungin,memancungkan
idung,hidung
kusem,kusam
lbh,lebih
drpada,daripada
yg,yang
org,orang
lahh,lah
dri,dari
gtu,begitu
kmar,kamar
diemm,diam
tnggu,tunggu
lohh,loh
dteng,datang
nihhh,nih
guee,gue
ketawain,mentertawakan
lohh,lo
krna,karena
yaelahhh,alah
gausah,tidak usah
drpd,daripada
ngaca,mengaca
"sikap""",sikap-sikap
udah,sudah
bener,benar
sampe,sampai
ngehujat,menghujat
bgt,banget
komenan,komentar
drpd,daripada
pengen,pengin
bales,balas
ngehina,menghina
yah,ya
ga,tidak
ampuun,ampun
ngehina,menghina
sampe,sampai
ngejatuhin,manjatuhkan
ga,tidak
klo,kalau
ga,tidak
ngelakuin,melakukan
dapet,dapat
ngehina,menghina
ga,tidak
gedeg,gedek
ama,sama
muka2,muka-muka
ngaca,mengaca
ngatain,mengatai
eey,eh
emang,memang
nggk,tidak
prnh,pernah
kslahan,kesalahan
aja,saja
yg,yang
koment,komentar
ga,tidak
bener,benar
ngata2in,mengatai-ngatai
gak,tidak
liat,lihat
org,orang
gak,tidak
gak,tidak
bener,benar
klo,kalau
gak,tidak
yg,yang
udah,sudah
aja,saja
gak,tidak
mmg,memang
ga,tidak
baik2,baik-baik
silahkan,silakan
mba,mbak
mba,mbak
gak,tidak
perhatiam,perhatian
sm,sama
aj,saja
dri,dari
pd,pada
jg,juga
ttp,tetap
yg,yang
smpe,sampai
ttp,tetap
sm,sama
yah,ya
emang,memang
digituin,dibegitukan
dibiarin,dibiarkan
aja,saja
sich,sih
aq,aku
yg,yang
gk,tidak
pny,punya
ank,anak
aja,saja
org,orang
gk,tidak
yg,yang
sbnrny,sebenarnya
trjd,terjadi
dlm,dalam
mrk,mereka
gk,tidak
mkir,memikir
bhw,bahwa
gk,tidak
mgkn,mungkin
hny,hanya
slah,salah
yg,yang
slah,salah
22nya,dua-duanya
slah,salah
ngatain,mengatai
apalai,apalagi
yg,yang
dikata2in,dikata-katai
keliatan,kelihatan
klo,kalau
emang,memang
ngapain,mengapai
cmpur,campur
org,orang
bkal,bakal
pny,punya
saat2,saat-saat
spt,seperti
akn,akan
dtg,datang
pd,pada
ank,anak
ntar,entar
jg,juga
bkal,bakal
jd,jadi
org,orang
hrs,harus
nyadar,menyadari
ank,anak
yg,yang
gk,tidak
apa2,apa-apa
ngapain,mengapa
ngomong,mengomong
ngeluarin,mengeluarkan
kta,kata
yg,yang
gk,tidak
utk,untuk
ank,anak
dmn,dimana
yg,yang
knp,kenapa
br,baru
nyadar,sadar
bka,buka
jgn,jangan
ska,suka
sotoy,sok tau
sma,sama
rmh,rumah
org,orang
pny,punya
aja,saja
berani2,berani-berani
ngatain,mengatai
ank,anak
sprt,seperti
yg,yang
gk,tidak
apa2,apa-apa
gk,tidak
sma,sama
gk,tidak
ngaca,mengaca
sm,sama
utk,untuk
mo,mau
yaa,ya
lucuuuuu,lucu
pngn,pengin
pipi'y,pipinya
gemmeeezzz,gemas
cantiikk,cantik
sukam,suka
ngga,tidak
sm,sama
yach,ya
ngga,tidak
ngga,tidak
sm,sama
wkt,waktu
udah,sudah
ga,tidak
makasih,terima kasih
klau,kalau
pakek,pakai
mba,mbak
lbh,lebih
liat,lihat
manisss,manis
mngkin,mungkin
menghilangkn,menghilangkan
utk,untuk
yg,yang
gak,tidak
pede,percaya diri
karna,karena
utk,untuk
kk,kakak
trasa,terasa
minpi,mimpi
bner2,benar-benar
gak,tidak
nyangka,menyangka
gak,tidak
mnjdkan,menjadikan
jd,jadi
ak,aku
gak,tidak
mudah2n,mudah-mudahan
seneng,senang
baju2,baju-baju
seneng,senang
dapet,dapat
pake,pakai
ga,tidak
tp,tapi
stlh,setelah
soalx,soalnya
smpt,sempat
liat,lihat
ka,kak
makasih,terima kasih
udah,sudah
rekomendasiin,merekomendasikan
aja,saja
ka,kak
aja,saja
ka,kak
skrng,sekarang
gak,tidak
pake,pakai
jd,jadi
gara2,gara-gara
yg,yang
rekomendasiin,merekomendasikan
mksh,terima kasih
yah,ya
kaka,kakak
saranin,menyarankan
kaka,kakak
yah,ya
udah,sudah
ga,tidak
makasih,terima kasih
ngerasa,merasa
laen,lain
keche,kece
badaii,badai
aj,saja
udah,sudah
pake,pakai
smoga,semoga
mnjadi,menjadi
emg,memang
smua,semua
btuh,butuh
yg,yang
pnting,penting
yg,yang
ktanya,katanya
aja,saja
msh,masih
bebrp,beberapa
sblum,sebelum
santab,santap
d,di
dlm,dalam
salehah,salihah
mikirin,memikirkan
kk,kakak
rb,ribu
jt,juta
subhannallah,subhanallah
lht,lihat
klu,kalau
cantiq,cantik
karna,karena
yu,yuk
yu,yuk
konsul,konsultasi
pengalam,pengalaman
ga,tidak
drpd,daripada
hrs,harus
smangat,semangat
slalu,selalu
yg,yang
tuk,untuk
yg,yang
poko,pokok
ny,nya
bner,benar
bner,benar
udah,sudah
bnget,banget
udah,sudah
trun,turun
poko,pokok
mantepp,mantap
dehh,deh
lbh,lebih
kuninggg,kuning
pinkkkk,pink
bs,bisa
d,di
dg,dengan
warnany,warnanya
ajaa,saja
aja,saja
seger,segar
klo,kalau
bwt,buat
mkn,makin
senangat,semangat
msknya,masaknya
kerennnn,keren
yg,yang
ciptain,ciptakan
sma,sama
ngasih,mengasih
say,sayang
bkan,bukan
inget,ingat
deket,dekat
bagussss,bagus
yg,yang
abis,habis
liat,lihat
makasih,terima kasih
sayangkuh,sayangku
gans,ganteng
kren,keren
babget,banget
banger,banget
salfok,salah fokus
ama,sama
org,orang
yg,yang
dihh,dih
salfok,salah fokus
aja,saja
jadu,jadi
nggak,tidak
heii,hai
kamuu,kamu
ksyngn,kesayangan
gw,gue
gk,tidak
haru,harus
ngapain,mengapai
gw,gue
cma,cuma
pengen,pengin
ngingetin,mengingatkan
sma,sama
bngt,banget
syang,sayang
gw,gue
udh,sudah
th,tahun
udh,sudah
gw,gue
yg,yang
gk,tidak
gw,gue
narik,menarik
gw,gue
liat,lihat
bngt,banget
yg,yang
kmu,kamu
"orang""",orang-orang
yg,yang
pengen,pengin
kmu,kamu
gw,gue
gk,tidak
ngapain,mengapai
syng,sayang
nyanyiin,menyanyikan
tuhh,tuh
amatt,amat
ngk,tidak
gt,begitu
tetep,tetap
gokilll,gila
gantenggg,ganteng
astagaaaa,astaga
hancuuuuuy,hancur
mattihhh,mati
aja,saja
kaka,kakak
kaka,kakak
pake,pakai
gak,tidak
nyesel,menyesal
ka,kak
beudd,banget
termiribkan,termiripkan
utk,untuk
u,lu
ga,tidak
cb,coba
dlu,dulu
dngerin,mendengarkan
brrti,berarti
dngerin,mendengarkan
wenakk,enak
gimana,bagaimana
tetep,tetap
nganteng,ganteng
abanggg,abang
seksii,seksi
gtuh,begitu
jadii,jadi
emeezzz,gemas
ama,sama
amohhh,kamu
maau,mau
eyke,aku
gilakkkkk,gila
awk,awak
duhhhhh,duh
wowww,wow
kerennn,keren
kaka,kakak
liaatt,lihat
iniiiii,ini
aloh,allah
bnget,banget
ngettt,banget
bangeett,banget
bgt,banget
mirippp,mirip
mukax,mukanya
"sama""",sama-sama
mba,mbak
msh,masih
aja,saja
kyak,kayak
maso,masa
dpn,depan
ngeliatnya,melihatnya
skli,sekali
kk,kakak
kk,kakak
gk,tidak
brubah,berubah
udah,sudah
y,ya
pelastik,plastik
keak,kayak
y,ya
bg,bang
dengerin,dengarkan
liatnya,lihatnya
beud,banget
pahamin,pahami
cntk,cantik
makasih,terima kasih
emg,memang
gitu,begitu
lg,lagi
aja,saja
liatnya,lihatnya
ky,kaya
gini,begini
yah,ya
takuuuuut,takut
ahahahanjirrr,anjir
dasyat,dahsyat
jogetin,berjoget
shaay,say
boker,berak
boker,berak
gk,tidak
yg,yang
lbih,lebih
ga,tidak
nyangka,menyangka
beneran,benaran
hub,hubungi
gitu,begitu
gk,tidak
nyambung,menyambung
pacarnyaa,pacarnya
siapaa,siapa
inii,ini
matii,mati
ketawaa,ketawa
klo,kalau
nda,indak
nda,indak
d,di
sdh,sudah
makasih,terima kasih
njir,anjir
ngakak,mengakak
taekk,tahi
wanjiir,anjir
ni,ini
dmna,dimana
mw,mau
jg,juga
trus,terus
bw,bawa
pengen,pengin
dh,deh
pingin,pengin
jgn,jangan
mauuuuu,mau
minta,meminta
mauuu,mau
leh,boleh
bnran,benaran
tp,tapi
g,tidak
kk,kakak
kk,kakak
y,ya
smua,semua
kk,kakak
tu,itu
sgla,segala
uitnya,duitnya
k,kak
kmrn,kemarin
beliiin,belikan
yaaah,ya
macem2,macam-macam
lucuuuu,lucu
beliin,belikan
sm,sama
yg,yang
tetep,tetap
emang,memang
emang,memang
sampe,sampai
ga,tidak
nyangka,menyangka
sekaeang,sekarang
udah,sudah
buktiin,membuktikan
yg,yang
ngebuktiin,membuktikan
bgt,banget
liat,lihat
kyk,kayak
gini,begini
itungan,hitungan
aja,saja
tgk,tengok
mo,mau
tgk,tengok
gak,tidak
nyangka,menyangka
kageet,kaget
makasi,terima kasih
say,sayang
sma,sama
ga,tidak
ilang2,hilang-hilang
bkn,bikin
ga,tidak
jga,juga
bgt,banget
yu,yuk
tanyain,tanyakan
mslh,masalah
kmi,kami
kepoin,kepoi
ga,tidak
nyoba,mencoba
wihh,wih
beneran,benaran
yah,ya
yu,yuk
aja,saja
aja,saja
hub,hubungi
yu,yuk
aja,saja
aja,saja
hub,hubungi
yu,yuk
aja,saja
aja,saja
hub,hubungi
bgt,banget
ga,tidak
yg,yang
"artis""",artis-artis
klu,kalau
jatuhnyaa,jatuhnya
kka,kakak
kk,kakak
gini,begini
gak,tidak
kerjaan,pekerjaan
tambahin,tambahkan
aja,saja
banyakin,membanyaki
udah,sudah
elo,lo
aja,saja
gak,tidak
emang,memang
nambah,bertambah
aja,saja
yg,yang
tipu2nya,tipu-tipunya
doaang,doang
yaa,ya
dech,deh
baget,banget
bat,banget
kk,kakak
gini,begini
ny,nya
gituan,begituan
lucuuu,lucu
tpii,tapi
ap,apa
bgt,banget
lucuu,lucu
kaj,kak
lcu,lucu
bngt,banget
ap,apa
tu,itu
ajah,saja
wahhhhhh,wah
bngt,banget
bingittzz,banget
kl,kalau
bgt,banget
lucuuu,lucu
lucuu,lucu
iiiiiiiii,ih
lucuuu,lucu
kaliiiiiii,kali
ihhh,ih
cantikkkk,cantik
cantikkkk,cantik
melebihin,melebihi
apaa,apa
pengen,pengin
pengen,pengin
gakpapa,tidak apa-apa
kalogak,kalau tidak
gak,tidak
kaka,kakak
donk,dong
ka,kak
kaka,kakak
kaaa,kak
sm2,sama-sama
km,kamu
bgt,banget
bgt,banget
akn,akan
ndukung,mendukung
pengen,pengin
gk,tidak
aminnnnn,amin
ka,kak
make,memakai
kaaaaa,kak
aamiinnn,amin
smga,semoga
slalu,selalu
skluarga,sekeluarga
daah,dah
suaminga,suaminya
udah,sudah
berhijap,berhijab
smgaa,semoga
istiqamah,istikamah
aamiin,amin
cuaaantikk,cantik
udah,sudah
cantikk,cantik
yah,ya
rb,ribu
muraaaaah,murah
rb,ribu
aja,saja
gk,tidak
aamiin,amin
mba,mbak
yukk,yuk
baraang,barang
aamiiin,amin
udh,sudah
aamiin,amin
bets,banget
aamiin,amin
seneng,senang
kaka,kakak
ka,kak
bgt,banget
smga,semoga
kaka,kakak
aamiin,amin
aamiin,amin
yaa,ya
yaaa,ya
cantiknyaaa,cantiknya
amiiin,amin
aamiin,amin
aamiin,amin
yg,yang
gk,tidak
pake,pakai
lbh,lebih
mba,mbak
bgt,banget
pake,pakai
alhamdulillaaaaah,alhamdulillah
istiqamah,istikamah
yah,ya
makasi,terima kasih
uda,sudah
sembuhin,menyembuhkan
bener,benar
aamiin,amin
tetep,tetap
kaaa,kak
fto,foto
d,di
z,saja
ad,ada
yg,yang
bkin,bikin
pengrusak,perusak
pngn,pengin
ngoceh,mengoceh
ni,ini
aduhhh,aduh
hpus,hapus
fto,foto
pjang,pajang
msh,masih
bdampingan,berdampingan
sm,sama
org,orang
yg,yang
sdh,sudah
klo,kalau
tdk,tidak
hrs,harus
liatnya,lihatnya
it,itu
ap,apa
yg,yang
y,ya
mnding,mending
sm,sama
aja,saja
liat,lihat
kaga,kagak
liat,lihat
yg,yang
aj,saja
uih,uh
komenx,komennya
"serem""",seram-seram
yg,yang
"happi""",hepi-hepi
aza,saja
sm,sama
bgt,banget
bgtuu,begitu
ga,tidak
yaa,ya
g,tidak
mff,maaf
y,ya
q,ku
jd,jadi
ktwa,ketawa
liat,lihat
fto,foto
yg,yang
yg,yang
pke,pakai
bngt,banget
slh,salah
x,kali
yeee,ya
abizzz,habis
bnr2,benar-benar
malu2in,malu-malui
aj,saja
sm,sama
yg,yang
bkin,bikin
ngakak,mengakak
mff,maaf
y,ya
q,ku
trlalu,terlalu
jjur,jujur
klo,kalau
ngmg,mengomong
semogaa,semoga
kepelesett,terpeleset
kyk,kayak
gt,begitu
pake,pakai
geeelaakk,gila
salfok,salah fokus
bolang,bocah petualang
pkek,pakai
pnjang,panjang
pla,pula
lg,lagi
ma,sama
emang,memang
pake,pakai
lagihh,lagi
hedeuuhh,aduh
stress,stres
lama2,lama-lama
saltummmm,salah kostum
gak,tidak
kaga,kagak
nyambung,menyambung
cwe,cewek
ngakak,mengakak
gini,begini
gk,tidak
mboizzz,bois
jgn,jangan
yg,yang
suda,sudah
ama,sama
kayaq,kayak
ihhh,ih
ema,emak
liat,lihat
aja,saja
gayany,gayanya
engk,tidak
bgt,banget
gw,gue
cepet,cepat
bgt,banget
bgt,banget
kasian,kasihan
org,orang
g,tidak
kerjaan,pekerjaan
org,orang
g,tidak
ngaca,mengaca
dirumahny,dirumahnya
pd,pada
g,tidak
udah,sudah
ga,tidak
yg,yang
ama,sama
lgi,lagi
yuh,tuh
yg,yang
ad,ada
mlah,malah
ktmu,ketemu
fto,foto
yg,yang
rmbt,rambut
yahh,ya
liat,lihat
gak,tidak
liatnya,lihatnya
yg,yang
mrusak,merusak
liat,lihat
apus,hapus
aja,saja
yg,yang
gara2,gara-gara
yg,yang
dunk,dong
yg,yang
yg,yang
siapayahh,siapa ya
bilangin,bilang
pake,pakai
kostom,kostum
loo,lo
ko,kok
cewe,cewek
ky,kaya
gnii,begini
pinter,pintar
lucuuuu,lucu
bangettttt,banget
kyk,kayak
gini,begini
atuu,satu
ngegemesin,menggemaskan
gemes,gemas
lohh,loh
pipinyaaa,pipinya
yaaa,ya
kyk,kayak
bgt,banget
sm,sama
pinginnn,pengin
pinter,pintar
bgt,banget
bungkuuuuuuuuusss,bungkus
iiiihhhhhj,ih
emeessss,gemas
nggak,tidak
pipine,pipinya
glembeeeer,gelambir
bgt,banget
lucunaaa,lucunya
cubanget,lucu banget
pengenn,pengin
bgttt,banget
bgt,banget
lucuuuuu,lucu
unyuuk,unyu
bgd,banget
dedek,adek
lucunyah,lucunya
mantaaap,mantap
bingits,banget
pesen,pesan
dmana,dimana
yg,yang
keduaa,kedua
engga,tidak
engga,tidak
sma,sama
yg,yang
trsrh,terserah
ksih,kasih
engga,tidak
jgn,jangan
orng,orang
yha,ya
kaka,kakak
seterong,setrong
teyuss,terus
aja,saja
gak,tidak
ush,usah
dimasukin,dimasuki
klo,kalau
yg,yang
jelekin,menjelekkan
aja,saja
orng,orang
yg,yang
jahatin,menjahati
jelekin,menjelekkan
orng,orang
gak,tidak
ush,usah
masukin,memasuki
tai,tahi
tai,tahi
ajaa,saja
ngapain,mengapa
akn,akan
gak,tidak
ngomongnya,mengomongnya
udh,sudah
gk,tidak
kyknya,kayaknya
gtw,tidak tau
aja,saja
yg,yang
omongin,omongkan
qo,kok
nulis,menulis
klu,kalau
gk,tidak
knp,kenapa
gk,tidak
aja,saja
g,tidak
ngerti,mengerti
aja,saja
nyebutin,menyebutkan
yg,yang
gak,tidak
aja,saja
yg,yang
dengerin,dengarkan
gak,tidak
bales,balas
ngertiin,mengerti
yg,yang
rasaiin,rasai
gakusah,tidak usah
disni,disini
slalu,selalu
yg,yang
cantiik,cantik
kk,kakak
dri,dari
pda,pada
yg,yang
liat,lihat
dri,dari
org,orang
aja,saja
sabarrr,sabar
semangaatttt,semangat
gak,tidak
dengerin,dengarkan
gak,tidak
gk,tidak
tdk,tidak
skrng,sekarang
bener,benar
nonton,menonton
aj,saja
scr,secara
nyalahin,menyalahkan
nyindir,menyindir
bgt,banget
bedain,membedakan
bgt,banget
bedainnya,membedakannya
bgt,banget
keknya,kayaknya
dehhh,deh
lbih,lebih
krus,kurus
dri,dari
pda,pada
bner,benar
gaa,tidak
drpd,daripada
ka,kak
bangeet,banget
kk,kakak
jg,juga
bgt,banget
liat,lihat
aja,saja
bgt,banget
elaaaahhhh,alah
kereenn,keren
cogan,cowok ganteng
cogan,cowok ganteng
tap8,tapi
imoet,imut
ihh,ih
nggak,tidak
bosen,bosan
pandanginya,memandanginya
kakanya,kakaknya
yg,yang
kenaliiin,kenalkan
sm,sama
qu,ku
banyak2,banyak-banyak
yo,ya
tauuu,tau
awk,awak
lgi,lagi
suko,suka
sm,sama
org,orang
niih,nih
kk,kakak
bgtt,banget
sihhhh,sih
udh,sudah
"sebaik""",sebaik-baik
org,orang
org,orang
ga,tidak
ngomentarin,mengomentari
org,orang
laen,lain
yg,yang
blm,belum
bener,benar
ajah,saja
udh,sudah
dpt,dapat
jd,jadi
"masing""",masing-masing
ikh,ih
kyk,kayak
gt,begitu
g,tidak
pantes,pantas
pake,pakai
yg,yang
g,tidak
gmn,bagaimana
klo,kalau
smpe,sampai
nnti,nanti
yg,yang
ngomongnya,mengomongnya
gt,begitu
tu,itu
segtu,sebegitu
ngebenci,membenci
ny,nya
bakar2in,bakar-bakari
slmt,selamat
ank,anak
smg,semoga
sm,sama
km,kamu
ttp,tetap
km,kamu
padhe,pakde
km,kamu
yg,yang
yya,ya
yya,ya
atw,atau
klo,kalau
jgn,jangan
org,orang
yg,yang
dosa2mu,dosa-dosamu
org,orang
yg,yang
maafin,memaafi
gabisa,tidak bisa
jd,jadi
temen,teman
ky,kaya
muke,muka
gile,gila
pede,percaya diri
bgd,banget
ujung2,ujung-ujung
jd,jadi
lg,lagi
d,di
aj,saja
dalem2,dalam-dalam
kgak,kagak
d,di
bahas2,bahas-bahas
jg,juga
ud,sudah
k,ke
dy,dia
skrg,sekarang
mslh,masalah
woles,selow
aj,saja
jd,jadi
spt,seperti
km,kamu
hianatin,khianati
dr,dari
org,orang
yg,yang
tdk,tidak
halangin,halangi
dg,dengan
iyuh,ih
bngt,banget
knp,kenapa
iyuuuhhhh,ih
gaje,tidak jelas
jgn2,jangan-jangan
gk,tidak
gabakal,tidak bakal
gitu,begitu
aja,saja
yg,yang
org,orang
jga,juga
klo,kalau
emang,memang
adapin,menghadapi
ga,tidak
bnyak,banyak
emang,memang
ngehakimi,menghakimi
gw,gue
yg,yang
th,tahun
aja,saja
ngerti,mengerti
gmna,bagaimana
ngejuangin,memperjuangkan
gimana,bagaimana
dipojokin,dipojokkan
aja,saja
kek,kayak
idup,hidup
udah,sudah
bener,benar
gw,gue
yg,yang
bacotin,bacoti
udah,sudah
berati,berarti
dripada,daripada
kebangetak,kebangetan
klo,kalau
gak,tidak
tangkep,tangkap
jg,juga
d,di
gitu,begitu
dipake,dipakai
bt,buat
ngomong,mengomong
gitu,begitu
sadis2,sadis-sadis
cowo,cowok
yg,yang
ga,tidak
maksir,menaksir
udh,sudah
tp,tapi
tetep,tetap
hebatt,hebat
nerima,menerima
yaa,ya
liht,lihat
dr,dari
pndang,pandang
aja,saja
sbagai,sebagai
pmbelajaran,pembelajaran
jugaa,juga
orng,orang
yg,yang
bgt,banget
bgt,banget
gak,tidak
ngejelek,menjelekkan
yg,yang
maslah,masalah
pake,pakai
mmperbaiki,memperbaiki
aja,saja
ud,sudah
jd,jadi
krn,karena
klo,kalau
utk,untuk
temenan,berteman
sm,sama
mb,mbak
aja,saja
yg,yang
nahan,menahan
yg,yang
jd,jadi
jd,jadi
yg,yang
ga,tidak
pnya,punya
ga,tidak
pny,punya
ga,tidak
pny,punya
udh,sudah
ngerebut,merebut
yg,yang
ga,tidak
pny,punya
dr,dari
kafeh,kafe
remang2,remang-remang
mlh,malah
nusuk,menusuk
dr,dari
tinggl,tinggal
dirmh,dirumah
lg,lagi
mlh,malah
yg,yang
dr,dari
tp,tapi
gak,tidak
ngaku,mengaku
gmn,bagaimana
mbaa,mbak
gak,tidak
mnta,minta
klo,kalau
gt,begitu
byk,banyak
yg,yang
temen,teman
nangis,menangis
aja,saja
pantes,pantas
lbh,lebih
dri,dari
knp,kenapa
yg,yang
kale,kali
yg,yang
iyuuhhh,ih
yg,yang
cwo,cowok
udah,sudah
yg,yang
udah,sudah
mnjadi,menjadi
ktika,ketika
dipuja2,dipuja-puja
ga,tidak
kam,kamu
cwe,cewek
smoga,semoga
km,kamu
ngrasain,merasai
yg,yang
rasain,rasai
tp,tapi
aja,saja
nonton,menonton
aja,saja
org,orang
pesen,pesan
aja,saja
karna,karena
ngurusin,mengurusi
yeeee,ya
ityl,itil
hbs,habis
gara2,gara-gara
kyak,kayak
marah2,marah-marah
ma,sama
gw,gue
emang,memang
wenak,enak
sukak,suka
ngarang,mengarang
bnr,benar
donk,dong
gara2,gara-gara
bgt,banget
hdp,hidup
ngga,tidak
kek,kayak
gini,begini
ngehina,menghina
aja,saja
jg,juga
kelas'a,kelasnya
hadeeehhh,aduh
yg,yang
gak,tidak
jing,anjing
lg,lagi
"abal""",abal-abal
"kecil""",kecil-kecil
ori,orisinal
bgt,banget
smua,semua
yg,yang
gtu,begitu
kenceng,kencang
jd,jadi
jd,jadi
kek,kayak
"gtu""an",begitu-gituan
klo,kalau
gmanapun,bagaimanapun
tetep,tetap
aja,saja
trims,terima kasih
yah,ya
kr,kira
td,tadi
nenek2,nenek-nenek
taux,taunya
cepet,cepat
pantes,pantas
aja,saja
liat,lihat
urat2nya,urat-uratnya
ketarik,tertarik
emang,memang
ngorbanin,mengorbankan
eksprsi,ekspresi
gitulah,begitulah
klo,kalau
yg,yang
gtu,begitu
ga,tidak
ga,tidak
kyk,kayak
klo,kalau
yg,yang
"foto""",foto-foto
mamas,mas
klo,kalau
ngilangin,menghilangkan
jg,juga
ajah,saja
gada,tidak ada
bandingin,bandingkan
yg,yang
tua2,tua-tua
ajah,saja
bgt,banget
kasian,kasihan
cantik2,cantik-cantik
yg,yang
ketarik,tertarik
pake,pakai
terus2an,terus-terusan
cepet,cepat
udah,sudah
udah,sudah
gak,tidak
liat2,lihat-lihat
sampe,sampai
liatnya,lihatnya
waduhh,waduh
"bawa""",bawa-bawa
badingkan,membandingkan
mba,mbak
gtu,begitu
yah,ya
sampe,sampai
gmana,bagaimana
gtu,begitu
kyk,kayak
aja,saja
sy,saya
udah,sudah
ga,tidak
yah,ya
aja,saja
klo,kalau
klo,kalau
aja,saja
udah,sudah
yahh,ya
bgmana,bagaimana
udah,sudah
aja,saja
ga,tidak
sy,saya
ngakak,mengakak
sy,saya
ga,tidak
ngehina,menghina
mba,mbak
aja,saja
yg,yang
gini,begini
yg,yang
ga,tidak
ngurus,mengurus
ga,tidak
org,orang
klo,kalau
yg,yang
trus,terus
yg,yang
yah,ya
lanjutin,lanjutkan
aja,saja
org,orang
yg,yang
byk,banyak
krn,karena
org,orang
yg,yang
byk,banyak
org,orang
yg,yang
ributin,meributkan
cwo,cowok
cwo,cowok
brantem,berantem
gara2,gara-gara
belain,membela
kek,kayak
gitu,begitu
keliatan,kelihatan
lipetan,lipatan
kek,kayak
gitu,begitu
keliatan,kelihatan
lipetan,lipatan
ngomong,mengomong
yg,yang
g,tidak
ampuun,ampun
yya,ya
sya,saya
mba,mbak
fto,foto
sm,sama
"nenek""",nenek-nenek
bneraan,benaran
kageeet,kaget
sangaaattt,sangat
rmbuut,rambut
nenek2,nenek-nenek
km,kamu
nt,nanti
walik,balik
sma,sama
emg,memang
oma2,oma-oma
kirain,mengira
skrng,sekarang
bgt,banget
knp,kenapa
d,di
kyk,kayak
nenek2,nenek-nenek
in,ini
kellen,kalian
y,ya
beneran,benaran
mbk,mbak
kyk,kayak
sm,sama
nyerocos,mencerocos
aje,saja
ibuk2,ibu-ibu
gak,tidak
ngomenin,mengomentari
iseng2,iseng-iseng
aja,saja
tp,tapi
gk,tidak
nyangka,menyangka
makasih,terima kasih
yaaa,ya
ga,tidak
udah,sudah
niyyyyhhhh,nih
yg,yang
besarin,membesarkan
yg,yang
yg,yang
yg,yang
cantik2,cantik-cantik
mlah,malah
kek,kayak
gak,tidak
sexi2,seksi-seksi
blh,boleh
pkai,pakai
blik,balik
kk,kakak
cb,coba
kenape,kenapa
yg,yang
kkak,kakak
syg,sayang
jgn,jangan
ladenin,meladeni
org,orang
yg,yang
bkin,bikin
kkak,kakak
jdi,jadi
skit,sakit
hat,hati
kkak,kakak
syg,sayang
kkak,kakak
bnyak,banyak
kkak,kakak
jilbabnye,jilbabnya
kk,kakak
ledkin,meledeki
tpi,tapi
yah,ya
digabtikan,digantikan
yg,yang
skrg,sekarang
jng,jangan
ngumung,mengomong
dikemanain,dikemanakan
ilang-in,hilangkan
udh,sudah
bener,benar
pake,pakai
dri,dari
pda,pada
ga,tidak
pke,pakai
ny,nya
ga,tidak
ga,tidak
prinadi,pribadi
org,orang
lahh,lah
luh,lu
yep,ya
dri,dari
u,lu
"ngaku""",mengaku-ngaku
aja,saja
helooooo,halo
ngaku,mengaku
aja,saja
gak,tidak
u,lu
loe,lo
emang,memang
yaa,ya
rempong,repot
org,orang
sndiri,sendiri
ud,sudah
bener,benar
aja,saja
masi,masih
aja,saja
palingann,palingan
berjinah,berzina
munaafikk,munafik
urusn,urusan
org,orang
mw,mau
pk,pakai
kaga,kagak
benar2,benar-benar
aja,saja
mba,mbak
gak,tidak
dg,dengan
saudra,saudara
trganggu,terganggu
kk,kakak
bhijab,berhijab
lgi,lagi
rmbut,rambut
km,kamu
dn,dan
yuu,yuk
dlm,dalam
hri,hari
lepasin,melepas
pokonya,pokoknya
lucuuuu,lucu
d,di
smentara,sementara
ka,kak
d,di
aja,saja
d,di
yg,yang
ka,kak
ga,tidak
ka,kak
ka,kak
dengerin,mendengarkan
org,orang
biarin,biarkan
yg,yang
kaka,kakak
d,di
ka,kak
ka,kak
kaka,kakak
yg,yang
kaka,kakak
org,orang
kaka,kakak
pdhl,padahal
waduhhh,waduh
kasian,kasihan
org2,orang-orang
yg,yang
ursan,urusan
org,orang
sudab,sudah
dwsa,dewasa
pnya,punya
agma,agama
ap,apa
yg,yang
jd,jadi
jgn,jangan
rpt2,repot-repot
sbr,sabar
aja,saja
y,ya
ngaji,mengaji
yg,yang
yg,yang
nmr,nomor
yg,yang
romantiz,romantis
ituu,itu
tdk,tidak
murmer,murah meriah
pensaran,penasaran
dapet,dapat
aja,saja
kepoin,kepoi
baru2,baru-baru
tlp,telepon
bosaan,bosan
udah,sudah
pake,pakai
gak,tidak
yuukk,yuk
kitaaa,kita
ga,tidak
konsul,konsultasi
gak,tidak
yok,yuk
lainnyaa,lainnya
jt,juta
perbulannn,perbulan
penyebab2,penyebab-penyebab
ko,kok
lg,lagi
mba,mbak
tp,tapi
nyupir,menyopir
ko,kok
blm,belum
tdk,tidak
yukk,yuk
dn,dan
cpt,cepat
steess,stres
"gara""",gara-gara
jngan,jangan
kwatir,kawatir
tengah2,tengah-tengah
duetin,duet
dongg,dong
kyk,kayak
duetin,duet
dongg,dong
mudaa,muda
sm,sama
ajah,saja
dapetin,mendapati
tdk,tidak
nyari,mencari
ga,tidak
gini,begini
bgt,banget
sebenernya,sebenarnya
mrka,mereka
skrg,sekarang
dgn,dengan
skrg,sekarang
silsturahmi,silaturahmi
jg,juga
tdk,tidak
yg,yang
dgn,dengan
ank2nya,anak-anaknya
tdk,tidak
ank,anak
yg,yang
yg,yang
tdk,tidak
yg,yang
sdh,sudah
sgt,sangat
mrka,mereka
dgn,dengan
ank2nya,anak-anaknya
tdk,tidak
dijkt,dijakarta
tdk,tidak
may,mau
tdk,tidak
bs,bisa
sebenernya,sebenarnya
cums,cuma
yg,yang
bs,bisa
jg,juga
bs,bisa
dgn,dengan
undangan2,undangan-undangan
jd,jadi
bener2,benar-benar
dgn,dengan
bgt,banget
dlm,dalam
past,pasti
sgt,sangat
kgn,kangen
wktunya,waktunya
dr,dari
anknya,anaknya
krn,karena
tdk,tidak
krn,karena
blg,bilang
byk,banyak
yg,yang
tp,tapi
wktunya,waktunya
yg,yang
blm,belum
sebenernya,sebenarnya
klo,kalau
krn,karena
jd,jadi
kluarga,keluarga
ayukk,yuk
gk,tidak
ngucapin,mengucapkan
kaka,kakak
yg,yang
bru,baru
udah,sudah
nntn,menonton
bgus,bagus
bgt,banget
filmny,filmnya
dapet,dapat
nari,menari
sampe,sampai
nangis,menangis
liat,lihat
udah,sudah
nonton,menonton
sukak,suka
pengen,pengin
nonton,menonton
kl,kalau
yg,yang
blm,belum
ntn,menonton
uda,sudah
nonton,menonton
ntn,menonton
blm,belum
ntn,menonton
nobar,menonton bareng
udah,sudah
kemariin,kemarin
yaaaa,ya
makasih,terima kasih
liat,lihat
d,di
lagiiii,lagi
knpp,kenapa
udh,sudah
ga,tidak
ad,ada
lggi,lagi
lma,lama
gaprgi,tidak pergi
nnton,menonton
aaahh,ah
lagii,lagi
klau,kalau
d,di
makasih,terima kasih
yaa,ya
ga,tidak
yaa,ya
makasih,terima kasih
yaaa,ya
iyaaa,iya
yaa,ya
ndak,indak
pa2,apa-apa
maen,main
tgl,tanggal
dtunggu,ditunggu
ngga,tidak
bkin,bikin
baper,bawa perasaan
masa2,masa-masa
thn,tahun
gak,tidak
kepikir,terpikir
gak,tidak
nonton,menonton
liat,lihat
bgt,banget
aja,saja
liat,lihat
liat,lihat
ad,ada
tp,tapi
seruuu,seru
kaka,kakak
bgt,banget
lucuuuu,lucu
bgt,banget
nonton,menonton
bgt,banget
bagusss,bagus
bgt,banget
sampe,sampai
nonton,menonton
kek,kayak
jg,juga
bgs,bagus
thn,tahun
udh,sudah
ade,adek
emeshh,gemas
th,tahun
kaya,kayak
udah,sudah
astagaaaaaa,astaga
thn,tahun
ka,kak
kaka,kakak
pacarn,pacaran
bgni,begini
ktg,kita
th,tahun
aja,saja
pacaranya,pacarannya
udah,sudah
bgt,banget
mbaak,mbak
gitu,begitu
ka,kak
kka,kakak
ngalah,mengalah
de,dek
klo,kalau
yg,yang
udh,sudah
th,tahun
kek,kayak
gini,begini
bru,baru
ngucapin,mengucapkan
pacarane,pacarannya
rusakkk,rusak
udah,sudah
th,tahun
ehh,eh
yaaampunnn,ya ampun
th,tahun
th,tahun
gini,begini
ga,tidak
aja,saja
kaga,kagak
inii,ini
taun,tahun
yg,yang
thn,tahun
tuwek,tua
mukae,mukanya
ultahe,ultahnya
yaaa,ya
bgtt,banget
thn,tahun
tp,tapi
udh,sudah
udh,sudah
mlh,malah
kliatanya,kelihatannya
thn,tahun
apaa,apa
udh,sudah
ky,kaya
q,aku
liat,lihat
bingiit,banget
pcaranya,pacarannya
udah,sudah
kyk,kayak
taon,tahun
uda,sudah
bermaksut,bermaksud
tp,tapi
karna,karena
emang,memang
tampialannya,tampilannya
nikaah,nikah
aja,saja
thn,tahun
udh,sudah
"anak""",anak-anak
lha,lah
kek,kayak
gini,begini
pankapan,kapan-kapan
gpp,tidak apa-apa
keliatan,kelihatan
pake,pakai
kl,kalau
yg,yang
ngumbar,mengumbar
dhpusin,dihapuskan
smua,semua
tteh,teteh
bsa,bisa
istiqomah,istikamah
aamiin,amin
wihh,wih
gak,tidak
nyangka,menyangka
bangett,banget
ga,tidak
nyesel,menyesal
dehh,deh
cepet,cepat
yg,yang
ga,tidak
aja,saja
semangaatt,semangat
mudah2,mudah-mudah
dlm,dalam
liat,lihat
udah,sudah
mnutup,menutup
yg,yang
rb,ribu
dgn,dengan
msh,masih
yg,yang
blm,belum
apus,hapus
gak,tidak
aja,saja
hub,hubungi
saranin,menyarankan
pake,pakai
naek,naik
ka,kak
pake,pakai
ka,kak
tehh,teh
lbih,lebih
pake,pakai
hijabb,hijab
dapet,dapat
ttp,tetap
yaa,ya
mksh,terima kasih
udh,sudah
nyaranin,menyarankan
pake,pakai
dr,dari
skrng,sekarang
ja,saja
mksh,terima kasih
ka,kak
yah,ya
udah,sudah
saranin,menyarankan
udah,sudah
makasih,terima kasih
yah,ya
ka,kak
ka,kak
bngatt,banget
kaaa,kak
pake,pakai
liat,lihat
fto,foto
kk,kakak
trus,terus
dii,di
yah,ya
kk,kakak
ooh,oh
fto,foto
yg,yang
g,tidak
pke,pakai
d,di
hapusin,hapuskan
y,ya
lohhh,loh
syg,sayang
skali,sekali
kaka,kakak
ngeuh,engah
klo,kalau
th,tahun
yaah,ya
nnti,nanti
d,di
yg,yang
ka,kak
smoga,semoga
yaa,ya
mbaa,mbak
sneng,senang
liat,lihat
kyk,kayak
mbaa,mbak
mutusin,memutuskan
bwt,buat
lbh,lebih
lg,lagi
ngapus,menghapus
fto2,foto-foto
sblm,sebelum
awl,awal
dr,dari
mmg,memang
hrus,harus
trs,terus
sll,selalu
d,di
smoga,semoga
d,di
d,di
trus,terus
bngkit,bangkit
mncoba,mencoba
lbh,lebih
smoga,semoga
ttp,tetap
skli,sekali
lg,lagi
bingit,banget
dapetin,mendapati
dri,dari
slmt,selamat
smoga,semoga
mmg,memang
tdk,tidak
tpi,tapi
yg,yang
org,orang
waww,wow
mantapp,mantap
pake,pakai
gituan,begituan
cobaaa,coba
gak,tidak
nyesel,menyesal
ga,tidak
cobaa,coba
aja,saja
buktiin,membuktikan
ga,tidak
ngebuktiin,membuktikan
wahhh,wah
mba,mbak
mutuain,memutuskan
udh,sudah
smw,semua
foto2,foto-foto
yg,yang
blm,belum
pake,pakai
ttp,tetap
mba,mbak
geuliiiiiiis,geulis
euyyyyy,euy
dlm,dalam
ntar,entar
ga,tidak
gini,begini
engga,tidak
widihh,idih
bingit,banget
iyaa,iya
kerenn,keren
kek,kayak
gitu,begitu
uuh,uh
pengen,pengin
dr,dari
td,tadi
ngomongin,mengomongkan
kek,kayak
gini,begini
ngakak,mengakak
udah,sudah
kek,kayak
tp,tapi
emg,memang
ngirim,mengirim
ngidam,mengidam
waah,wah
sampis,sampah habis
emang,memang
gt,begitu
maapin,maaf
yak,ya
ngebala,bala
mampuussss,mampus
bgt,banget
diihhhh,dih
bgt,banget
hrusnya,harusnya
sabal,sabar
udahlah,sudahlah
kauuuu,kau
gini,begini
pengen,pengin
yg,yang
kya,kaya
gini,begini
teruss,terus
trus,terus
uhhh,uh
km,kamu
sabaro,sabar
yaa,ya
bangettt,banget
eehhh,eh
gni,begini
nyadar,menyadar
nyadar,menyadar
yg,yang
lucuuuuu,lucu
liat,lihat
bangett,banget
iiii,ih
kreative,kreatif
bangrt,banget
liat,lihat
azekkkk,asik
pinter,pintar
bngettt,banget
pinter,pintar
ga,tidak
kuaaatt,kuat
bhet,banget
bhs,bahasa
inggrisny,inggrisnya
bgt,banget
ni,ini
bangeeet,banget
bngt,banget
dgn,dengan
yg,yang
slm,salam
tmn2,teman-teman
dsna,disana
iyaap,iya
mksih,terima kasih
orang2,orang-orang
mnjadi,menjadi
nga,tidak
canyk,cantik
"bner""",benar-benar
bgt,banget
udah,sudah
poko,pokok
prodac,produk
yg,yang
ga,tidak
bkal,bakal
nyesell,menyesal
dehh,deh
poko,pokok
bbrp,beberapa
yg,yang
blg,bilang
gt,begitu
ciyusss,serius
de,deh
gw,gue
liat,lihat
yg,yang
lw,lu
kmaren,kemarin
ka,kak
ni,ini
kek,kayak
cyin,cinta
bgt,banget
yaa,ya
cantikkk,cantik
bangetttttttt,banget
sexi,seksi
bundaaaa,bunda
cantinya,cantiknya
gx,tidak
kyk,kayak
kyk,kayak
cantikkkk,cantik
woww,wow
bangett,banget
ja,saja
pake,pakai
bangget,banget
baget,banget
pingin,pengin
bettt,banget
kyknya,kayaknya
subhanalloh,subhanallah
cantiiillx,cantik
bundaaaa,bunda
tetep,tetap
mudaa,muda
brapa,berapa
sihh,sih
bgt,banget
bangetttt,banget
cantikkk,cantik
bgttt,banget
alaami,alami
sabaarrr,sabar
cantiiiikk,cantik
bangeeeeetttt,banget
ciee,cie
tp,tapi
ttp,tetap
kyk,kayak
yg,yang
inii,ini
cannntikk,cantik
banggett,banget
yaa,ya
nyaaa,nya
cakepp,cakep
bgt,banget
thnan,tahunan
tpi,tapi
cuantik,cantik
bgt,banget
msh,masih
seger,segar
ky,kaya
cantikkkkkk,cantik
bangetttt,banget
segerr,segar
bangett,banget
wouww,wow
bgt,banget
cantiiikkk,cantik
bgt,banget
knp,kenapa
udh,sudah
aja,saja
gak,tidak
kya,kaya
njir,anjir
ngikutin,mengikuti
pen,pengin
gw,gue
catokin,catok
gak,tidak
catokin,catok
catokin,catok
udah,sudah
sm,sama
lg,lagi
ikut2an,ikut-ikutan
kya,kaya
jg,juga
dr,dari
jg,juga
yuukk,yuk
promil,program hamil
aminn,amin
ksh,kasih
sll,selalu
jg,juga
utk,untuk
comment2nya,komentar-komentarnya
jg,juga
teman2,teman-teman
aja,saja
yg,yang
tiba2,tiba-tiba
"benar""",benar-benar
aamiin,amin
ak,aku
yukk,yuk
lohhh,loh
besar2an,besar-besaran
aja,saja
tp,tapi
klo,kalau
gak,tidak
yaaaa,ya
seneng,senang
pedes,pedas
seneng,senang
udah,sudah
rb,ribu
yaaa,ya
pengen,pengin
emang,memang
slalu,selalu
tdk,tidak
knsul,konsultasi
dg,dengan
dn,dan
dg,dengan
yg,yang
sdh,sudah
brhasil,berhasil
dlm,dalam
wktu,waktu
konsul,konsultasi
gratisss,gratis
ga,tidak
nyesel,menyesal
pake,pakai
kaka,kakak
hilangin,menghilangkan
bener2,benar-benar
yg,yang
pake,pakai
artis2,artis-artis
smoga,semoga
aja,saja
sampe,sampai
pingin,pengin
gak,tidak
kereeeeen,keren
bngeet,banget
gemesinnnnn,menggemaskan
bner,benar
bner,benar
bnget,banget
udah,sudah
prodaknya,produknya
poko,pokok
prodak,produk
yg,yang
ga,tidak
bkal,bakal
nyesell,menyesal
dehh,deh
poko,pokok
yg,yang
yg,yang
dapet,dapat
dgn,dengan
ongkiir,ongkir
thn,tahun
bgt,banget
ajaibbbbb,ajaib
saayyyyy,say
besarin,membesarkan
aja,saja
pake,pakai
belanjaa,belanja
disiniii,disini
lohhhh,loh
yg,yang
trims,terima kasih
utk,untuk
gak,tidak
aja,saja
ga,tidak
dn,dan
ganteung,ganteng
mba,mbak
pengen,pengin
pake,pakai
ga,tidak
nyesel,menyesal
ngerasa,merasa
ga,tidak
pede,percaya diri
bhgia,bahagia
iiiiiiiiii,ih
lucuukk,lucu
bgt,banget
keciil,kecil
yakinn,yakin
pentass,pentas
ngarep,mengharap
kepoin,kepo
lucu2,lucu-lucu
ngelahirin,melahirkan
gak,tidak
paksain,memaksa
biasaa,biasa
makasih,terima kasih
ngelahirin,melahirkan
gak,tidak
paksain,memaksa
biasaa,biasa
makasih,terima kasih
pengen,pengin
besarin,membesarkan
hub,hubungi
aja,saja
dgn,dengan
yg,yang
pengen,pengin
makasih,terima kasih
udah,sudah
rekomendasiin,merekomendasikan
bener,benar
pake,pakai
ga,tidak
makasih,terima kasih
ka,kak
ka,kak
makasih,terima kasih
udah,sudah
rekomendasiin,merekomendasikan
bener,benar
ka,kak
ga,tidak
makasih,terima kasih
q,ku
kk,kakak
bosaan,bosan
udah,sudah
pake,pakai
gak,tidak
yuukk,yuk
kitaaa,kita
knp,kenapa
yoo,ya
ak,aku
murmer,murah meriah
bgt,banget
hy,hai
teman2,teman-teman
pake,pakai
aja,saja
testinya,testimoninya
yaa,ya
yg,yang
lbh,lebih
jd,jadi
mengirusi,mengurusi
khdpn,kehidupan
yg,yang
keliatan,kelihatan
bgt,banget
gk,tidak
ngalah,mengalah
ngelawan,melawan
sm,sama
betuuuuulllllllllllllllll,betul
yg,yang
banyak2,banyak-banyak
mba,mbak
bisax,bisanya
cmn,cuman
nyerocos,mencerocos
aja,saja
emang,memang
uda,sudah
bener,benar
ngapain,mengapai
klo,kalau
cmn,cuman
mw,mau
ngatain,mengatai
yg,yang
sebenernya,sebenarnya
yg,yang
ga,tidak
tp,tapi
dgn,dengan
klmbutan,kelembutan
jgn,jangan
gw,gue
pgn,pengin
yg,yang
dlu,dulu
aja,saja
uda,sudah
seburuk2,seburuk-buruk
psti,pasti
dy,dia
sperti,seperti
dlu,dulu
dy,dia
ngurusin,mengurusi
nda,indak
ngurusin,mengurusi
sampe,sampai
msh,masih
diingetin,diingatkan
ntar,entar
udah,sudah
yg,yang
ngingetin,mengingatkan
ngeriiiiii,ngeri
ma,sama
nich,nih
ngingetin,mengingatkan
akhlah,akhlak
aja,saja
klo,kalau
org,orang
yg,yang
blg,bilang
ngapain,mengapai
ngurusin,mengurusi
org,orang
ntar,entar
elo2,lo-lo
yg,yang
mandiin,memandikan
yg,yang
nguburin,menguburkan
emg,memang
ngurus,mengurus
subhannallah,subhanallah
mb,mbak
kl,kalau
yg,yang
gk,tidak
ngebedain,membedakan
ngurusin,mengurusi
mb,mbak
tp,tapi
urusanny,urusannya
aja,saja
krn,karena
lg,lagi
dg,dengan
tuhanny,tuhannya
aja,saja
yg,yang
brtngkar,bertengkar
knp,kenapa
sllu,selalu
hny,hanya
krn,karena
pndapat,pendapat
teman2,teman-teman
yg,yang
sling,saling
mnding,mending
nmbah,menambah
temen,teman
looh,loh
drpd,daripada
nambah,menambah
kata2,kata-kata
emang,memang
lha,lah
sharusnya,seharusnya
jg,juga
sndiri,sendiri
bangeett,banget
mngkannya,mangkanya
klw,kalau
ngelakuin,melakukan
apa2,apa-apa
dlu,dulu
klo,kalau
kmu,kamu
bkn,bukan
scr,secara
gk,tidak
sbg,sebagai
yg,yang
tp,tapi
yg,yang
yg,yang
udah,sudah
ngelakuin,melakukan
udah,sudah
tp,tapi
skrg,sekarang
nyia2in,menyia-nyiakan
yg,yang
gini,begini
yg,yang
brarti,berarti
org,orang
yg,yang
gk,tidak
krn,karena
dgn,dengan
mndpat,mendapat
kpuasan,kepuasan
dr,dari
pdahal,padahal
gk,tidak
sgampang,segampang
mlepaskan,melepaskan
ngapain,mengapai
org,orang
diurusin,diurusi
org,orang
ga,tidak
pantes,pantas
indo,indonesia
ga,tidak
bgt,banget
prnh,pernah
dl,dulu
jgn,jangan
trll,terlalu
sk,suka
hdp,hidup
org,orang
hdp,hidup
sndr,sendiri
dl,dulu
sellow,selow
idup,hidup
krn,karena
sbbrnya,sebenarnya
yg,yang
idup,hidup
org,orang
smpe,sampai
bs,bisa
bkn,bukan
komen2,komen-komen
kasar2,kasar-kasar
bgt,banget
qt,kita
lbh,lebih
dr,dari
org,orang
pengen,pengin
rb,ribu
semangattt,semangat
teruss,terus
tp,tapi
dlu,dulu
beneran,benaran
yak,ya
ka,kak
nungguin,menunggu
baper,bawa perasaan
baper,bawa perasaan
baper,bawa perasaan
nnti,nanti
klo,kalau
blm,belum
testi,testimoni
banyaak,banyak
beneran,benaran
bujukk,bujuk
pala,kepala
d.apa,diapa
apain,apai
aj,saja
tetep,tetap
emng,memang
dsar,dasar
y,nya
udh,sudah
dri,dari
dlu,dulu
benetaran,benaran
gaa,tidak
kaka,kakak
bneran,benaran
gmn,bagaimana
si,sih
krenn,keren
abis,habis
kraya,karya
brg,bareng
lg,lagi
donk,dong
ka,kak
lg,lagi
kaka,kakak
udah,sudah
ngebantu,membantu
pake,pakai
yg,yang
kaka,kakak
kenalin,kenalkan
makasih,terima kasih
beneran,benaran
knp,kenapa
g,tidak
d,di
janjutin,lanjutkan
kaa,kak
yukk,yuk
kepppoin,kepoi
dehh,deh
tp,tapi
ttp,tetap
nnti,nanti
makasih,terima kasih
recommendasi,rekomendasi
prodak,produk
gak,tidak
pake,pakai
btulan,betulan
kha,kah
nggak,tidak
jd,jadi
rmbut,rambut
s,si
g,tidak
pjg,panjang
mna,mana
s,sih
tutupin,menutupi
"gara""",gara-gara
ga,tidak
pake,pakai
pake,pakai
wik,wig
beneran,benaran
kaka,kakak
ithu,itu
ttap,tetap
yukk,yuk
udh,sudah
artis2,artis-artis
knp,kenapa
botakin,botaki
yah,ya
ny,nya
botakkkk,botak
gitu,begitu
botakin,botaki
k,kak
gk,tidak
kk,kakak
kk,kakak
bnrn,benaran
skrg,sekarang
pake,pakai
week,wig
yukk,yuk
kerennn,keren
yg,yang
gawul,gaul
modes,modis
kitaa,kita
klian,kalian
brayyy,bray
yg,yang
kcantikan,kecantikan
klian,kalian
brayyy,bray
jalan2,jalan-jalan
mauuu,mau
donk,dong
bronis,brondong manis
rb,ribu
gapunya,tidak punya
jt,juta
nambah,menambah
bkln,bakalan
pingin,pengin
udah,sudah
kecantikanga,kecantikannya
loooh,loh
barang2,barang-barang
gk,tidak
hiii,hai
piiiilih,pilih
aja,saja
pokonya,pokoknya
deeh,deh
aja,saja
anak2,anak-anak
yaaaa,ya
zama,zaman
kn,kan
udh,sudah
gnti,ganti
yg,yang
bru,baru
nmnya,namanya
tapo,tapi
kuy,yuk
gkk,tidak
lg,lagi
petinggi2,petinggi-petinggi
slalu,selalu
wota2,wota-wota
yg,yang
yg,yang
yg,yang
knpa,kenapa
indefendet,independen
gak,tidak
tempat2,tempat-tempat
yg,yang
kyk,kayak
taik,tahi
yg,yang
slalu,selalu
anak2,anak-anak
bkn,bukan
yuuuukkk,yuk
bener,benar
lg,lagi
dituutup,ditutup
silahkan,silakan
gak,tidak
gak,tidak
mbaa,mbak
ngayal,mengkhayal
trlalu,terlalu
ngayal,mengkhayal
aja,saja
smvk,sempak
liat,lihat
aja,saja
bkal,bakal
jd,jadi
knyataan,kenyataan
amiinn,amin
njrittt,anjir
aja,saja
yah,ya
aminnn,amin
selmt,selamat
taz,atas
klhran,kelahiran
ank,anak
pertma,pertama
kk,kakak
ats,atas
kelahuran,kelahiran
ank,anak
pertamany,pertamanya
slmt,selamat
k,kak
k,kak
mamax,mamanya
iyah,iya
ankx,anaknya
cantip,cantik
lucuuuuu,lucu
donk,dong
yg,yang
donk,dong
yg,yang
ortu,orang tua
amiiiin,amin
lucuuu,lucu
lucuuuu,lucu
ihh,ih
la,lah
skli,sekali
kluarga,keluarga
kpn,kapan
ak,aku
pnya,punya
yg,yang
iyha,iya
dedek,adek
yg,yang
cantikkk,cantik
y,ya
kk,kakak
mb,mbak
ats,atas
klahiran,kelahiran
slmat,selamat
aamiin,amin
slamat,selamat
jdi,jadi
ortu,orang tua
kk,kakak
smoga,semoga
jdi,jadi
ank,anak
mmbanggakan,membanggakan
ortuny,orang tuanya
aamiin,amin
lucuuu,lucu
bngtt,banget
selmat,selamat
ae,saja
mnjdi,menjadi
bnda,bunda
k,kak
ma,sama
trus,terus
nyah,nya
aamiin,amin
bgt,banget
prtamax,pertamanya
kk,kakak
moqa,moga
jdi,jadi
yq,yang
brbakti,berbakti
yaaa,ya
gewlaaaaa,gila
ea,ya
kk,kakak
kk,kakak
ny,nya
yg,yang
sm,sama
lg,lagi
yg,yang
skrg,sekarang
"sama""",sama-sama
basodaraa,bersaudara
yg,yang
gamau,tidak mau
sm,sama
dr,dari
ori,orisinal
hargs,harga
perhatiin,perhatikan
abal2,abal-abal
kasian,kasihan
bgt,banget
bantuim,bantu
maen,main
adl,adalah
pelwak,pelawak
pake,pakai
karna,karena
pgn,pengin
kenceng,kencang
ga,tidak
tp,tapi
temen,teman
nyaranin,menyarankan
emang,memang
pake,pakai
udah,sudah
keliatan,kelihatan
saranin,menyarankan
km,kamu
hub,hubungi
ngasih,mengasih
ayoo,ayo
aamiiin,amin
suces,sukses
slalu,selalu
y,ya
yg,yang
jgn,jangan
km,kamu
sucses,sukses
ga,tidak
ga,tidak
garemin,garami
trus,terus
gapake,tidak pakai
ayoo,ayo
hubunggi,hubungi
gak,tidak
ngiringan,mengiringi
q,ku
gk,tidak
maluuu,malu
udah,sudah
gk,tidak
makasih,terima kasih
kaka,kakak
klo,kalau
karir.a,karirnya
iyaa,iya
aamin,amin
teruz,terus
yg,yang
udh,sudah
dpt,dapat
atw,atau
atw,atau
kaka,kakak
kemarn,kemarin
cobain,mencoba
udah,sudah
pake,pakai
ga,tidak
emang,memang
pake,pakai
udah,sudah
dapet,dapat
bgt,banget
makasih,terima kasih
kaka,kakak
recomendasinya,rekomendasinya
promoo,promo
ongkirr,ongkir
ga,tidak
yaa,ya
makasih,terima kasih
udah,sudah
kenalin,mengenalkan
pake,pakai
makasih,terima kasih
jd,jadi
gak,tidak
gk,tidak
dri,dari
mskasih,terima kasih
kaka,kakak
kaka,kakak
yg,yang
dlm,dalam
yg,yang
wowwwww,wow
kaka,kakak
kemarn,kemarin
cobain,mencoba
udah,sudah
pake,pakai
ga,tidak
emang,memang
pake,pakai
udah,sudah
dapet,dapat
kaka,kakak
bgt,banget
makasih,terima kasih
kaka,kakak
recomendasinya,rekomendasinya
seeeemua,semua
bener,benar
bener,benar
yg,yang
dipake,dipakai
skrng,sekarang
gak,tidak
pake,pakai
jd,jadi
dri,dari
yg,yang
rekomendasiin,rekomendasikan
mksh,terima kasih
makasih,terima kasih
nyaranin,menyarani
bener,benar
bener,benar
makasih,terima kasih
udh,sudah
kenalin,mengenalkan
jd,jadi
gak,tidak
dlm,dalam
jd,jadi
pede,percaya diri
skrng,sekarang
makasih,terima kasih
wowwww,wow
kaka,kakak
kemarn,kemarin
udah,sudah
pake,pakai
ga,tidak
emang,memang
pake,pakai
udah,sudah
dapet,dapat
kaka,kakak
bgt,banget
makasih,terima kasih
kaka,kakak
recomendasinya,rekomendasinya
artis2,artis-artis
batesin,batasi
atw,atau
ga,tidak
ilang,hilang
ilang,hilang
bijin,bikin
ga,tidak
pd,percaya diri
yg,yang
yg,yang
ga,tidak
pengen,pengin
gitu,begitu
ngeidealin,mengidealkan
bdn,badan
kmi,kami
bhn,bahan
dlm,dalam
hr,hari
mngkin,mungkin
menghilangkn,menghilangkan
utk,untuk
utk,untuk
lucuuuuu,lucu
bgt,banget
yg,yang
lucu2,lucu-lucu
makasih,terima kasih
udh,sudah
kenalin,mengenalkan
jd,jadi
gak,tidak
ga,tidak
ga,tidak
gasalah,tidak salah
gak,tidak
yg,yang
yg,yang
yg,yang
brsma,bersama
le,boleh
ugha,juga
aja,saja
cogan,cowok ganteng
semuaaa,semua
keknya,kayaknya
mo,mau
dijadiin,dijadikan
ni,nih
yg,yang
kn,kan
heeee,hai
ayoo,ayo
nonton,menonton
blm,belum
dgr,dengar
yg,yang
jd,jadi
udah,sudah
nobar,menonton bareng
dateng,datang
rame2,rame-rame
yam,ya
rame2,rame-rame
tai,tahi
kek,kayak
bkan,bukan
yg,yang
yg,yang
kartunin,kartun
tpi,tapi
jdulnya,judulnya
udah,sudah
pen,pengin
bacaaaa,baca
nonton,menonton
kta,kita
bgus,bagus
kyaknya,kayaknya
leh,boleh
ugha,juga
bgt,banget
km,kamu
aq,aku
gw,gue
abez,habis
nihh,nih
donk,dong
baaaaaang,bang
sy,saya
sy,saya
bgt,banget
sm,sama
kk,kakak
ka,kak
ampunnnnn,ampun
ganteeeeng,ganteng
bgt,banget
entahhh,entah
gimanaaaa,bagaimana
bs,bisa
kesampean,kesampaian
baper,bawa perasaan
pdhl,padahal
udah,sudah
bgt,banget
duuhh,duh
gantengnyaaaa,gantengnya
mrip,mirip
kk,kakak
bgtt,banget
kpn2,kapan-kapan
yah,ya
yg,yang
gini,begini
yg,yang
indo,indonesia
pans,fan
sampe,sampai
kuliyh,kuliah
gini,begini
kk,kakak
gantengg,ganteng
bngett,banget
kakk,kak
kenalin,kenalkan
yah,ya
alm,almarhum
gantengkuuuuuu,gantengku
atassss,atas
y,ya
orgny,orangnya
yha,ya
kaaaaa,kak
aja,saja
owalaah,walah
gt,begitu
bgt,banget
nengok,menengok
awk,awak
nengok,menengok
aslinyo,aslinya
liat,lihat
yg,yang
dr,dari
dlm,dalam
alissnyaa,alisnya
masaaaa,masa
adenya,adeknya
nggak,tidak
aja,saja
komuk,muka
elo,lo
kalahnye,kalahnya
yah,ya
males,malas
udh,sudah
gimana,bagaimana
yah,ya
maapin,maafi
milih,memilih
ngga,tidak
yoo,ya
udah,sudah
tp,tapi
iyaaaa,iya
aja,saja
udh,sudah
kpn,kapan
ga,tidak
liat,lihat
fakultass,fakultas
ngga,tidak
liat,lihat
smrg,semarang
liat,lihat
org,orang
yg,yang
gw,gue
inget,ingat
elu,lu
inget,ingat
aja,saja
aja,saja
serem,seram
g,tidak
unyu2,unyu-unyu
loe,lo
yah,ya
loe,lo
koq,kok
loe,lo
ohh,oh
yg,yang
d,di
blg,bilang
pdahal,padahal
yyaaa,ya
trs,terus
blg,bilang
lagii,lagi
klo,kalau
pdahal,padahal
insonniaaa,insomnia
udah,sudah
klo,kalau
udah,sudah
adekx,adeknya
dri,dari
liat,lihat
nihh,nih
bgtttt,banget
karna,karena
pengen,pengin
aamiin,amin
liat,lihat
azaab,azab
gk,tidak
bosen,bosan
nonton,menonton
km,kamu
jgn,jangan
gini,begini
yah,ya
ngakak,mengakak
gksi,tidak sih
ga,tidak
gw,gue
ga,tidak
gokil,gila
ko,kok
sampe,sampai
gituh,begitu
yah,ya
udh,sudah
ngakak,mengakak
aja,saja
gk,tidak
bosen,bosan
liat,lihat
emang,memang
bener,benar
bgt,banget
skrg,sekarang
aja,saja
ahhh,ah
ga,tidak
greged,greget
alamiii,alami
bgt,banget
emang,memang
pake,pakai
kenceng,kencang
sm,sama
ka,kak
pngen,pengin
bgt,banget
ktemu,ketemu
lngsung,langsung
sm,sama
ka,kak
yuuu,yuk
ga,tidak
d,di
ihh,ih
ditayangin,ditayangkan
lg,lagi
ko,kok
pake,pakai
itungan,hitungan
bgt,banget
gak,tidak
aja,saja
cantikkk,cantik
jd,jadi
"ms""",masa-masa
yg,yang
meranin,memerankan
baper,bawa perasaan
bgt,banget
dlu,dulu
nontonny,menontonnya
kaka,kakak
pake,pakai
gak,tidak
nyesel,menyesal
ka,kak
dlm,dalam
emank,memang
udh,sudah
rekomendasiiin,merekomendasikan
jd,jadi
gak,tidak
lg,lagi
bgt,banget
gemesin,menggemaskan
yg,yang
naksir,menaksir
sista2,sista-sista
agan2,agan-agan
yg,yang
pengen,pengin
ga,tidak
makasih,terima kasih
bikinin,membikin
kk,kakak
kaka,kakak
yaaaa,ya
pake,pakai
sy,saya
jg,juga
pingin,pengin
sm,sama
tpi,tapi
ngg,tidak
cntik,cantik
pake,pakai
nanget,banget
ngeditnya,mengeditnya
himana,bagaimana
ngeditnya,mengeditnya
gimana,bagaimana
waww,wow
kereen,keren
pengen,pengin
kekgini,kayak begini
yah,ya
ga,tidak
bsa,bisa
ngasih,mengasih
apa2,apa-apa
kakk,kak
kakk,kak
smoga,semoga
bgt,banget
subhanaallahh,subhanallah
sangat2,sangat-sangat
bgtt,banget
subhanalloh,subhanallah
terharuuuu,terharu
subhanalloh,subhanallah
kpn,kapan
"kata""",kata-kata
gtu,begitu
subhanallahhh,subhanallah
kpn,kapan
yaaa,ya
tlsn,tulisan
gini,begini
subhanalloh,subhanallah
nagiss,menangis
yaa,ya
kaaa,kak
aneut,banget
trrharu,terharu
skli,sekali
sllu,selalu
subhnallah,subhanallah
yng,yang
yaa,ya
allahh,allah
suamiii,suami
aminnnn,amin
aaahh,ah
dcintai,dicintai
spt,seperti
yaa,ya
smga,semoga
sll,selalu
mnjadi,menjadi
klrga,keluarga
yg,yang
liat'y,lihatnya
bngeet,banget
yaa,ya
alloh,allah
smoga,semoga
bnr2,benar-benar
smg,semoga
klian,kalian
lggeng,langgeng
trs,terus
smga,semoga
samara,sakinah mawadah rahman
romantisny,romatisnya
bgd,banget
duhhh,duh
pcar,pacar
kakanga,kakaknya
kakanya,kakaknya
udah,sudah
makasih,terima kasih
udah,sudah
lyt,lihat
bener,benar
yakk,ya
slw,selow
aja,saja
cpa,siapa
gak,tidak
yg,yang
mna,mana
emng,memang
gak,tidak
akuu,aku
ama,sama
aja,saja
gak,tidak
ngomong,mengomong
aelah,alah
msih,masih
aja,saja
nyari,mencari
idupnya,hidupnya
bner,benar
blom,belum
pakek,pakai
ngatain,mengatai
orabg,orang
ngingetin,mengingatkan
yg,yang
nyari,mencari
kaa,kak
iyha,iya
makasih,terima kasih
yha,ya
mukanyaa,mukanya
kakanya,kakaknya
jwb,jawab
kakakny,kakaknya
maluuu,malu
pnya,punya
indo,indonesia
yg,yang
jgn,jangan
dri,dari
tpi,tapi
bnyak,banyak
yg,yang
yg,yang
yg,yang
tu,itu
pakek,pakai
woooyy,woy
kw,kau
ngelucu,melucu
yoo,ya
bukak,buka
mato,mata
kw,kau
klo,kalau
emang,memang
kw,kau
yo,ya
yg,yang
kyk,kayak
kw,kau
kareno,karena
bnyak,banyak
orng,orang
cino,cina
munafikk,munafik
kw,kau
tu,itu
taik,tahi
tu,itu
yg,yang
bnyak,banyak
yg,yang
laen,lain
meker,mikir
meker,mikir
dak,indak
indoneaia,indonesia
tu,itu
dak,indak
dak,indak
nyalahin,menyalahkan
benarin,membenarkan
emang,memang
jaadii,jadi
apo,apa
nyo,nya
dak,indak
yg,yang
aja,saja
jgn,jangan
sndiri,sendiri
yg,yang
sndri,sendiri
mba,mbak
miara,memiara
pake,pakai
ngaku,mengaku
gak,tidak
mba,mbak
karna,karena
mba,mbak
jalanani,menjalani
aja,saja
gak,tidak
mba,mbak
yg,yang
mba,mbak
yg,yang
gak,tidak
mba,mbak
yg,yang
mba,mbak
sy,saya
yg,yang
yg,yang
smua,semua
dalil2,dalil-dalil
sunah2,sunah-sunah
tp,tapi
sy,saya
sm,sama
sdah,sudah
pake,pakai
lg,lagi
benda2,benda-benda
sj,saja
lg,lagi
krn,karena
bilang2,bilang-bilang
tp,tapi
gk,tidak
ngomong,mengomong
ngaca,mengaca
emangnya,memangnya
knp,kenapa
rumpiin,rumpi
ngaca,mengaca
hotak,botak
gk,tidak
yg,yang
ikut2,ikut-ikut
ngaca,mengaca
yg,yang
km,kamu
nahhh,nah
klo,kalau
yg,yang
yg,yang
jg,juga
napa,kenapa
jg,juga
jg,juga
jg,juga
yg,yang
ciptain,menciptakan
liat,lihat
mbk,mbak
org,orang
yg,yang
mba,mbak
klo,kalau
ngak,tidak
masing2,masing-masing
jawabanny,jawabannya
jgn,jangan
ngurusin,mengurusi
dech,deh
urusin,urus
aj,saja
masing2,masing-masing
aduhhh,aduh
ajj,saja
yg,yang
mikir2,memikir-mikir
klo,kalau
gk,tidak
jdi,jadi
klo,kalau
melihara,memelihara
gw,gue
tpi,tapi
gw,gue
jga,juga
sma,sama
ihh,ih
oooh,oh
lg,lagi
bru,baru
klo,kalau
liat,lihat
hidupx,hidupnya
yg,yang
skrg,sekarang
lg,lagi
aja,saja
ngefans,fan
dripda,daripada
gara2,gara-gara
ehh,eh
skrg,sekarang
gara2,gara-gara
tdk,tidak
lsg,langsung
ngefans,fan
klo,kalau
ngefans,fan
liat,lihat
uztad,ustad
gw,gue
gw,gue
anjingnyaa,anjingnya
yaa,ya
miara,memiara
pegang2,pegang-pegang
jg,juga
gpp,tidak apa-apa
tp,tapi
ilmh,ilmu
ttg,tentang
smga,semoga
sll,selalu
dlm,dalam
menasehati,menasihati
suka2,suka-suka
kelus,kali
syang,sayang
hubngan,hubungan
sma,sama
atw,atau
gak,tidak
ga,tidak
yg,yang
y,ya
jd,jadi
knpa,kenapa
gak,tidak
yg,yang
sy,saya
tp,tapi
ga,tidak
yg,yang
yg,yang
dr,dari
melihara,memelihara
apalg,apalagi
silahkan,silakan
yg,yang
yg,yang
kl,kalau
koclak,kocak
gokil,gila
gak,tidak
tuhh,tuh
mrip,mirip
bget,banget
bju,baju
tauu,tau
yaa,ya
cinggirnyaaaa,cinggirnya
bcnda,bercanda
yahhhh,ya
miripppp,mirip
ngakak,mengakak
njir,anjir
pede,percaya diri
bgt,banget
sedikitlaahh,sedikitlah
aja,saja
yaa,ya
skitar,sekitar
miriplahhhhhh,miriplah
syediih,sedih
yg,yang
bgt,banget
mirp,mirip
sihh,sih
cma,cuma
baju.a,bajunya
wiiiihhhhhhhhh,wih
gak,tidak
karna,karena
wahh,wah
bngett,banget
emng,memang
koq,kok
cmn,cuman
aj,saja
inget,ingat
aja,saja
jg,juga
sm,sama
kren,keren
ttp,tetap
gantheng,ganteng
synk,sayang
tnya,tanya
gilak,gila
gw,gue
ngfans,fan
ama,sama
miriiippp,mirip
bgt,banget
idungnya,hidungnya
miriip,mirip
wooow,wow
keliatan,kelihatan
panglingg,pangling
bgt,banget
ni,ini
artisnyaa,artisnya
dtggu,ditunggu
yah,ya
trnyata,ternyata
sm,sama
ahh,ah
bgt,banget
tehh,teh
yg,yang
kereeen,keren
bangettt,banget
bangeeettt,banget
ka,kak
bener,benar
bener,benar
bgt,banget
smpe,sampai
ga,tidak
bosen,bosan
liat,lihat
bgtttttttt,banget
ka,kak
bgt,banget
ga,tidak
rapih,rapi
yak,ya
buuun,bun
yg,yang
ayoo,ayo
iyak,iya
mba,mbak
ga,tidak
bgtttt,banget
iyaappps,iya
pake,pakai
pengen,pengin
bgt,banget
gini,begini
bgtt,banget
kmaren,kemarin
sukse,sukses
nih2,nih-nih
yg,yang
baruu,baru
yg,yang
bgt,banget
sm,sama
nyesel,menyesal
kyknya,kayaknya
kecptan,kecepatan
scra,secara
dl,dulu
blm,belum
klw,kalau
yg,yang
yah,ya
rmbutnya,rambutnya
pdhl,padahal
skr,sekarang
bnyk,banyak
giti,begitu
bgt,banget
bener2,benar-benar
penganten,pengantin
yg,yang
wrn,warna
klo,kalau
makasih,terima kasih
bgt,banget
yg,yang
ne,ini
bgt,banget
ny,nya
kluar,keluar
cantikkkkk,cantik
liat,lihat
kk,kakak
gokil,gila
ngakak,mengakak
liat,lihat
fans,fan
loksyut,lokasi syuting
amfun,ampun
ngakak,mengakak
k',kak
asuuu,asu
bgt,banget
ngakak,mengakak
trs,terus
kuu,ku
dsini,disini
ajaa,saja
yaa,ya
knp,kenapa
kmu,kamu
bsa,bisa
tp,tapi
klw,kalau
dibls,dibalas
ceklist,ceklis
terusss,terus
km,kamu
gbs,tidak bisa
d,di
tlvn,telepon
ak,aku
jg,juga
gbs,tidak bisa
trkrim,terkirim
ad,ada
yg,yang
ak,aku
omongin,omongkan
bangat,banget
ngakak,mengakak
kelaluan,kelakuan
liat,lihat
yg,yang
knp,kenapa
guanteng,ganteng
cucok,cocok
rempong,repot
c,sih
gueee,gue
udh,sudah
semangatt,semangat
yaaa,ya
haduh,aduh
mlz,malas
liat,lihat
emak2,emak-emak
ga,tidak
bngt,banget
sm,sama
tante2,tante-tante
yg,yang
yg,yang
knp,kenapa
ga,tidak
knp,kenapa
kepoh,kepo
yg,yang
jalanin,menjalani
aja,saja
ngk,tidak
repong,repot
gk,tidak
thu,itu
ngrusin,mengurusi
ma,sama
dech,deh
ma,sama
y,ya
pdhl,padahal
liat,lihat
sm,sama
dua2nya,dua-duanya
tp,tapi
ama,sama
iyaa,iya
ama,sama
yg,yang
iy,iya
sm,sama
drpd,daripada
sm,sama
knp,kenapa
hrs,harus
sm,sama
pdhl,padahal
sdh,sudah
aja,saja
dnk,dong
lg,lagi
aja,saja
msh,masih
sma,sama
sma,sama
yg,yang
mf,maaf
senyumna,senyumnya
siapaa,siapa
ama,sama
nggak,tidak
udah,sudah
ama,sama
ka,kak
sm,sama
yg,yang
yg,yang
gausah,tidak usah
ngejelek2in,menjelek-jelekkan
ka,kak
ni,ini
hotx,hotnya
aja,saja
gak,tidak
ngatur,mengatur
ngatur,mengatur
amiiiin,amin
aja,saja
yg,yang
cwnya,ceweknya
sm,sama
nyaaa,nya
inget,ingat
mbaaahhh,mbah
tetep,tetap
tdk,tidak
gitu,begitu
ak,aku
aj,saja
tdk,tidak
pasangn,pasangan
yg,yang
sttus,status
ko,kok
aama,sama
k,kak
ma,sama
ka,kak
lgi,lagi
hadeuuhhhh,aduh
nenek2,nenek-nenek
msh,masih
inget,ingat
jgn,jangan
trus,terus
lebar2,lebar-lebar
ga,tidak
ka,kak
sm,sama
sm,sama
sm,sama
dpt,dapat
yg,yang
mgkn,mungkin
sstu,sesuatu
yg,yang
sm,sama
yg,yang
trbaik,terbaik
sll,selalu
bhgia,bahagia
serasiii,serasi
ma,sama
gimana,bagaimana
gitu,begitu
emang,memang
tp,tapi
cocokx,cocoknya
jd,jadi
emakx,emaknya
bangett,banget
iniiiiiiiiiiiiiii,ini
sebenernya,sebenarnya
ajah,saja
cocookk,cocok
dr,dari
pd,pada
pengen,pengin
aj,saja
sma,sama
kll,kalau
gini,begini
cucok,cocok
bgt,banget
lahh,lah
sampe,sampai
lahhh,lah
arghhh,ah
gak,tidak
gak,tidak
sm,sama
sm,sama
aja,saja
gak,tidak
ihh,ih
kaka,kakak
yaa,ya
ungkapin,ungkapkan
udah,sudah
yaa,ya
merrid,merit
yoo,ya
emang,memang
neh,nih
cocokkkkk,cocok
bgt,banget
ma,sama
bgt,banget
ma,sama
cocokkkk,cocok
kk,kakak
lbih,lebih
ma,sama
dri,dari
it,itu
bgt,banget
sm,sama
aja,saja
yaolohh,ya allah
aee,saja
lahhh,lah
naggung,menanggung
battt,banget
aja,saja
ka,kak
lohh,loh
bangat,banget
am,sama
klo,kalau
am,sama
tah,teh
kyk,kayak
ade,adek
luthuna,lucunya
gt,begitu
ga,tidak
ttg,tentang
kek,kayak
ngakak,mengakak
liat,lihat
nyaa,nya
gakuat,tidak kuat
gini,begini
dmn,dimana
nahan,menahan
sie,sih
astagaaa,astaga
nahan,menahan
dgr,dengar
ngakak,mengakak
klo,kalau
nahan,menahan
ntar,entar
jg,juga
bsa,bisa
trnyata,ternyata
yg,yang
suaraynyaa,suaranya
gak,tidak
duanyaa,duanya
km,kamu
anjayyyy,anjay
ngakak,mengakak
gitu,begitu
bgt,banget
bgt,banget
ntar,entar
denger,dengar
gw,gue
gabisa,tidak bisa
sampe,sampai
denger,dengar
pengen,pengin
udh,sudah
gw,gue
abis,habis
lagiii,lagi
coeggg,coeg
yg,yang
kyk,kayak
ancur,hancur
koplak,kocak
uaaasssiiiik,asik
boss,bos
bsk,besok
bgtu,begitu
ihhh,ih
gemes,gemas
dehh,deh
jd,jadi
pengen,pengin
nyubit,mencubit
y,ya
ehh,eh
nyubit,mencubit
dede,adek
y,ya
gw,gue
jg,juga
gemez,gemas
ka,kak
dede,adek
dmn,dimana
mksh,terima kasih
nyaa,nya
jdi,jadi
pgen,pengin
tium,cium
gemeeezzzz,gemas
d,di
ppa,papa
jugaa,juga
haduh,aduh
nda,indak
q,ku
sm,sama
papahhhnya,papahnya
gini,begini
ga,tidak
duuuhh,duh
ato,atau
yaaa,ya
ginting,ganteng
bingiiittzz,banget
iiihh,ih
yah,ya
njir,anjir
dedeknya,adeknya
pengen,pengin
hadeeuh,aduh
geneeee,begini
yooow,ya
gemezz,gemas
yaaaa,ya
jd,jadi
pengen,pengin
nyaaa,nya
yg,yang
scr,secara
hub,hubungi
bnget,banget
y,ya
bgni,begini
gayax,gayanya
gemes,gemas
yg,yang
infpyunnnn,ampun
bangeeeet,banget
lucuuuu,lucu
paraaah,parah
papiii,papi
kamunyaa,kamunya
ngambek,mengambek
gtuu,begitu
pengen,pengin
ngets,banget
ni,ini
lgu,lagu
ap,apa
sm,sama
sm,sama
mba,mbak
donk,dong
haduuuh,aduh
kapaan,kapan
yaah,ya
kesampean,kesampaian
nginjek,menginjak
putihnyaa,putihnya
rasain,merasai
ituuuu,itu
omaaaaaaakk,oma
pengen,pengin
loncattt,loncat
dmn,dimana
pengen,pengin
ituu,itu
yg,yang
prnh,pernah
didatengin,didatangi
abg,abang
kmariiin,kemarin
looh,loh
kaan,kan
kaak,kak
ayoklaa,ayolah
kapaan,kapan
yng,yang
kmren,kemarin
ga,tidak
ga,tidak
jelasssss,jelas
km,kamu
kaliiin,kalian
bg,bang
sama2,sama-sama
bg,bang
uda,sudah
ny,nya
sama2,sama-sama
dmana,dimana
tu,itu
bg,bang
ujunggg,ujung
dlu,dulu
yukk,yuk
yukk,yuk
deket,dekat
deket,dekat
laaaah,lah
aja,saja
kaakaaaa,kakak
td,tadi
nnton,menonton
srruu,seru
ka,kak
kannn,kan
ga,tidak
jmpaaaa,jumpa
yukkk,yuk
haii,hai
kek,kayak
tp,tapi
kitaa,kita
naek,naik
kek,kayak
tu,itu
yah,ya
pgen,pengin
ndak,indak
sukaaaa,suka
syukaaakkk,suka
dengeeriin,dengarkan
sukaa,suka
njir,anjir
yakaliiiii,yakali
bgt,banget
kek,kayak
kmu,kamu
emang,memang
klo,kalau
ntar,entar
dateng,datang
kerennnn,keren
aduhhh,aduh
tohh,toh
ngerti,mengerti
atuhh,atuh
pengen,pengin
bener,benar
gak,tidak
ngertii,mengerti
d,di
nyanyiin,nyanyikan
gara2,gara-gara
dgr,dengar
nyanyiin,menyanyi
jd,jadi
bgt,banget
jg,juga
ama,sama
inii,ini
apalgi,apalagi
klo,kalau
yg,yang
nyanyiin,menyanyi
bgt,banget
akuh,aku
yg,yang
gak,tidak
senengg,senang
bgtt,banget
sm,sama
jd,jadi
ga,tidak
cocokk,cocok
ny,nya
mesrany,mesranya
knp,kenapa
ny,nya
baget,banget
ma,sama
ndak,indak
ngak,tidak
cocokkk,cocok
aja,saja
jendes,janda
ngggk,tidak
coccokk,cocok
mantapp,mantap
yaaa,ya
liat,lihat
aja,saja
ga,tidak
ga,tidak
sm,sama
udah,sudah
ngatain,mengatai
ga,tidak
tp,tapi
kasian,kasihan
mba,mbak
iiihhhhh,ih
msa,masa
ska,suka
sma,sama
jendesss,janda
yg,yang
smpe,sampai
klepek2,klepek-klepek
gak,tidak
bngtttt,banget
kek,kayak
ponakn,ponakan
sma,sama
tantee,tante
ad,ada
yg,yang
gadiss,gadis
tpy,tapi
jnda,janda
bngy,banget
sihh,sih
bujngn,bujangan
ngp,mengapa
mw,mau
sm,sama
yaa,ya
dlam,dalam
smua,semua
diluarann,diluaran
yg,yang
trbaik,terbaik
hri,hari
qt,kita
padetan,padatan
"gara""",gara-gara
pake,pakai
rekomendasiin,rekomendasikan
makasih,terima kasih
aja,saja
udah,sudah
yg,yang
msh,masih
sm,sama
jgn,jangan
bawa2,bawa-bawa
knp,kenapa
yg,yang
dapetin,mendapatkan
udh,sudah
bnyak,banyak
ko,kok
nyobain,mencoba
ngerti,mengerti
pcaran,pacaran
gajelas,tidak jelas
kya,kaya
sma,sama
kalii,kali
aja,saja
gak,tidak
gak,tidak
ngomong,mengomong
bgt,banget
gak,tidak
bgt,banget
yg,yang
emang,memang
ny,nya
klian,kalian
mreka,mereka
klian,kalian
jd,jadi
trus,terus
trus,terus
klian,kalian
klian,kalian
pcaran,pacaran
dgn,dengan
or,orang
yg,yang
tdak,tidak
prcuma,percuma
klian,kalian
koment,komentar
dpt,dapat
gak,tidak
emng,memang
ny,nya
klian,kalian
coment,komentar
dpt,dapat
dr,dari
sma,sama
"nenek""",nenek-nenek
bgt,banget
ihh,ih
ga,tidak
mbk,mbak
mbaaa,mbak
aja,saja
langgengggg,langgeng
tp,tapi
tp,tapi
gak,tidak
g,tidak
sekaliiiii,sekali
baper,bawa perasaan
gak,tidak
emang,memang
tp,tapi
serem,seram
jg,juga
tp,tapi
yg,yang
ngomong,mengomong
aja,saja
gak,tidak
mikirin,memikirkan
"kata""",kata-kata
anehhh,aneh
udah,sudah
digituin,dibegitukan
yaa,ya
ngomong,mengomong
bkn,bukan
d,di
mreka,mereka
hayal,khayal
yg,yang
ga,tidak
emg,memang
ga,tidak
boong,bohong
beneran,benaran
inget,ingat
bedua,berdua
inget,ingat
ama,sama
cocokk,cocok
liat,lihat
lgi,lagi
gitu,begitu
yaah,ya
ga,tidak
aja,saja
bapeerr,bawa perasaan
nyaa,nya
liat,lihat
lagu2,lagu-lagu
mbk,mbak
keinget,teringat
wihhh,wih
kerenn,keren
merekak,mereka
aja,saja
udah,sudah
mrk,mereka
kek,kayak
yg,yang
lucuuu,lucu
kreeenn,keren
abisss,habis
bnget,banget
kaka,kakak
lucuuu,lucu
kerennnnn,keren
kocaaaakkk,kocak
abiiiss,habis
nyadar,menyadar
pass,pas
lahh,lah
personill,personil
lengkapp,lengkap
ampuuun,ampun
ngakak,mengakak
bangett,banget
kk,kakak
iiihhhh,ih
kyk,kayak
gini,begini
gokil,gila
flim.a,filmnya
trusan.a,terusannya
kcantikan,kecantikan
dh,dah
pkai,pakai
tdung,tudung
wktu,waktu
blm,belum
pake,pakai
smg,semoga
bgt,banget
nonton,menonton
bgt,banget
yg,yang
slalu,selalu
gangguin,mengganggu
tp,tapi
slalu,selalu
pgn,pengin
nonton,menonton
gk,tidak
y,ya
yg,yang
d,di
dri,dari
lgi,lagi
da,ada
gak,tidak
pake,pakai
bgt,banget
yg,yang
gak,tidak
pake,pakai
mbk,mbak
lgkah2,langkah-langkah
skrg,sekarang
tu,itu
gmana,bagaimana
mbk,mbak
taw,tau
kta,kita
cntiiikkk,cantik
udah,sudah
gak,tidak
pengen,pengin
nonton,menonton
liat,lihat
yg,yang
tegaar,tegar
nihhh,nih
smpe,sampai
sktlrang,sekarang
msih,masih
bget,banget
kangeeeennnnn,kangen
slalu,selalu
nangiss,menangis
klo,kalau
nonton,menonton
kaa,kak
sjk,sejak
sya,saya
tambh,tambah
yg,yang
nangiis,menangis
teruss,terus
maen,main
bgt,banget
cantikkkkkkkk,cantik
nyaaaaaaaaa,nya
kaa,kak
sbgai,sebagai
bundaa,bunda
gueee,gue
duuhhhhh,duh
kangeenn,kangen
sm,sama
kyk,kayak
gaada,tidak ada
kerjaan,pekerjaan
yg,yang
ngucapin,mengucapkan
yg,yang
bgt,banget
bkn,bukan
klo,kalau
gk,tidak
kmu,kamu
klo,kalau
kmu,kamu
yaaa,ya
malsudnya,maksudnya
kyak,kayak
lluuccuu,lucu
siappa,siapa
martabakk,martabak
tuhh,tuh
tuhh,tuh
akuu,aku
jgn,jangan
bgt,banget
skali2,sekali-kali
yg,yang
kueren2,keren-keren
gini,begini
jgn,jangan
abgnya,abangnya
bgt,banget
muke,muka
gk,tidak
nii,ini
bangettt,banget
kek,kayak
gini,begini
gile,gila
inget,ingat
ngomong,mengomong
yg,yang
jd,jadi
dapet,dapat
warkop,warung kopi
nggak,tidak
hayuu,hayo
kenapaa,kenapa
ilang2an,hilang-hilangan
gitu,begitu
liat,lihat
aja,saja
ayooook,ayo
astagaaaaaaaa,astaga
bener2,benar-benar
nonton,menonton
inihhh,ini
bgt,banget
ama,sama
klw,kalau
oom,om
g,tidak
ak,aku
kek,kayak
mansetan,bermanset
cmn,cuman
keliatan,kelihatan
bgt,banget
yg,yang
meranin,memerankan
cadasss,cadas
kereeeeennn,keren
"temen""",teman-teman
tp,tapi
telefisi,televisi
yg,yang
jd,jadi
tu,itu
jd,jadi
kgak,kagak
nikmatin,menikmati
nonton,menonton
mantappp,mantap
mbahh,mbah
lbh,lebih
dr,dari
udah,sudah
unyuu,unyu
giitu,begitu
lucuuuuu,lucu
ngilang,menghilang
mtanya,matanya
ga,tidak
kliatan,kelihatan
cpit,sipit
bgt,banget
dee,dek
gak,tidak
brp,berapa
iyaa,iya
bgt,banget
sumvahh,sumpah
bnyak,banyak
bnyak,banyak
cewe,cewek
ngantri,mengantri
engga,tidak
tamvann,tampan
gils,gila
udah,sudah
bgt,banget
yah,ya
km,kamu
yap,ya
bgt,banget
ko,kok
gantengg,ganteng
si,sih
ngakak,mengakak
guaaaaaaa,gua
kerennn,keren
ngakak,mengakak
tuuu,itu
capa,sapa
ngakakkk,mengakak
bgt,banget
liaat,lihat
gantweng,ganteng
ngakak,mengakak
anjjjjjjjj,anjing
bgttt,banget
bgt,banget
tp,tapi
lohhhh,loh
gakwad,tidak kuat
yg,yang
ngakak,mengakak
gw,gue
pengen,pengin
yg,yang
bngt,banget
bs,bisa
seru2,seru-seru
ga,tidak
ngakak,mengakak
iniii,ini
favoriteeee,favorit
bat,banget
udah,sudah
liat,lihat
lg,lagi
adaa,ada
bat,banget
yak,ya
makasih,terima kasih
q,ku
smp,sampai
nangis,menangis
dinyanyiin,dinyanyikan
donk,dong
yg,yang
seruu,seru
nyengir,menyengir
temennya,temannya
bnr,benar
kgn,kangen
smg,semoga
klk,kelak
klian,kalian
brjdh,berjodoh
akhrt,akhirat
kangennnnn,kangen
bgtt,banget
sma,sama
yg,yang
kyk,kayak
gini,begini
kngen,kangen
aja,saja
kangennnn,kangen
kaka,kakak
kngenn,kangen
kangeenn,kangen
kanggen,kangen
sampe,sampai
kangennn,kangen
kangennnnnnn,kangen
udah,sudah
ysh,ya
sm,sama
sypa,siapa
yg,yang
belain,membela
kmu,kamu
kmu,kamu
"bner""",benar-benar
aj,saja
kangeen,kangen
yg,yang
kmi,kami
klo,kalau
mreka,mereka
aminn,amin
orang2,orang-orang
aminn,amin
nangisss,menangis
abg,abang
smoga,semoga
brjodoh,berjodoh
y,ya
kangenn,kangen
kaliann,kalian
yg,yang
barengg,bareng
yg,yang
yg,yang
krna,karena
smpai,sampai
kpnpun,kapanpun
jugaa,juga
mendj,menjadi
aminnn,amin
allahhhh,allah
yah,ya
jd,jadi
pengen,pengin
pake,pakai
merindinggg,merinding
liat,lihat
yg,yang
bhgia,bahagia
amiennnn,amien
pinter,pintar
bgt,banget
iihh,ih
gitu,begitu
pinter,pintar
kpan,kapan
lhir,lahir
udeh,sudah
smoga,semoga
menjdi,menjadi
ank,anak
yg,yang
y,ya
kk,kakak
bngett,banget
debay,adek bayi
bangeer,banget
lafazd,lafaz
skrng,sekarang
jg,juga
pmbyran,pembayaran
plsa,pulsa
ga,tidak
udh,sudah
"dimana""",dimana-mana
adaa,ada
yaa,ya
trs,terus
sokk,sok
yg,yang
km,kamu
tp,tapi
ngambekan,ambekan
sma,sama
ngeliat,melihat
hub,hubungan
sma2,sama-sama
ngom,mengomong
q,ku
siapaa,siapa
toloollll,tolol
yg,yang
siapaa,siapa
tauu,tau
bodhooo,bodoh
peliharaaaa,pelihara
kmu,kamu
yaa,ya
sampe,sampai
kek,kayak
makanyaa,makanya
klo,kalau
ngom,mengomong
"ati""",hati-hati
kemakan,termakan
bodhoo,bodoh
siihhh,sih
pura2,pura-pura
ga,tidak
mksd,maksud
sm,sama
aq,aku
andaaa,anda
padahall,padahal
buktinyaaa,buktinya
smuaaa,semua
aq,aku
yg,yang
pinter,pintar
doank,doang
lg,lagi
ngambeknya,mengambeknya
gara2,gara-gara
loksyut,lokasi syuting
tar,entar
lama2,lama-lama
kebongkar,terbongkar
ohh,oh
gtu,begitu
yaa,ya
kmu,kamu
ohh,oh
kerjaan,pekerjaan
kmu,kamu
yaa,ya
"artis""",artis-artis
tapii,tapi
kasiian,kasihan
gk,tidak
adaa,ada
yg,yang
kmu,kamu
km,kamu
ga,tidak
ngikutin,mengikuti
aq,aku
trs,terus
gk,tidak
diladenin,diladeni
comen,komen
ngtif,negatif
jgn,jangan
comntr,komentar
dg,dengan
kaliannn,kalian
sgt,sangat
brdiri,berdiri
syg,sayang
gt,begitu
bgtttt,banget
knp,kenapa
ga,tidak
blg,bilang
sma,sama
karna,karena
lbh,lebih
yg,yang
nyari,mencari
sgt,sangat
bgt,banget
karna,karena
mreka,mereka
tpi,tapi
gk,tidak
uda,sudah
aja,saja
skrg,sekarang
lg,lagi
deket,dekat
sma,sama
pda,pada
mulutny,mulutnya
yg,yang
lucu2,lucu-lucu
msalah,masalah
dlu,dulu
y,ya
trserh,terserah
yg,yang
pnting,penting
skrg,sekarang
smua,semua
udh,sudah
sprti,seperti
gmn,bagaimana
waduuuuh,waduh
yg,yang
smpai,sampai
yg,yang
ngedukung,mendukung
yach,ya
yg,yang
aja,saja
foto2,foto-foto
ilang,hilang
msh,masih
blm,belum
klo,kalau
uda,sudah
udh,sudah
msh,masih
ni,ini
aja,saja
ga,tidak
dihpus,dihapus
ni,ini
yg,yang
jd,jadi
bwt,buat
mrekaa,mereka
tauu,tau
gaje,tidak jelas
ngurusin,mengurusi
cakeeeeppp,cakep
benerr,benar
"brg""",bareng-bareng
baanget,banget
anjaaaayyyyyy,anjay
ni,ini
ingt,ingat
lgu,lagu
ngetsz,banget
yg,yang
kemaren,kemarin
utkmu,untukmu
yg,yang
dlm,dalam
yah,ya
tetep,tetap
anj,anjing
merekaa,mereka
belain,membela
kann,kan
dieee,dia
yaahh,ya
gini,begini
klo,kalau
bgt,banget
alloh,allah
yg,yang
hijap,hijab
smua,semua
dri,dari
pd,pada
ngurusin,mengurusi
org,orang
hijap,hijab
ternodain,ternodai
suka2,suka-suka
x,kali
wadaaw,waduh
komen2,komen-komen
ngeri2,ngeri-ngeri
yg,yang
km,kamu
mn,mana
yg,yang
bnr,benar
mn,mana
yg,yang
slh,salah
tp,tapi
kt2,kata-kata
yg,yang
pd,pada
agk,agak
tdk,tidak
bgs,bagus
tdk,tidak
tp,tapi
skli,sekali
lg,lagi
tlg,tolong
slhkan,salahkan
jilbabny,jilbabnya
tp,tapi
slhkan,salahkan
perilakuny,perilakunya
bkn,bukan
dr,dari
ketaatanny,ketaatannya
kepda,kepada
sblmny,sebelumnya
bljr,belajar
jd,jadi
pedulilaaaah,pedulilah
ingetin,mengingatkan
ga,tidak
terjrumus,terjerumus
dlm,dalam
karna,karena
yg,yang
kek,kayak
gini,begini
stuju,setuju
bnyak,banyak
yg,yang
temen,teman
yg,yang
gitu,begitu
sebenernya,sebenarnya
aja,saja
yg,yang
sbb,sebab
tp,tapi
aq,aku
lg,lagi
dlu,dulu
tp,tapi
igtlah,ingatlah
dtgkan,datangkan
tp,tapi
aq,aku
smoga,semoga
sperti,seperti
dlu,dulu
aq,aku
yg,yang
dlu,dulu
aq,aku
kpd,kepada
smg,semoga
org,orang
ga,tidak
ngerti,mengerti
kasi,kasih
aja,saja
trus,terus
dy,dia
berhijap,berhijab
ngk,tidak
dy,dia
emang,memang
udh,sudah
bener,benar
knp,kenapa
dy,dia
yg,yang
bnyk,banyak
gk,tidak
org,orang
jgn,jangan
dri,dari
benahin,membenahi
ngomong,mengomong
ga,tidak
temen,teman
yg,yang
ga,tidak
krn,karena
ga,tidak
bener,benar
kasi,kasih
kmu,kamu
yg,yang
lg,lagi
ngerti,mengerti
krn,karena
ohhhh,oh
yg,yang
tp,tapi
gk,tidak
bener,benar
org,orang
yapp,ya
yg,yang
udah,sudah
ga,tidak
emang,memang
tp,tapi
kn,kan
aja,saja
jauhh,jauh
bingitt,banget
klw,kalau
trims,terima kasih
yg,yang
buka2an,buka-bukaan
stiap,setiap
pst,pasti
liat,lihat
tp,tapi
ga,tidak
org,orang
pst,pasti
dy,dia
ato,atau
tdk,tidak
ngembali,kembali
pake,pakai
donk,dong
stiap,setiap
pst,pasti
liat,lihat
sp,sapa
yg,yang
bilng,bilang
lg,lagi
kerennn,keren
nyangka,menyangka
trs,terus
yaa,ya
semngat,semangat
amiin,amin
mw,mau
pengen,pengin
kk,kakak
lekong,laki
bgt,banget
kmu,kamu
g,tidak
kacauuuu,kacau
ngimpi,mimpi
yaa,ya
owh,oh
ad,ada
d,di
gk,tidak
d,di
ni,ini
org,orang
gak,tidak
y,ya
yah,ya
udah,sudah
ngerampas,merampas
syg,sayang
lg,lagi
sm,sama
elu,lu
udah,sudah
ngehancurin,menghancurkan
y,ya
skrg,sekarang
ngungkit2,mengungkit-ungkit
g,tidak
mlu,malu
org,orang
gw,gue
g,tidak
slah,salah
mba,mbak
yg,yang
gak,tidak
nyadar,menyadar
kaleee,kali
dmn,dimana
sbg,sebagai
d,di
sm,sama
tp,tapi
y,ya
qm,kamu
sm,sama
sndiri,sendiri
gak,tidak
laki2,laki-laki
laen,lain
aja,saja
mksd,maksud
bingit,banget
caranga,caranya
yg,yang
ga,tidak
usa,usah
dipikirin,dipikirkan
yg,yang
mreka,mereka
yg,yang
uda,sudah
yg,yang
tp,tapi
cantikk,cantik
lg,lagi
nunduk,menunduk
ny,nya
y,ya
trus,terus
g,tidak
kyk,kayak
tembemmm,tembem
lucuuuuuuuuuu,lucu
bundaaa,bunda
pngn,pengin
nyubitt,mencubit
hay,hai
yg,yang
jls2,jelas-jelas
supeer,super
sampe,sampai
sekrang,sekarang
"bener""",benar-benar
bgt,banget
mksh,terima kasih
udah,sudah
ksh,kasih
jd,jadi
gak,tidak
mksh,terima kasih
yg,yang
inginkn,inginkan
brsma,bersama
laki2,laki-laki
yg,yang
ninggalin,meninggalkan
nyesel,menyesal
ampe,sampai
pst,pasti
inni,ini
appa,apa
blm,belum
hayooo,hayo
ttp,tetap
adyem,adem
kluar,keluar
yg,yang
mitnah,memfitnah
gk,tidak
lgsg,langsung
cantiknyaaaaa,cantiknya
ajah,saja
nie,nih
tmbm,tembam
tpi,tapi
ttp,tetap
cntik,cantik
cantix,cantik
z,saja
seger,segar
bnyk,banyak
c,sih
yg,yang
kriput,keriput
g,tidak
jelex,jelek
g,tidak
ngurus,mengurus
drmn,darimana
"laku""",laku-laku
yg,yang
"orang""nya",orang-orangnya
jg,juga
pd,pada
kacian,kasihan
ngak,tidak
diladenin,diladeni
tar,entar
yg,yang
cape,capek
jg,juga
mancing2,memancing-mancing
aja,saja
pake,pakai
diem,diam
tetep,tetap
ak,aku
d,di
gituin,begitukan
lg,lagi
pdahal,padahal
bgt,banget
lupain,melupakan
d,di
bgt,banget
klo,kalau
inget,ingat
lg,lagi
eeeeh,eh
"bner""",benar-benar
ngingetin,mengingatkan
k,ke
tp,tapi
ajja,saja
sperti,seperti
dlu,dulu
jngan,jangan
kpancing,terpancing
lakuin,melakukan
gtu,begitu
cma,cuma
cri,cari
sbenernya,sebenarnya
bkin,bikin
yg,yang
gk,tidak
bgt,banget
klo,kalau
mh,mah
ga,tidak
yg,yang
bnr2,benar-benar
ksih,kasih
cma,cuma
gw,gue
yg,yang
ngerasa,merasa
cantiiik,cantik
mikirinnn,memikirkan
tetep,tetap
yg,yang
syang,sayang
mf,maaf
y,ya
mb,mbak
gak,tidak
w,gue
klo,kalau
bnr,benar
dgn,dengan
"diam""",diam-diam
bw,bawa
pst,pasti
ni,ini
klo,kalau
sampe,sampai
k,ke
akn,akan
mengalahkn,mengalahkan
yg,yang
lg,lagi
skrg,sekarang
jd,jadi
lg,lagi
yaa,ya
iyaa,iya
nyindirin,menyindir
trus,terus
ngambek,mengambek
nee,ini
ndak,indak
smua,semua
temen2,teman-teman
klakuan,kelakuan
tp,tapi
merka,mereka
ga,tidak
ngomong,mengomong
atw,atau
temen,teman
yg,yang
gak,tidak
dgn,dengan
tp,tapi
klo,kalau
dgn,dengan
cm,cuma
aja,saja
msh,masih
byk,banyak
temen,teman
yg,yang
laen,lain
mksdx,maksudnya
shabat,sahabat
yg,yang
jk,jika
brbuat,berbuat
slh,salah
tp,tapi
kl,kalau
sm2,sama-sama
mmberi,memberi
nm,nama
bkn,bukan
sbhabat,sahabat
tp,tapi
pnjerumus,penjerumus
hrs,harus
bs,bisa
bedain,membedakan
mn,mana
yg,yang
tman,teman
shbat,sahabat
dgn,dengan
melakukn,melakukan
mksud,maksud
sya,saya
percya,percaya
yg,yang
seorg,seorang
berkluarga,berkeluarga
seneng,senang
kn,kan
klo,kalau
liat,lihat
rmh,rumah
klian,kalian
dlm,dalam
siapa2,siapa-siapa
yg,yang
fto,foto
ketipu,tertipu
"laki""",laki-laki
gak,tidak
sempet,sempat
yg,yang
mengait2kan,mengait-ngaitkan
taik,tahi
nyir2,nyinyir
gosipin,menggosipkan
org,orang
gk,tidak
trbukti,terbukti
yg,yang
nie,ini
mudah2an,mudah-mudahan
dpt,dapat
tai,tahi
yg,yang
tdk,tidak
dgn,dengan
jgn,jangan
d,di
sllu,selalu
kya,kaya
sendri,sendiri
ttp,tetap
bener,benar
bgt,banget
bntar,bentar
lg,lagi
jg,juga
cepet,cepat
kebongkar,terbongkar
km,kamu
kmu,kamu
bnget,banget
duuuhhh,duh
bgt,banget
cwe,cewek
nmbk,menembak
cwo,cowok
gw,gue
dengerin,dengarkan
gitu,begitu
gakkk,tidak
yg,yang
nyanyiin,menyanyikan
ahh,ah
yaa,ya
tuch,tuh
ampunnnnn,ampun
gokil,gila
abiiiiisssss,habis
tp,tapi
jga,juga
syg,sayang
tikung2,tikung-tikung
ntar,entar
ma,sama
cwok,cowok
cantikk,cantik
bangedd,banget
wuastagah,astaga
bedaaa,beda
jaoooh,jauh
mateeeeeeeeeeee,mati
parsis,persis
dg,dengan
jngn,jangan
sumpeh,sumpah
kk,kakak
jg,juga
yaa,ya
emang,memang
byk,banyak
yg,yang
kek,kayak
bener,benar
yak,ya
bgt,banget
donk,dong
jd,jadi
iyh,iya
k,kak
kmana,kemana
ga,tidak
tetep,tetap
aja,saja
elo,lo
kyk,kayak
skali,sekali
ibuk2,ibu-ibu
cantiqs,cantik
bangetttttttt,banget
gemes,gemas
kecik,kecil
smpai,sampai
nggak,tidak
tp,tapi
tetep,tetap
yg,yang
ga,tidak
tetehh,teteh
brasa,berasa
dr,dari
udh,sudah
bgt,banget
ga,tidak
krn,karena
udah,sudah
benar2,benar-benar
yg,yang
trlihat,terlihat
bhw,bahwa
mmberikan,memberikan
utk,untuk
dn,dan
dlm,dalam
khidupan,kehidupan
kluarga,keluarga
bnget,banget
jdi,jadi
srpti,seperti
yg,yang
dinamakn,dinamakan
org,orang
yg,yang
pst,pasti
seneng,senang
bgt,banget
liatnya,lihatnya
yg,yang
ja,saja
gak,tidak
ma,sama
pdahal,padahal
org,orang
mlu,melulu
sgtu,sebegitu
yg,yang
paati,pasti
th,tahu
yg,yang
jg,juga
kluarga,keluarga
jng,jangan
kutuu,kutu
setelur2nya,setelur-telurnya
yg,yang
bgt,banget
kl,kalau
kluarga,keluarga
ni,ini
seneng,senang
bgt,banget
dech,deh
seneng,senang
bgt,banget
liatnya,lihatnya
ak,aku
yg,yang
khadiran,kehadiran
dlm,dalam
kel,keluarga
dg,dengan
srta,serta
d,di
tmbah,tambah
kcil,kecil
cntik,cantik
mmberi,memberi
kberkahn,keberkahan
kbahagiaan,kebahagiaan
smoga,semoga
tntram,tentram
brsama,bersama
kel,keluarga
hngga,hingga
kl,kalau
ad,ada
yg,yang
brpndapat,berpendapat
mnilai,menilai
trutama,terutama
jgn,jangan
d,di
hiraukn,hiraukan
diamkn,diamkan
sj,saja
hrsny,harusny
mreka,mereka
brsyukur,bersyukur
in,ini
mmberikn,memberikan
utk,untuk
d,di
rasakn,rasakan
d,di
utk,untuk
cari2,cari-cari
kesalahanny,kesalahannya
kekuranganny,kekurangannya
seandainy,seandainya
yg,yang
sdh,sudah
it,itu
trutama,terutama
tiba2,tiba-tiba
matany,matanya
krn,karena
perasaanny,perasaannya
gak,tidak
milih,memilih
sukak,suka
bgt,banget
liat,lihat
mmg,memang
gk,tidak
slh,salah
yaa,ya
dede,adek
yg,yang
diindonesis,diindonesia
seneng,senang
liyatnya,lihatnya
kayahhh,kaya
yg,yang
beneran,benaran
tu,itu
org,orang
tai,tahi
gw,gue
hrs,harus
ala2,ala-ala
ala2,ala-ala
indo,indonesia
kk,kakak
nonton,menonton
yook,yuk
yoookkkk,yuk
siihh,sih
elus2,elus-elus
asliiiii,asli
nonton,menonton
aduuhhhh,aduh
baper,bawa perasaan
yha,ya
yg,yang
engga,tidak
ampuuun,ampun
yg,yang
ngatain,mengatai
belom,belum
ngaca,mengaca
ngomong,mengomong
diajarin,diajari
bgt,banget
yg,yang
ngatain,mengatai
dengerin,mendengarkan
gk,tidak
sampe,sampai
yaaa,ya
liat,lihat
ngehina,menghina
gini,begini
lucu2,lucu-lucu
ngatain,mengatai
d,di
rmh,rumah
ga,tidak
bgt,banget
ngatain,mengatai
ga,tidak
padahl,padahal
knp,kenapa
kasian,kasihan
ga,tidak
doank,doang
tpi,tapi
kasian,kasihan
udahlah,sudahlah
bgt,banget
jelekin,menjelekkan
org,orang
org,orang
yg,yang
ngatain,mengatai
kek,kayak
gitu,begitu
nggak,tidak
ngaca,mengaca
dikatain,dikatai
kek,kayak
org,orang
ngatain,mengatai
org,orang
btul,betul
tu,itu
mrk,mereka
gimana,bagaimana
ga,tidak
d,di
sekolahin,sekolahkan
astagaaaa,astaga
ank,anak
gak,tidak
ortu,orang tua
"kecil""",kecil-kecil
da,dah
jd,jadi
jgn,jangan
karna,karena
klo,kalau
dr,dari
donk,dong
yg,yang
"keren""",keren-keren
ngomongnya,mengomongnya
engga,tidak
kejahatn,kejahatan
bhwa,bahwa
slam,salam
ngatain,mengatai
ngelewati,melewati
gak,tidak
yaaaa,ya
kalu,kalau
kalu,kalau
jngan,jangan
ngerendahin,merendahkan
nyalahin,menyalahkan
apaalahh,apalah
gak,tidak
ngerasa,merasa
ga,tidak
d,di
klo,kalau
tnp,tanpa
menyebut2,menyebut-nyebut
hny,hanya
sm,sama
tp,tapi
jg,juga
ap,apa
yg,yang
sy,saya
tdk,tidak
klo,kalau
d,di
d,di
sbg,sebagai
ortu,orang tua
hrus,harus
jgn,jangan
yg,yang
slh,salah
klo,kalau
bgtu,begitu
ga,tidak
yg,yang
bener,benar
yg,yang
slh,salah
yg,yang
kmu,kamu
gak,tidak
nyangka,menyangka
kmu,kamu
udah,sudah
jngan,jangan
sy,saya
kmrn,kemarin
na,nya
bkn,bukan
utk,untuk
tp,tapi
utk,untuk
yg,yang
d,di
lg,lagi
yg,yang
mnt,minta
sprti,seperti
sm,sama
kiya,kita
aja,saja
gak,tidak
ngaca,mengaca
gak,tidak
yah,ya
smpe,sampai
ga,tidak
yg,yang
sampe,sampai
bgt,banget
ga,tidak
miriiiiip,mirip
dirimuuu,dirimu
yg,yang
udh,sudah
cantiik,cantik
aamiin,amin
pake,pakai
gini,begini
amiiiiinnn,amin
bsk,besok
diginiin,dibeginikan
gini,begini
yaah,ya
yoiiu,yoi
yaaa,ya
semuanyaaaa,semuanya
tp,tapi
yaa,ya
smg,semoga
cpt,cepat
nyusul,menyusul
yah,ya
artis2,artis-artis
yg,yang
suka.a,sukanya
jdii,jadi
ikut2an,ikut-ikutan
ni,nih
blnja,belanja
d,di
fto,foto
sma,sama
brangnya,barangnya
"sama""",sama-sama
bgus,bagus
jga,juga
bgs,bagus
bngt,banget
hdp,hidup
kk,kakak
lw,kalau
ada2,ada-ada
aja,saja
yg,yang
nimpuk,menimpuk
ga,tidak
gara2,gara-gara
rekomendasiin,merekomendasikan
abiss,habis
temennya,temannya
gk,tidak
tp,tapi
tdk,tidak
prlu,perlu
lg,lagi
karna,karena
yaa,ya
gw,gue
coyyy,coy
gk,tidak
tdk,tidak
prlu,perlu
lg,lagi
suaranyaa,suaranya
denger,dengar
bgt,banget
jgn,jangan
yg,yang
bener,benar
udh,sudah
ngurusin,mengurusi
hdup,hidup
org,orang
aja,saja
yg,yang
baik2,baik-baik
klo,kalau
belain,membela
krn,karena
kluarga,keluarga
yg,yang
aja,saja
jalanin,menjalani
hdup,hidup
gk,tidak
d,di
yg,yang
jnagn,jangan
tar,entar
gw,gue
sma,sama
tp,tapi
gara2,gara-gara
gw,gue
kcwa,kecewa
udah,sudah
yg,yang
bgt,banget
skrg,sekarang
jaman2,jaman-jaman
sm,sama
dlu,dulu
sok2an,sok-sokan
dket2in,dekat-dekati
jd,jadi
cobak,coba
dehh,deh
psti,pasti
msh,masih
britanya,beritanya
ehhh,eh
ilang,hilang
tau2,tau-tau
pcrn,pacaran
sm,sama
trs,terus
mahh,mah
emg,memang
g,tidak
tetep,tetap
ngatain,mengatai
sii,sih
yg,yang
trlalu,terlalu
sbg,sebagai
jamam,jaman
skrg,sekarang
org,orang
yg,yang
org,orang
yg,yang
gini,begini
yaaa,ya
utk,untuk
tetep,tetap
yaa,ya
dengerin,mendengarkan
aja,saja
yg,yang
sma,sama
yg,yang
ngga,tidak
ngebela,membela
siapa2,siapa-siapa
kog,kok
paraa,para
seharusny,seharusnya
berfikir,berpikir
dasaar,dasar
ngk,tidak
bergunaa,berguna
mulutnyaaa,mulutnya
pnya,punya
tmen,teman
ko,kok
pda,pada
nusuk,menusuk
dr,dari
blkng,belakang
udah,sudah
nyindir,menyindir
ama,sama
tp,tapi
aja,saja
ama,sama
s,si
pd,pada
kcewa,kecewa
lucuk,lucu
jd,jadi
gk,tidak
gak,tidak
mnusuk,menusuk
dri,dari
blkang,belakang
tp,tapi
emang,memang
lgsg,langsung
jd,jadi
syp,siapa
yg,yang
muna,munafik
sukak,suka
ma,sama
skrg,sekarang
gak,tidak
gr2,gara-gara
nembak,menembak
dri,dari
blkng,belakang
aja,saja
yg,yang
trmanis,termanis
y,ya
krng,kurang
mksh,terima kasih
nembak,menembak
kaciiaann,kasihan
uda,sudah
sok2an,sok-sokan
nyela,mencela
org,orang
sndiri,sendiri
bgt,banget
nyindir,menyindir
jgn,jangan
pake,pakai
gtu,begitu
keles,kali
lg,lagi
temen,teman
ga,tidak
bener,benar
belain,membela
inget,ingat
ngomong,mengomong
ngejilat,menjilat
ga,tidak
yaah,ya
gtu,begitu
yak,ya
gk,tidak
inget,ingat
yg,yang
sm,sama
gimana,bagaimana
jgn,jangan
donk,dong
ntar,entar
y,ya
sy,saya
bs,bisa
yg,yang
ny,nya
hallooo,halo
deketin,dekati
baget,banget
hy,hai
kk,kakak
km,kamu
hallooo,halo
tayik,tahi
ga,tidak
liat,lihat
halooo,halo
ustzah,ustazah
klo,kalau
halow,halo
jga,juga
yg,yang
mn,mana
poooolllll,pol
cantik2,cantik-cantik
tahannn,tahan
cuantik,cantik
bgt,banget
ga,tidak
bngt,banget
klo,kalau
liat,lihat
kmu,kamu
kyk,kayak
bgni,begini
aduhh,aduh
bangetttt,banget
jt,juta
yg,yang
ga,tidak
prlu,perlu
pke,pakai
aduuh,aduh
gak,tidak
tp,tapi
bs,bisa
cm,cuma
klo,kalau
jg,juga
utk,untuk
nyimpen,menyimpan
ngarsipin,mengarsipkan
emang,memang
cman,cuman
ehh,eh
nyaranin,menyarankan
pingin,pengin
parahh,parah
gituuuuu,begitu
ad,ada
bsa,bisa
kyy,kaya
gitu,begitu
y,ya
kk,kakak
kangenn,kangen
bangett,banget
kgn,kangen
bgtttt,banget
kangenn,kangen
yaa,ya
kngn,kangen
bgt,banget
yg,yang
dlu,dulu
kq,kok
skrg,sekarang
yg,yang
udh,sudah
bgt,banget
sma,sama
nyesek,menyesak
pngn,pengin
dlu,dulu
kangeen,kangen
liat,lihat
yg,yang
bkn,bukan
rinduuuuuuu,rindu
kangennnn,kangen
kangenn,kangen
b2,berdua
bgini,begini
lucuuu,lucu
bgt,banget
kangeeeennn,kangen
sm,sama
klian,kalian
mg,moga
bsok,besok
bgus,bagus
bs,bisa
jd,jadi
aamiiiiinnn,amin
gemezzzz,gemas
bgt,banget
mang,memang
ber2,berdua
kangennnnnn,kangen
kangennn,kangen
bgt,banget
klian,kalian
prh,parah
jg,juga
y,ya
bakattt,bakat
pinter,pintar
bgt,banget
bet,banget
napsuu,napsu
bgt,banget
lucuuu,lucu
gak,tidak
mauu,mau
gemesin,menggemaskan
gmau,tidak mau
luccu,lucu
ehh,eh
ngeselin,mengesalkan
prasaan,perasaan
gmna,bagaimana
gak,tidak
lahirr,lahir
karna,karena
aq,aku
aq,aku
kyknya,kayaknya
g,tidak
jelekin,menjelekkan
ngingetin,mengingatkan
klo,kalau
jd,jadi
yg,yang
ma,sama
setujuuuu,setuju
jd,jadi
sering2,sering-sering
tuk,untuk
org,orang
klo,kalau
org,orang
dlu,dulu
g,tidak
mantappp,mantap
bnr,benar
ceemen,cemen
bgtt,banget
ga,tidak
nyindir,menyindir
ngakak,mengakak
bc,baca
bener,benar
"sembunyi""""",sembunyi-sembunyi
dn,dan
yg,yang
dri,dari
yg,yang
utk,untuk
dri,dari
skrnh,sekarang
cerdiik,cerdik
jg,juga
jeniuss,jenius
sipp,sip
kurangin,kurangi
bener,benar
bangettt,banget
neh,nih
mkin,makin
aja,saja
k,kak
mkin,makin
kreen,keren
bsa,bisa
ank,anak
yah,ya
s'lalu,selalu
met,selamat
met,selamat
bingitt,banget
mauuuuuu,mau
gak,tidak
blh,boleh
mintk,minta
gk,tidak
kya,kaya
nyolong,mencolong
km,kamu
emg,memang
donk,dong
sllu,selalu
pnjng,panjang
psti,pasti
slaluuuuu,selalu
kanggggg,kang
smoga,semoga
smoga,semoga
d,di
rezeqinya,rezekinya
pintr,pintar
ank,anak
dekk,dek
aq,aku
maw,mau
ngakak,mengakak
njirr,anjir
jdi,jadi
kura2,kura-kura
jdi,jadi
edaaann,edan
gw,gue
nempel,menempel
yg,yang
udah,sudah
ga,tidak
bangettttt,banget
hatiiii,hati
sukkaa,suka
sukaa,suka
sukaaa,suka
sm,sama
luuuucuuu,lucu
caantiiik,cantik
lucuuu,lucu
kaka,kakak
dapetin,mendapatkan
prodak,produk
ga,tidak
trims,terima kasih
yah,ya
luucuuu,lucu
bngt,banget
ngambek,mengambek
lucuuu,lucu
cantikk,cantik
bgt,banget
cantikk,cantik
hnya,hanya
putihh,putih
yg,yang
lohh,loh
ga,tidak
yg,yang
ga,tidak
"terus""an",terus-terusan
sihh,sih
ntar,entar
nyesel,menyesal
lohh,loh
gemez,gemas
yah,ya
lutuna,lucunya
bnget,banget
bgt,banget
siiih,sih
gemes,gemas
yuu,yuk
gemes,gemas
ternyataa,ternyata
rekomendasiin,rekomendasikan
cantikk,cantik
pollll,pol
sekaliiii,sekali
yaaa,ya
ga,tidak
peduliin,mempedulikan
org,orang
komntr,komentar
aj,saja
mcm,macam
yg,yang
kk,kakak
hrus,harus
smngat,semangat
dosax,dosanya
pahalax,pahalanya
kk,kakak
yg,yang
sy,saya
dgn,dengan
kk,kakak
org,orang
d,di
akhirt,akhirat
krn,karena
lgsung,langsung
dr,dari
qt,kita
tinggalkn,tinggalkan
rumh,rumah
tnpa,tanpa
mk,maka
dosax,dosanya
ga,tidak
bs,bisa
trhtung,terhitung
lg,lagi
kk,kakak
cantikkkkk,cantik
bget,banget
tteh,teteh
naaaa,nya
ademmm,adem
lanjutin,lanjutkan
akuu,aku
sukaa,suka
bangett,banget
samaa,sama
kaka,kakak
udh,sudah
cerdass,cerdas
cantikk,cantik
lagii,lagi
pake,pakai
hijabb,hijab
tambahh,tambah
polll,pol
cantiknyaa,cantiknya
cantikk,cantik
kaa,kak
kaa,kak
didengerin,didengarkan
kaa,kak
dlu,dulu
mantapppppp,mantap
kl,kalau
blm,belum
bs,bisa
wktu,waktu
ngerespon,merespons
yg,yang
tehh,teh
diemin,diamkan
ahh,ah
yg,yang
dulurrr,dulur
tetehh,teteh
slalu,selalu
brusaha,berusaha
pahamin,memahami
klo,kalau
yg,yang
lebh,lebih
krna,karena
alloh,allah
smoga,semoga
slalu,selalu
aminn,amin
amin2,amin-amin
sm,sama
yg,yang
ksh,kasih
positippp,positif
hrs,harus
smg,semoga
yg,yang
qta,kita
utk,untuk
skrg,sekarang
yg,yang
jauuhhh,jauh
lbh,lebih
lg,lagi
semangatt,semangat
trs,terus
sneng,senang
liat,lihat
k',kak
brhjb,berhijab
mdh2n,mudah-mudahan
bsa,bisa
slmnya,salamnya
k',kak
amiiin,amin
jlbb,jilbab
dempga,semoga
selmnya,selamanya
pke,pakai
tth,teteh
aamiin,amin
otot2,otot-otot
dgn,dengan
lengkeeett,lengket
caaannnttiikkk,cantik
bgt,banget
pake,pakai
wahh,wah
kemaren,kemarin
kaaa,kak
sukaaaa,suka
bgt,banget
cantikkk,cantik
jgn,jangan
y,ya
tmbh,tambah
trusss,terus
kk,kakak
kk,kakak
gn,begini
sm,sama
ademm,adem
apalagiii,apalagi
passs,pas
beginii,begini
satuu,satu
udh,sudah
lahh,lah
cuantek,cantik
bgt,banget
akuuuur,akur
jd,jadi
sm,sama
kerennnn,keren
iniehh,ini
bangettt,banget
dehhh,deh
bgtu,begitu
sayangx,sayangnya
gk,tidak
jd,jadi
jodohx,jodohnya
bgmn,bagaimana
lg,lagi
kaliaan,kalian
sm2,sama-sama
haslnya,hasilnya
stlh,setelah
skrng,sekarang
ak,aku
kencng,kencang
jg,juga
kk,kakak
bgt,banget
trus,terus
sm,sama
kk,kakak
jgn,jangan
bundaa,bunda
klu,kalau
laki2,laki-laki
bgitu,begitu
msh,masih
jng,jangan
krn,karena
neh,nih
kluarga,keluarga
pmbantu,pembantu
yg,yang
y,ya
gg,tidak
nahan,menahan
emng,memang
smga,semoga
kmbl,kembali
ad,ada
kmbali,kembali
kpd,kepada
amiiiin,amin
bru,baru
cuchook,cocok
kloop,klop
sempurnaa,sempurna
sneng,senang
bnget,banget
inii,ini
klrga,keluarga
kyk,kayak
dlu,dulu
klihatan,kelihatan
cintax,cintanya
bgtu,begitu
ma,sama
pnuh,penuh
skrg,sekarang
g,tidak
ngrti,mengerti
lg,lagi
ap,apa
artix,artinya
smoga,semoga
lg,lagi
trlalu,terlalu
untk,untuk
"mudah""an",mudah-mudahan
dpt,dapat
yg,yang
lbh,lebih
"segala""ny",segala-galanya
dr,dari
mantanny,mantannya
yg,yang
y,ya
org,orang
pst,pasti
jodohny,jodohnya
org,orang
jg,juga
anak2nya,anak-anaknya
smoga,semoga
dpt,dapat
yg,yang
amiiin,amin
cocokkk,cocok
cantk,cantik
ituuu,itu
gak,tidak
nyesel,menyesal
seneng,senang
ngeliat,melihat
gk,tidak
tdk,tidak
gk,tidak
knpa,kenapa
kaasian,kasihan
smua,semua
dpt,dapat
laki2,laki-laki
tp,tapi
padhl,padahal
"ank""",anak-anak
d,di
pkrin,pikirkan
kn,kan
anakx,anaknya
yg,yang
jagain,menjaga
jngan,jangan
sia2kan,sia-siakan
klian,kalian
masi,masih
jdi,jadi
pgn,pengin
mauu,mau
wowww,wow
naaahhh,nah
km,kamu
blm,belum
beluumm,belum
sayangggq,sayangku
bsk,besok
woow,wow
kreean,keren
banger,banget
ciiieee,cie
cieee,cie
cieeee,cie
berenanh,berenang
yuuk,yuk
yukk,yuk
pacarr,pacar
kuu,ku
pen,pengin
bingitss,banget
besokkk,besok
anjirrrr,anjir
jdi,jadi
pcrn,pacaran
bngt,banget
gk,tidak
annnnjjjjjjrrrr,anjir
brp,berapa
dehh,deh
ngeliatin,melihati
org,orang
trmasuk,termasuk
anak2,anak-anak
trll,terlalu
ngumbar2,mengumbar-umbar
brdua,berdua
romantiss,romantis
bgt,banget
ciee,cie
cocook,cocok
syg,sayang
lucuuuuuuuu,lucu
yank,sayang
lucuuuuu,lucu
kaaaaaann,kan
nyaaaaaaa,nya
lgs,langsung
yaang,yang
ga,tidak
ngeluarin,mengeluarkan
lagiiii,lagi
bangedt,banget
bgt,banget
dahh,dah
njir,anjir
bgt,banget
gde,gede
bgt,banget
gn,begini
lutunaaa,lucunya
bgt,banget
bikinnn,bikin
keee,ke
bungkuuussss,bungkus
bgt,banget
pngn,pengin
pnya,punya
kyk,kayak
lucux,lucunya
lucuu,lucu
gemes,gemas
lucuu,lucu
bntr,bentar
lg,lagi
jgn,jangan
bgt,banget
c,sih
gemesss,gemas
bangettt,banget
yaa,ya
buanyaaak,banyak
aaamiiinnn,amin
aamiin,amin
aaamiiin,amin
aamiin,amin
ntap,mantap
abgnyaah,abangnya
abg,abang
mungkiin,mungkin
akuhh,aku
amiin,amin
pastii,pasti
foto2,foto-foto
yukkk,yuk
bgt,banget
ngelihat,melihat
lbh,lebih
manteb,mantap
hiduupppp,hidup
org,orang
lucu2,lucu-lucu
yak,ya
tebel,tebal
bgt,banget
bkn,bukan
orng,orang
nganggepin,menanggapi
nganggepin,menanggapi
ttp,tetap
"mentang""",mentang-mentang
gk,tidak
ky,kaya
najiss,najis
ngarep,mengharap
lg,lagi
gw,gue
jgan,jangan
gw,gue
perjabatt,pejabat
yg,yang
baikk,baik
tp,tapi
org2,orang-orang
cm,cuma
knp,kenapa
makany,makanya
jngn,jangan
bangettt,banget
semngat,semangat
benneeeeeerr,benar
pede,percaya diri
males,malas
ama,sama
krjaan,pekerjaan
pnting,penting
jga,juga
bkan,bukan
kdng,kadang
kdang,kadang
knan,kanan
kdng,kadang
tdk,tidak
ginii,begini
ngaca,mengaca
ngerasa,merasa
ngeri2,ngeri-ngeri
"mentang""",mentang-mentang
anak'y,anaknya
udh,sudah
trknal,terkenal
ajah,saja
gak,tidak
"gtu""",begitu-gitu
klok,kalau
org,orang
yg,yang
yaa,ya
aamiiiinnnnn,amin
iyaa,iya
kerenn,keren
nnti,nanti
kmu,kamu
kek,kayak
gtu,begitu
jg,juga
brpa,berapa
ky,kaya
kmren,kemarin
bgt,banget
jg,juga
ksh,kasih
kerenn,keren
kannn,kan
pengennnn,pengin
kann,kan
iyaa,iya
kerenn,keren
pengen,pengin
tp,tapi
dlu,dulu
bgt,banget
sama2,sama-sama
emg,memang
guw,gue
jd,jadi
ccok,cocok
ihh,ih
sbnrny,sebenarnya
lbh,lebih
jugaaa,juga
iyaaa,iya
pdhal,padahal
bgt,banget
pdhal,padahal
jd,jadi
gituh,begitu
bgt,banget
bgt,banget
yaaa,ya
bngett,banget
g,tidak
stuju,setuju
dpt,dapat
bgt,banget
kl,kalau
jd,jadi
bgt,banget
sma,sama
gk,tidak
siiiiiiippppppppp,sip
selaloe,selalu
mauuuu,mau
donggg,dong
bgt,banget
beruntungnyaaaa,beruntungnya
inii,ini
dr,dari
dlu,dulu
klo,kalau
sma,sama
bngtttt,banget
bngtttt,banget
soal'y,soalnya
smga,semoga
trs,terus
y,ya
bgt,banget
udh,sudah
prhatian,perhatian
jd,jadi
pulak,pula
hebaat,hebat
lahh,lah
bgt,banget
ma,sama
inih,ini
ampunn,ampun
gueeeee,gue
mbk,mbak
bnget,banget
sma,sama
ngiri,mengiri
liatt,lihat
gehh,gih
ankknyaaa,anaknya
bgt,banget
udah,sudah
liat,lihat
bgt,banget
bgt,banget
ma,sama
syg,sayang
centilnyaaaaaa,centilnya
gemesshzzzzhzzhzhzhsjssjs,gemas
bgtt,banget
ngacaaa,mengaca
diaaa,dia
gemes,gemas
bgt,banget
jd,jadi
pngn,pengin
ktmu,ketemu
bgt,banget
jirr,anjir
bgt,banget
dahh,dah
kayaa,kaya
gt,begitu
yaaa,ya
cempreeng,cempreng
centillll,centil
pcran,pacaran
bnget,banget
bgt,banget
ama,sama
bgt,banget
jugak,juga
jg,juga
dlu,dulu
pengen,pengin
mantep,mantap
anedh,banget
ampyunnnn,ampun
boro2,boro-boro
emg,memang
bkn,bukan
tp,tapi
suka2,suka-suka
emg,memang
nyta,nyata
kampungn,kampungan
lg,lagi
bru,baru
jd,jadi
j,saja
dh,dah
gt,begitu
mna,mana
jgn,jangan
pkai,pakai
klw,kalau
mnghina,menghina
org,orang
dri,dari
ngolokin,mengolok
org,orang
ngurusin,mengurus
blum,belum
bener,benar
ngurusin,mengurusi
"syirik""",syirik-syirik
bener,benar
bng,bang
ud,sudah
gk,tidak
than,tahan
lg,lagi
dsr,dasar
siriik,sirik
ituu,itu
mampuuu,mampu
org,orang
mo,mau
lbh,lebih
klo,kalau
aq,aku
yg,yang
km,kamu
khan,kan
q,ku
slalu,selalu
km,kamu
dgn,dengan
q,ku
jd,jadi
pngen,pengin
ky,kaya
aduuhh,aduh
cemburuu,cemburu
k,ke
aq,aku
bangettt,banget
cucok,cocok
bingitzzzz,banget
ngarep,mengharap
bget,banget
tlog,tolong
jga,juga
apasihhh,apasih
pda,pada
sirikk,sirik
sma,sama
smpe,sampai
gk,tidak
kalii,kali
kaliann,kalian
dbnding,dibanding
sma,sama
nrka,neraka
pda,pada
ngurusin,mengurusi
org,orang
s3ndiri,sendiri
jgn,jangan
dngerin,mendengarkan
yg,yang
pnting,penting
ttep,tetap
smangat,semangat
ortu,orang tua
kk,kakak
yg,yang
bnyk,banyak
bhgiain,membahagiakan
kdua,kedua
org,orang
kk,kakak
mreka,mereka
gk,tidak
pd,pada
gimana,bagaimana
jd,jadi
kk,kakak
yg,yang
skrg,sekarang
mreka,mereka
hnya,hanya
sm,sama
yg,yang
udh,sudah
d,di
sm,sama
kk,kakak
pdhal,padahal
udh,sudah
aja,saja
sma,sama
bgt,banget
kk,kakak
bgt,banget
klo,kalau
sma,sama
k,kak
prcya,percaya
k,kak
bgt,banget
sma,sama
org,orang
liat,lihat
kk,kakak
bkln,bakalan
bhagaia,bahagia
lhir,lahir
sma,sama
cuco,cocok
bngt,banget
bgt,banget
usahh,usah
genittt,genit
yahh,ya
kx,kak
mlikk,milik
kasian,kasihan
k,kak
"mentah""",mentah-mentah
kata2,kata-kata
blm,belum
ga,tidak
ngurusin,mengurusi
idup,hidup
org,orang
aja,saja
gimana,bagaimana
emg,memang
engga,tidak
canci,cantik
aneed,banget
make,memakai
gimanaa,bagaimana
cantikkk,cantik
gimna,bagaimana
jdi,jadi
gitu,begitu
ngikutin,mengikuti
gak,tidak
yah,ya
lainnn,lain
pentingg,penting
pake,pakai
yg,yang
gmn,bagaimana
kenalin,memperkenalkan
kk,kakak
make,memakai
bgd,banget
cans,cantik
pake,pakai
bagaimanaaa,bagaimana
krudung,kerudung
gimana,bagaimana
bangeet,banget
cans,cantik
bgt,banget
canci,cantik
bangett,banget
enakkkkk,enak
poool,pol
woow,wow
jirrrr,anjir
gni,begini
bat,banget
liat,lihat
yg,yang
oprasiya,operasinya
gak,tidak
emg,memang
mksh,terima kasih
yaa,ya
ma,sama
uwee,gue
mh,mah
dak,indak
pilihannny,pilihannya
itumahh,itumah
muuuu,mu
yuuk,yuk
uuhhh,uh
gw,gue
doank,doang
ma,sama
idung,hidung
ma,sama
bnyak,banyak
kk,kakak
berbakiti,berbakti
tetep,tetap
tehh,teh
alhamd,alhamdulillah
tebel,tebal
yaaa,ya
jd,jadi
ortu,orang tua
amiien,amien
udh,sudah
makasi,terima kasih
slmttt,selamat
kk,kakak
ucapin,mengucapkan
krn,karena
hbs,habis
tetp,tetap
yaa,ya
ditengah2,ditengah-tengah
semuanyaa,semuanya
donk,dong
mbk,mbak
idung,hidung
kya,kaya
smoga,semoga
yg,yang
semuannyaaa,semuanya
aminn2,amin-amin
aamiin,amin
kpn,kapan
ngareppppp,mengharap
tp,tapi
abs,habis
bnr2,benar-benar
kebnyak'an,kebanyakan
org,orang
abs,habis
melahirin,melahirkan
hbis,habis
ngeluarin,mengeluarkan
sma,sama
kmu,kamu
dlu,dulu
ngga,tidak
hdup,hidup
kaa,kak
pengen,pengin
mantapp,mantap
tetep,tetap
sempet,sempat
pake,pakai
aduuuh,aduh
cakeep,cakep
lucuu,lucu
ajaa,saja
tetep,tetap
cantiiikk,cantik
nyaaaa,nya
tu,itu
lhooo,loh
gituuu,begitu
emg,memang
kamuuuu,kamu
jg,juga
cm,cuma
ga,tidak
bagi2,bagi-bagi
donk,dong
mb,mbak
rempong,repot
kasi,kasih
dg,dengan
waah,wah
sdh,sudah
skrg,sekarang
klo,kalau
psti,pasti
kerass,keras
gimn,bagaimana
kk,kakak
kasi,kasih
donk,dong
bs,bisa
kk,kakak
donk,dong
kren,keren
neh,nih
smogaaa,semoga
biza,bisa
sperti,seperti
kk,kakak
aamien,amien
lngsing,langsing
org,orang
yg,yang
ngmg,mengomong
uda,sudah
ga,tidak
pake,pakai
emang,memang
jg,juga
ttep,tetap
wowoooww,wow
trun,turun
ky,kaya
k,kak
aq,aku
dr,dari
smnjak,semenjak
blom,belum
k,ke
smulla,semula
pdhall,padahal
blln,bulan
masi,masih
gile,gila
gw,gue
kl,kalau
sich,sih
pgn,ingin
senang2,senang-senang
jh,saja
seh,sih
nggak,tidak
kereeennnn,keren
donk,dong
ngancurin,hancur
kon,kontol
pantes,pantas
anj,anjing
hadehhh,hadeh
lum,belum
arrrgghhgggg....,argh
kacao,kacau
emang,memang
dcampur,dicampur
slowslow,santai
ancurr,hancur
ancur,hancur
cok,jancuk
silakan,silahkan
problem,masalah
awat,rawat
bahalol,bahlul
setujuh,setuju
ngerti,paham
bengkokk,bengkok
amangak?,aman tidak?
enek,eneg
ngelu,eluh
memusnakan,musnah
tuman,kebiasaan buruk
ngene,begini
bool,pantat
bo,pantat
gwendeng,gila
laen,lain
guuanthenggg,ganteng
